entity,entityLabel,lat,lng,type,Neolith,Chalcolithic,Eearly Bronze,Middle Bronze,Late Bronze,Early Iron,Late Iron,Helenistic,Roman,Byzantine,Early Muslim,Crusaders,Ottoman,Modern
https://timna-database.wikibase.cloud/entity/Q655,Site_710,34.96017158,29.7684146,Cultic ,TRUE,FALSE,FALSE,FALSE,TRUE,TRUE,FALSE,FALSE,FALSE,FALSE,FALSE,FALSE,FALSE,FALSE
https://timna-database.wikibase.cloud/entity/Q655,Site_710,34.96017158,29.7684146,Burial,TRUE,FALSE,FALSE,FALSE,TRUE,TRUE,FALSE,FALSE,FALSE,FALSE,FALSE,FALSE,FALSE,FALSE
https://timna-database.wikibase.cloud/entity/Q655,Site_710,34.96017158,29.7684146,Petroglyph,TRUE,FALSE,FALSE,FALSE,TRUE,TRUE,FALSE,FALSE,FALSE,FALSE,FALSE,FALSE,FALSE,FALSE
https://timna-database.wikibase.cloud/entity/Q655,Site_710,34.96017158,29.7684146,Unknown,TRUE,FALSE,FALSE,FALSE,TRUE,TRUE,FALSE,FALSE,FALSE,FALSE,FALSE,FALSE,FALSE,FALSE
https://timna-database.wikibase.cloud/entity/Q562,Site_022,34.92745837,29.78245022,Mining_Shaft,TRUE,TRUE,TRUE,FALSE,TRUE,TRUE,FALSE,FALSE,FALSE,FALSE,FALSE,FALSE,FALSE,FALSE
https://timna-database.wikibase.cloud/entity/Q562,Site_022,34.92745837,29.78245022,Mining,TRUE,TRUE,TRUE,FALSE,TRUE,TRUE,FALSE,FALSE,FALSE,FALSE,FALSE,FALSE,FALSE,FALSE
https://timna-database.wikibase.cloud/entity/Q655,Site_710,34.96017158,29.7684146,Pottery_Scatter,TRUE,FALSE,FALSE,FALSE,TRUE,TRUE,FALSE,FALSE,FALSE,FALSE,FALSE,FALSE,FALSE,FALSE
https://timna-database.wikibase.cloud/entity/Q655,Site_710,34.96017158,29.7684146,Flint_Scatter,TRUE,FALSE,FALSE,FALSE,TRUE,TRUE,FALSE,FALSE,FALSE,FALSE,FALSE,FALSE,FALSE,FALSE
https://timna-database.wikibase.cloud/entity/Q655,Site_710,34.96017158,29.7684146,Stone_Feature,TRUE,FALSE,FALSE,FALSE,TRUE,TRUE,FALSE,FALSE,FALSE,FALSE,FALSE,FALSE,FALSE,FALSE
https://timna-database.wikibase.cloud/entity/Q655,Site_710,34.96017158,29.7684146,Unknown,TRUE,FALSE,FALSE,FALSE,TRUE,TRUE,FALSE,FALSE,FALSE,FALSE,FALSE,FALSE,FALSE,FALSE
https://timna-database.wikibase.cloud/entity/Q562,Site_022,34.92745837,29.78245022,Mining_Field,TRUE,TRUE,TRUE,FALSE,TRUE,TRUE,FALSE,FALSE,FALSE,FALSE,FALSE,FALSE,FALSE,FALSE
https://timna-database.wikibase.cloud/entity/Q562,Site_022,34.92745837,29.78245022,Stone_Feature,TRUE,TRUE,TRUE,FALSE,TRUE,TRUE,FALSE,FALSE,FALSE,FALSE,FALSE,FALSE,FALSE,FALSE
https://timna-database.wikibase.cloud/entity/Q554,Site_023,34.92878794,29.78786567,Mining_Field,FALSE,FALSE,FALSE,FALSE,TRUE,TRUE,FALSE,FALSE,FALSE,FALSE,FALSE,FALSE,FALSE,FALSE
https://timna-database.wikibase.cloud/entity/Q554,Site_023,34.92878794,29.78786567,Mining_Shaft,FALSE,FALSE,FALSE,FALSE,TRUE,TRUE,FALSE,FALSE,FALSE,FALSE,FALSE,FALSE,FALSE,FALSE
https://timna-database.wikibase.cloud/entity/Q554,Site_023,34.92878794,29.78786567,Mining,FALSE,FALSE,FALSE,FALSE,TRUE,TRUE,FALSE,FALSE,FALSE,FALSE,FALSE,FALSE,FALSE,FALSE
https://timna-database.wikibase.cloud/entity/Q704,Site_761,34.93010148,29.78403442,Stone_Feature,FALSE,TRUE,TRUE,FALSE,TRUE,TRUE,FALSE,FALSE,FALSE,FALSE,FALSE,FALSE,FALSE,FALSE
https://timna-database.wikibase.cloud/entity/Q640,Site_640,34.95482486,29.77295129,Cairn,FALSE,FALSE,FALSE,FALSE,TRUE,TRUE,FALSE,FALSE,FALSE,FALSE,FALSE,FALSE,FALSE,FALSE
https://timna-database.wikibase.cloud/entity/Q588,Site_200,34.95638847,29.76786629,Shrine,FALSE,TRUE,FALSE,FALSE,TRUE,TRUE,FALSE,FALSE,TRUE,FALSE,FALSE,FALSE,FALSE,FALSE
https://timna-database.wikibase.cloud/entity/Q571,Site_087,34.96081381,29.79785179,Mining,FALSE,FALSE,FALSE,FALSE,FALSE,FALSE,FALSE,FALSE,TRUE,FALSE,TRUE,FALSE,FALSE,FALSE
https://timna-database.wikibase.cloud/entity/Q640,Site_640,34.95482486,29.77295129,Burial,FALSE,FALSE,FALSE,FALSE,TRUE,TRUE,FALSE,FALSE,FALSE,FALSE,FALSE,FALSE,FALSE,FALSE
https://timna-database.wikibase.cloud/entity/Q704,Site_761,34.93010148,29.78403442,Mining_Field,FALSE,TRUE,TRUE,FALSE,TRUE,TRUE,FALSE,FALSE,FALSE,FALSE,FALSE,FALSE,FALSE,FALSE
https://timna-database.wikibase.cloud/entity/Q640,Site_640,34.95482486,29.77295129,Stone_Feature,FALSE,FALSE,FALSE,FALSE,TRUE,TRUE,FALSE,FALSE,FALSE,FALSE,FALSE,FALSE,FALSE,FALSE
https://timna-database.wikibase.cloud/entity/Q588,Site_200,34.95638847,29.76786629,Workshop,FALSE,TRUE,FALSE,FALSE,TRUE,TRUE,FALSE,FALSE,TRUE,FALSE,FALSE,FALSE,FALSE,FALSE
https://timna-database.wikibase.cloud/entity/Q640,Site_640,34.95482486,29.77295129,Tumulus,FALSE,FALSE,FALSE,FALSE,TRUE,TRUE,FALSE,FALSE,FALSE,FALSE,FALSE,FALSE,FALSE,FALSE
https://timna-database.wikibase.cloud/entity/Q708,Site_768,34.94368353,29.76673226,Stone_Feature,FALSE,FALSE,FALSE,FALSE,FALSE,FALSE,FALSE,FALSE,FALSE,FALSE,FALSE,FALSE,FALSE,FALSE
https://timna-database.wikibase.cloud/entity/Q704,Site_761,34.93010148,29.78403442,Mining,FALSE,TRUE,TRUE,FALSE,TRUE,TRUE,FALSE,FALSE,FALSE,FALSE,FALSE,FALSE,FALSE,FALSE
https://timna-database.wikibase.cloud/entity/Q1072,Site_787,34.94618085,29.77191968,NA,FALSE,FALSE,FALSE,FALSE,FALSE,FALSE,FALSE,FALSE,FALSE,FALSE,FALSE,FALSE,FALSE,FALSE
https://timna-database.wikibase.cloud/entity/Q714,Site_770,34.9441751,29.76456815,Cairn,FALSE,FALSE,FALSE,FALSE,FALSE,FALSE,FALSE,FALSE,TRUE,TRUE,FALSE,FALSE,FALSE,FALSE
https://timna-database.wikibase.cloud/entity/Q687,Site_740,34.98271471,29.80986135,Cairn,FALSE,FALSE,FALSE,FALSE,FALSE,FALSE,FALSE,FALSE,FALSE,FALSE,FALSE,FALSE,FALSE,FALSE
https://timna-database.wikibase.cloud/entity/Q1073,Site_788,34.946091,29.772039,Stone_Feature,FALSE,FALSE,FALSE,FALSE,FALSE,FALSE,FALSE,FALSE,FALSE,FALSE,FALSE,FALSE,FALSE,FALSE
https://timna-database.wikibase.cloud/entity/Q707,Site_767,34.94097421,29.75102104,Stone_Feature,FALSE,FALSE,FALSE,FALSE,FALSE,FALSE,FALSE,FALSE,FALSE,FALSE,FALSE,FALSE,FALSE,FALSE
https://timna-database.wikibase.cloud/entity/Q708,Site_768,34.94368353,29.76673226,Tumulus,FALSE,FALSE,FALSE,FALSE,FALSE,FALSE,FALSE,FALSE,FALSE,FALSE,FALSE,FALSE,FALSE,FALSE
https://timna-database.wikibase.cloud/entity/Unknown3,Site_784,34.94686111,29.77147222,Stone_Feature,FALSE,FALSE,FALSE,FALSE,FALSE,FALSE,FALSE,FALSE,FALSE,FALSE,FALSE,FALSE,FALSE,FALSE
https://timna-database.wikibase.cloud/entity/Q1642,Site_904,34.97077778,29.76666667,Stone_Structure,FALSE,FALSE,FALSE,FALSE,FALSE,FALSE,FALSE,FALSE,FALSE,FALSE,FALSE,FALSE,FALSE,FALSE
https://timna-database.wikibase.cloud/entity/Q1073,Site_788,34.946091,29.772039,Tumulus,FALSE,FALSE,FALSE,FALSE,FALSE,FALSE,FALSE,FALSE,FALSE,FALSE,FALSE,FALSE,FALSE,FALSE
https://timna-database.wikibase.cloud/entity/Q1074,Site_789,34.9460058,29.77205426,NA,FALSE,FALSE,FALSE,FALSE,FALSE,FALSE,FALSE,FALSE,FALSE,FALSE,FALSE,FALSE,FALSE,FALSE
https://timna-database.wikibase.cloud/entity/Q707,Site_767,34.94097421,29.75102104,Tumulus,FALSE,FALSE,FALSE,FALSE,FALSE,FALSE,FALSE,FALSE,FALSE,FALSE,FALSE,FALSE,FALSE,FALSE
https://timna-database.wikibase.cloud/entity/Q1072,Site_787,34.94618085,29.77191968,Stone_Feature,FALSE,FALSE,FALSE,FALSE,FALSE,FALSE,FALSE,FALSE,FALSE,FALSE,FALSE,FALSE,FALSE,FALSE
https://timna-database.wikibase.cloud/entity/Q1748,Site_898,34.98611111,29.79833333,Unknown,FALSE,FALSE,FALSE,FALSE,FALSE,FALSE,FALSE,FALSE,FALSE,FALSE,FALSE,FALSE,FALSE,FALSE
https://timna-database.wikibase.cloud/entity/Q1071,Site_786,34.946404,29.772313,NA,FALSE,FALSE,FALSE,FALSE,FALSE,FALSE,FALSE,FALSE,FALSE,FALSE,FALSE,FALSE,FALSE,FALSE
https://timna-database.wikibase.cloud/entity/Q670,Site_726,34.99000976,29.80393748,Stone_Feature,FALSE,FALSE,FALSE,FALSE,FALSE,FALSE,FALSE,FALSE,FALSE,FALSE,FALSE,FALSE,FALSE,FALSE
https://timna-database.wikibase.cloud/entity/Q709,Site_769,34.94208774,29.76408591,Burial,FALSE,FALSE,FALSE,FALSE,FALSE,FALSE,FALSE,FALSE,FALSE,FALSE,FALSE,FALSE,FALSE,FALSE
https://timna-database.wikibase.cloud/entity/Q1633,Site_895,34.98583333,29.79555556,Stone_Feature,FALSE,FALSE,FALSE,FALSE,FALSE,FALSE,FALSE,FALSE,FALSE,FALSE,FALSE,FALSE,FALSE,FALSE
https://timna-database.wikibase.cloud/entity/Q714,Site_770,34.9441751,29.76456815,Mining_Shaft4,FALSE,FALSE,FALSE,FALSE,FALSE,FALSE,FALSE,FALSE,TRUE,TRUE,FALSE,FALSE,FALSE,FALSE
https://timna-database.wikibase.cloud/entity/Q1749,Site_899,34.98583333,29.79833333,Unknown,FALSE,FALSE,FALSE,FALSE,FALSE,FALSE,FALSE,FALSE,FALSE,FALSE,FALSE,FALSE,FALSE,FALSE
https://timna-database.wikibase.cloud/entity/Q1074,Site_789,34.9460058,29.77205426,Stone_Feature,FALSE,FALSE,FALSE,FALSE,FALSE,FALSE,FALSE,FALSE,FALSE,FALSE,FALSE,FALSE,FALSE,FALSE
https://timna-database.wikibase.cloud/entity/Q714,Site_770,34.9441751,29.76456815,Burial,FALSE,FALSE,FALSE,FALSE,FALSE,FALSE,FALSE,FALSE,TRUE,TRUE,FALSE,FALSE,FALSE,FALSE
https://timna-database.wikibase.cloud/entity/Q669,Site_725,34.98959414,29.80481186,Flint_Scatter,FALSE,FALSE,FALSE,FALSE,FALSE,FALSE,FALSE,FALSE,FALSE,FALSE,FALSE,FALSE,FALSE,FALSE
https://timna-database.wikibase.cloud/entity/Q1071,Site_786,34.946404,29.772313,Stone_Feature,FALSE,FALSE,FALSE,FALSE,FALSE,FALSE,FALSE,FALSE,FALSE,FALSE,FALSE,FALSE,FALSE,FALSE
https://timna-database.wikibase.cloud/entity/Q708,Site_768,34.94368353,29.76673226,Cairn,FALSE,FALSE,FALSE,FALSE,FALSE,FALSE,FALSE,FALSE,FALSE,FALSE,FALSE,FALSE,FALSE,FALSE
https://timna-database.wikibase.cloud/entity/Q1750,Site_900,34.98083333,29.795,Unknown,FALSE,FALSE,FALSE,FALSE,FALSE,FALSE,FALSE,FALSE,FALSE,FALSE,FALSE,FALSE,FALSE,FALSE
https://timna-database.wikibase.cloud/entity/Q1787,Site_911,34.9725,29.7925,Stone_Feature,FALSE,FALSE,FALSE,FALSE,FALSE,FALSE,FALSE,FALSE,FALSE,FALSE,FALSE,FALSE,FALSE,FALSE
https://timna-database.wikibase.cloud/entity/Q707,Site_767,34.94097421,29.75102104,Cairn,FALSE,FALSE,FALSE,FALSE,FALSE,FALSE,FALSE,FALSE,FALSE,FALSE,FALSE,FALSE,FALSE,FALSE
https://timna-database.wikibase.cloud/entity/Q707,Site_767,34.94097421,29.75102104,Predator_Trap,FALSE,FALSE,FALSE,FALSE,FALSE,FALSE,FALSE,FALSE,FALSE,FALSE,FALSE,FALSE,FALSE,FALSE
https://timna-database.wikibase.cloud/entity/Q709,Site_769,34.94208774,29.76408591,Stone_Feature,FALSE,FALSE,FALSE,FALSE,FALSE,FALSE,FALSE,FALSE,FALSE,FALSE,FALSE,FALSE,FALSE,FALSE
https://timna-database.wikibase.cloud/entity/Q704,Site_761,34.93010148,29.78403442,Mining_Field_Placer,FALSE,TRUE,TRUE,FALSE,TRUE,TRUE,FALSE,FALSE,FALSE,FALSE,FALSE,FALSE,FALSE,FALSE
https://timna-database.wikibase.cloud/entity/Q714,Site_770,34.9441751,29.76456815,Stone_Feature,FALSE,FALSE,FALSE,FALSE,FALSE,FALSE,FALSE,FALSE,TRUE,TRUE,FALSE,FALSE,FALSE,FALSE
https://timna-database.wikibase.cloud/entity/Q1179,Site_M104,34.987715,29.806953,NA,FALSE,FALSE,FALSE,FALSE,FALSE,FALSE,FALSE,FALSE,FALSE,FALSE,FALSE,FALSE,FALSE,FALSE
https://timna-database.wikibase.cloud/entity/Q687,Site_740,34.98271471,29.80986135,Stone_Feature,FALSE,FALSE,FALSE,FALSE,FALSE,FALSE,FALSE,FALSE,FALSE,FALSE,FALSE,FALSE,FALSE,FALSE
https://timna-database.wikibase.cloud/entity/Q709,Site_769,34.94208774,29.76408591,Tumulus,FALSE,FALSE,FALSE,FALSE,FALSE,FALSE,FALSE,FALSE,FALSE,FALSE,FALSE,FALSE,FALSE,FALSE
https://timna-database.wikibase.cloud/entity/Q1664,Site_909,34.98057306,29.80253167,Stone_Feature,FALSE,FALSE,FALSE,FALSE,FALSE,FALSE,FALSE,FALSE,FALSE,FALSE,FALSE,FALSE,FALSE,FALSE
https://timna-database.wikibase.cloud/entity/Q669,Site_725,34.98959414,29.80481186,Stone_Feature,FALSE,FALSE,FALSE,FALSE,FALSE,FALSE,FALSE,FALSE,FALSE,FALSE,FALSE,FALSE,FALSE,FALSE
https://timna-database.wikibase.cloud/entity/Q714,Site_770,34.9441751,29.76456815,Tumulus,FALSE,FALSE,FALSE,FALSE,FALSE,FALSE,FALSE,FALSE,TRUE,TRUE,FALSE,FALSE,FALSE,FALSE
https://timna-database.wikibase.cloud/entity/Q1751,Site_901,34.98083333,29.79166667,Stone_Feature,FALSE,FALSE,FALSE,FALSE,FALSE,FALSE,FALSE,FALSE,FALSE,FALSE,FALSE,FALSE,FALSE,FALSE
https://timna-database.wikibase.cloud/entity/Q708,Site_768,34.94368353,29.76673226,Burial,FALSE,FALSE,FALSE,FALSE,FALSE,FALSE,FALSE,FALSE,FALSE,FALSE,FALSE,FALSE,FALSE,FALSE
https://timna-database.wikibase.cloud/entity/Q1636,Site_902,34.9725,29.7925,t94018,FALSE,FALSE,FALSE,FALSE,FALSE,FALSE,FALSE,FALSE,FALSE,FALSE,FALSE,FALSE,FALSE,FALSE
https://timna-database.wikibase.cloud/entity/Q707,Site_767,34.94097421,29.75102104,Burial,FALSE,FALSE,FALSE,FALSE,FALSE,FALSE,FALSE,FALSE,FALSE,FALSE,FALSE,FALSE,FALSE,FALSE
https://timna-database.wikibase.cloud/entity/Q1634,Site_896,34.99083333,29.79722222,Unknown,FALSE,FALSE,FALSE,FALSE,FALSE,FALSE,FALSE,FALSE,FALSE,FALSE,FALSE,FALSE,FALSE,FALSE
https://timna-database.wikibase.cloud/entity/Q1073,Site_788,34.946091,29.772039,NA,FALSE,FALSE,FALSE,FALSE,FALSE,FALSE,FALSE,FALSE,FALSE,FALSE,FALSE,FALSE,FALSE,FALSE
https://timna-database.wikibase.cloud/entity/Q1642,Site_904,34.97077778,29.76666667,Stone_Feature,FALSE,FALSE,FALSE,FALSE,FALSE,FALSE,FALSE,FALSE,FALSE,FALSE,FALSE,FALSE,FALSE,FALSE
https://timna-database.wikibase.cloud/entity/Q1407,Site_025-004,34.947736,29.800205,Mining_Shaft,FALSE,FALSE,FALSE,FALSE,TRUE,FALSE,FALSE,FALSE,FALSE,FALSE,FALSE,FALSE,FALSE,FALSE
https://timna-database.wikibase.cloud/entity/Q1637,Site_903,34.98611111,29.79833333,Stone_Feature,FALSE,FALSE,FALSE,FALSE,FALSE,FALSE,FALSE,FALSE,FALSE,FALSE,FALSE,FALSE,FALSE,FALSE
https://timna-database.wikibase.cloud/entity/Q709,Site_769,34.94208774,29.76408591,Cairn,FALSE,FALSE,FALSE,FALSE,FALSE,FALSE,FALSE,FALSE,FALSE,FALSE,FALSE,FALSE,FALSE,FALSE
https://timna-database.wikibase.cloud/entity/Q2341,Site_920,34.99472222,29.76355556,Stone_Feature,FALSE,FALSE,FALSE,FALSE,FALSE,FALSE,FALSE,FALSE,FALSE,FALSE,FALSE,FALSE,FALSE,FALSE
https://timna-database.wikibase.cloud/entity/Q1648,Site_M109,34.945606,29.765537,Mining,FALSE,FALSE,FALSE,FALSE,FALSE,FALSE,FALSE,FALSE,FALSE,FALSE,FALSE,FALSE,FALSE,TRUE
https://timna-database.wikibase.cloud/entity/Q714,Site_770,34.9441751,29.76456815,Pottery_Scatter,FALSE,FALSE,FALSE,FALSE,FALSE,FALSE,FALSE,FALSE,TRUE,TRUE,FALSE,FALSE,FALSE,FALSE
https://timna-database.wikibase.cloud/entity/Q518,Site_035,34.95366269,29.76626441,Stone_Feature,FALSE,FALSE,FALSE,FALSE,TRUE,FALSE,FALSE,FALSE,FALSE,FALSE,FALSE,FALSE,FALSE,FALSE
https://timna-database.wikibase.cloud/entity/Q526,Site_247,34.99974496,29.78782311,Stone_Feature,FALSE,FALSE,TRUE,FALSE,FALSE,FALSE,FALSE,FALSE,TRUE,FALSE,FALSE,FALSE,FALSE,FALSE
https://timna-database.wikibase.cloud/entity/Q507,Site_002,34.94863889,29.78372222,Shrine,FALSE,FALSE,FALSE,FALSE,TRUE,TRUE,FALSE,FALSE,FALSE,FALSE,TRUE,FALSE,FALSE,FALSE
https://timna-database.wikibase.cloud/entity/Q507,Site_002,34.94863889,29.78372222,Pottery_Scatter,FALSE,FALSE,FALSE,FALSE,TRUE,TRUE,FALSE,FALSE,FALSE,FALSE,TRUE,FALSE,FALSE,FALSE
https://timna-database.wikibase.cloud/entity/Q536,Site_737-002,34.97586111,29.80669444,Stone_Feature,FALSE,FALSE,FALSE,FALSE,TRUE,TRUE,FALSE,FALSE,FALSE,FALSE,FALSE,FALSE,FALSE,FALSE
https://timna-database.wikibase.cloud/entity/Q519,Site_039-B,34.99382859,29.76343863,Flint_Scatter,FALSE,TRUE,TRUE,FALSE,FALSE,FALSE,FALSE,FALSE,FALSE,FALSE,FALSE,FALSE,FALSE,FALSE
https://timna-database.wikibase.cloud/entity/Q515,Site_034,34.95115341,29.76906521,Pottery_Scatter,FALSE,FALSE,FALSE,FALSE,FALSE,TRUE,FALSE,FALSE,FALSE,FALSE,FALSE,FALSE,FALSE,FALSE
https://timna-database.wikibase.cloud/entity/Q523,Site_096,34.95022399,29.7440026,Stone_Feature,FALSE,TRUE,TRUE,FALSE,FALSE,FALSE,FALSE,FALSE,FALSE,FALSE,FALSE,FALSE,FALSE,FALSE
https://timna-database.wikibase.cloud/entity/Q507,Site_002,34.94863889,29.78372222,Cairn,FALSE,FALSE,FALSE,FALSE,TRUE,TRUE,FALSE,FALSE,FALSE,FALSE,TRUE,FALSE,FALSE,FALSE
https://timna-database.wikibase.cloud/entity/Q514,Site_030-A,34.94819325,29.77019618,Stone_Feature,FALSE,FALSE,FALSE,FALSE,FALSE,FALSE,FALSE,FALSE,FALSE,FALSE,FALSE,FALSE,FALSE,FALSE
https://timna-database.wikibase.cloud/entity/Q527,Site_250-B,34.99691937,29.79892374,Smelting,FALSE,TRUE,TRUE,FALSE,FALSE,FALSE,FALSE,FALSE,FALSE,FALSE,FALSE,FALSE,FALSE,FALSE
https://timna-database.wikibase.cloud/entity/Q515,Site_034,34.95115341,29.76906521,Cairn,FALSE,FALSE,FALSE,FALSE,FALSE,TRUE,FALSE,FALSE,FALSE,FALSE,FALSE,FALSE,FALSE,FALSE
https://timna-database.wikibase.cloud/entity/Q517,Site_034-C,34.95030265,29.77020025,Smelting,FALSE,FALSE,FALSE,FALSE,FALSE,FALSE,FALSE,FALSE,FALSE,FALSE,TRUE,FALSE,FALSE,FALSE
https://timna-database.wikibase.cloud/entity/Q524,Site_149,35.00285889,29.79250987,Furnace_Smelting,FALSE,FALSE,TRUE,FALSE,FALSE,FALSE,FALSE,FALSE,FALSE,FALSE,FALSE,FALSE,FALSE,FALSE
https://timna-database.wikibase.cloud/entity/Q515,Site_034,34.95115341,29.76906521,Cultic ,FALSE,FALSE,FALSE,FALSE,FALSE,TRUE,FALSE,FALSE,FALSE,FALSE,FALSE,FALSE,FALSE,FALSE
https://timna-database.wikibase.cloud/entity/Q527,Site_250-B,34.99691937,29.79892374,Flint_Scatter,FALSE,TRUE,TRUE,FALSE,FALSE,FALSE,FALSE,FALSE,FALSE,FALSE,FALSE,FALSE,FALSE,FALSE
https://timna-database.wikibase.cloud/entity/Q517,Site_034-C,34.95030265,29.77020025,Flint_Scatter,FALSE,FALSE,FALSE,FALSE,FALSE,FALSE,FALSE,FALSE,FALSE,FALSE,TRUE,FALSE,FALSE,FALSE
https://timna-database.wikibase.cloud/entity/Q527,Site_250-B,34.99691937,29.79892374,Mining_Shaft,FALSE,TRUE,TRUE,FALSE,FALSE,FALSE,FALSE,FALSE,FALSE,FALSE,FALSE,FALSE,FALSE,FALSE
https://timna-database.wikibase.cloud/entity/Q513,Site_030,34.94792238,29.77098952,Stone_Feature,FALSE,FALSE,FALSE,FALSE,FALSE,TRUE,FALSE,FALSE,FALSE,FALSE,FALSE,FALSE,FALSE,FALSE
https://timna-database.wikibase.cloud/entity/Q530,Site_266,34.99389573,29.78573004,Smelting,FALSE,FALSE,TRUE,FALSE,FALSE,FALSE,FALSE,FALSE,FALSE,FALSE,FALSE,FALSE,FALSE,FALSE
https://timna-database.wikibase.cloud/entity/Q527,Site_250-B,34.99691937,29.79892374,Mining,FALSE,TRUE,TRUE,FALSE,FALSE,FALSE,FALSE,FALSE,FALSE,FALSE,FALSE,FALSE,FALSE,FALSE
https://timna-database.wikibase.cloud/entity/Q519,Site_039-B,34.99382859,29.76343863,Stone_Feature,FALSE,TRUE,TRUE,FALSE,FALSE,FALSE,FALSE,FALSE,FALSE,FALSE,FALSE,FALSE,FALSE,FALSE
https://timna-database.wikibase.cloud/entity/Q515,Site_034,34.95115341,29.76906521,Smelting,FALSE,FALSE,FALSE,FALSE,FALSE,TRUE,FALSE,FALSE,FALSE,FALSE,FALSE,FALSE,FALSE,FALSE
https://timna-database.wikibase.cloud/entity/Q507,Site_002,34.94863889,29.78372222,Flint_Scatter,FALSE,FALSE,FALSE,FALSE,TRUE,TRUE,FALSE,FALSE,FALSE,FALSE,TRUE,FALSE,FALSE,FALSE
https://timna-database.wikibase.cloud/entity/Q518,Site_035,34.95366269,29.76626441,Cultic ,FALSE,FALSE,FALSE,FALSE,TRUE,FALSE,FALSE,FALSE,FALSE,FALSE,FALSE,FALSE,FALSE,FALSE
https://timna-database.wikibase.cloud/entity/Q524,Site_149,35.00285889,29.79250987,Stone_Feature,FALSE,FALSE,TRUE,FALSE,FALSE,FALSE,FALSE,FALSE,FALSE,FALSE,FALSE,FALSE,FALSE,FALSE
https://timna-database.wikibase.cloud/entity/Q519,Site_039-B,34.99382859,29.76343863,Slag_Scatter,FALSE,TRUE,TRUE,FALSE,FALSE,FALSE,FALSE,FALSE,FALSE,FALSE,FALSE,FALSE,FALSE,FALSE
https://timna-database.wikibase.cloud/entity/Q515,Site_034,34.95115341,29.76906521,Workshop,FALSE,FALSE,FALSE,FALSE,FALSE,TRUE,FALSE,FALSE,FALSE,FALSE,FALSE,FALSE,FALSE,FALSE
https://timna-database.wikibase.cloud/entity/Q507,Site_002,34.94863889,29.78372222,Furnace_Smelting,FALSE,FALSE,FALSE,FALSE,TRUE,TRUE,FALSE,FALSE,FALSE,FALSE,TRUE,FALSE,FALSE,FALSE
https://timna-database.wikibase.cloud/entity/Q515,Site_034,34.95115341,29.76906521,Flint_Scatter,FALSE,FALSE,FALSE,FALSE,FALSE,TRUE,FALSE,FALSE,FALSE,FALSE,FALSE,FALSE,FALSE,FALSE
https://timna-database.wikibase.cloud/entity/Q523,Site_096,34.95022399,29.7440026,Pottery_Scatter,FALSE,TRUE,TRUE,FALSE,FALSE,FALSE,FALSE,FALSE,FALSE,FALSE,FALSE,FALSE,FALSE,FALSE
https://timna-database.wikibase.cloud/entity/Q524,Site_149,35.00285889,29.79250987,Slag_Scatter,FALSE,FALSE,TRUE,FALSE,FALSE,FALSE,FALSE,FALSE,FALSE,FALSE,FALSE,FALSE,FALSE,FALSE
https://timna-database.wikibase.cloud/entity/Q514,Site_030-A,34.94819325,29.77019618,Pottery_Scatter,FALSE,FALSE,FALSE,FALSE,FALSE,FALSE,FALSE,FALSE,FALSE,FALSE,FALSE,FALSE,FALSE,FALSE
https://timna-database.wikibase.cloud/entity/Q523,Site_096,34.95022399,29.7440026,Mining_Field_Placer,FALSE,TRUE,TRUE,FALSE,FALSE,FALSE,FALSE,FALSE,FALSE,FALSE,FALSE,FALSE,FALSE,FALSE
https://timna-database.wikibase.cloud/entity/Q527,Site_250-B,34.99691937,29.79892374,Stone_Feature,FALSE,TRUE,TRUE,FALSE,FALSE,FALSE,FALSE,FALSE,FALSE,FALSE,FALSE,FALSE,FALSE,FALSE
https://timna-database.wikibase.cloud/entity/Q517,Site_034-C,34.95030265,29.77020025,Stone_Feature,FALSE,FALSE,FALSE,FALSE,FALSE,FALSE,FALSE,FALSE,FALSE,FALSE,TRUE,FALSE,FALSE,FALSE
https://timna-database.wikibase.cloud/entity/Q507,Site_002,34.94863889,29.78372222,Slag_Mound,FALSE,FALSE,FALSE,FALSE,TRUE,TRUE,FALSE,FALSE,FALSE,FALSE,TRUE,FALSE,FALSE,FALSE
https://timna-database.wikibase.cloud/entity/Q515,Site_034,34.95115341,29.76906521,Petroglyph,FALSE,FALSE,FALSE,FALSE,FALSE,TRUE,FALSE,FALSE,FALSE,FALSE,FALSE,FALSE,FALSE,FALSE
https://timna-database.wikibase.cloud/entity/Q513,Site_030,34.94792238,29.77098952,Pottery_Scatter,FALSE,FALSE,FALSE,FALSE,FALSE,TRUE,FALSE,FALSE,FALSE,FALSE,FALSE,FALSE,FALSE,FALSE
https://timna-database.wikibase.cloud/entity/Q534,Site_732,34.96477856,29.77907702,Smelting,FALSE,FALSE,FALSE,FALSE,FALSE,FALSE,FALSE,FALSE,FALSE,FALSE,FALSE,FALSE,FALSE,FALSE
https://timna-database.wikibase.cloud/entity/Q513,Site_030,34.94792238,29.77098952,Cultic ,FALSE,FALSE,FALSE,FALSE,FALSE,TRUE,FALSE,FALSE,FALSE,FALSE,FALSE,FALSE,FALSE,FALSE
https://timna-database.wikibase.cloud/entity/Q518,Site_035,34.95366269,29.76626441,Smelting,FALSE,FALSE,FALSE,FALSE,TRUE,FALSE,FALSE,FALSE,FALSE,FALSE,FALSE,FALSE,FALSE,FALSE
https://timna-database.wikibase.cloud/entity/Q518,Site_035,34.95366269,29.76626441,Workshop,FALSE,FALSE,FALSE,FALSE,TRUE,FALSE,FALSE,FALSE,FALSE,FALSE,FALSE,FALSE,FALSE,FALSE
https://timna-database.wikibase.cloud/entity/Q526,Site_247,34.99974496,29.78782311,Smelting,FALSE,FALSE,TRUE,FALSE,FALSE,FALSE,FALSE,FALSE,TRUE,FALSE,FALSE,FALSE,FALSE,FALSE
https://timna-database.wikibase.cloud/entity/Q507,Site_002,34.94863889,29.78372222,Stone_Feature,FALSE,FALSE,FALSE,FALSE,TRUE,TRUE,FALSE,FALSE,FALSE,FALSE,TRUE,FALSE,FALSE,FALSE
https://timna-database.wikibase.cloud/entity/Q515,Site_034,34.95115341,29.76906521,Stone_Feature,FALSE,FALSE,FALSE,FALSE,FALSE,TRUE,FALSE,FALSE,FALSE,FALSE,FALSE,FALSE,FALSE,FALSE
https://timna-database.wikibase.cloud/entity/Q507,Site_002,34.94863889,29.78372222,Slag_Scatter,FALSE,FALSE,FALSE,FALSE,TRUE,TRUE,FALSE,FALSE,FALSE,FALSE,TRUE,FALSE,FALSE,FALSE
https://timna-database.wikibase.cloud/entity/Q518,Site_035,34.95366269,29.76626441,Burial,FALSE,FALSE,FALSE,FALSE,TRUE,FALSE,FALSE,FALSE,FALSE,FALSE,FALSE,FALSE,FALSE,FALSE
https://timna-database.wikibase.cloud/entity/Q523,Site_096,34.95022399,29.7440026,Smelting,FALSE,TRUE,TRUE,FALSE,FALSE,FALSE,FALSE,FALSE,FALSE,FALSE,FALSE,FALSE,FALSE,FALSE
https://timna-database.wikibase.cloud/entity/Q526,Site_247,34.99974496,29.78782311,Flint_Scatter,FALSE,FALSE,TRUE,FALSE,FALSE,FALSE,FALSE,FALSE,TRUE,FALSE,FALSE,FALSE,FALSE,FALSE
https://timna-database.wikibase.cloud/entity/Q536,Site_737-002,34.97586111,29.80669444,Flint_Scatter,FALSE,FALSE,FALSE,FALSE,TRUE,TRUE,FALSE,FALSE,FALSE,FALSE,FALSE,FALSE,FALSE,FALSE
https://timna-database.wikibase.cloud/entity/Q524,Site_149,35.00285889,29.79250987,Stone_Wall,FALSE,FALSE,TRUE,FALSE,FALSE,FALSE,FALSE,FALSE,FALSE,FALSE,FALSE,FALSE,FALSE,FALSE
https://timna-database.wikibase.cloud/entity/Q514,Site_030-A,34.94819325,29.77019618,Smelting,FALSE,FALSE,FALSE,FALSE,FALSE,FALSE,FALSE,FALSE,FALSE,FALSE,FALSE,FALSE,FALSE,FALSE
https://timna-database.wikibase.cloud/entity/Q523,Site_096,34.95022399,29.7440026,Mining_Field,FALSE,TRUE,TRUE,FALSE,FALSE,FALSE,FALSE,FALSE,FALSE,FALSE,FALSE,FALSE,FALSE,FALSE
https://timna-database.wikibase.cloud/entity/Q518,Site_035,34.95366269,29.76626441,Unknown,FALSE,FALSE,FALSE,FALSE,TRUE,FALSE,FALSE,FALSE,FALSE,FALSE,FALSE,FALSE,FALSE,FALSE
https://timna-database.wikibase.cloud/entity/Q507,Site_002,34.94863889,29.78372222,Tumulus,FALSE,FALSE,FALSE,FALSE,TRUE,TRUE,FALSE,FALSE,FALSE,FALSE,TRUE,FALSE,FALSE,FALSE
https://timna-database.wikibase.cloud/entity/Q517,Site_034-C,34.95030265,29.77020025,Pottery_Scatter,FALSE,FALSE,FALSE,FALSE,FALSE,FALSE,FALSE,FALSE,FALSE,FALSE,TRUE,FALSE,FALSE,FALSE
https://timna-database.wikibase.cloud/entity/Q513,Site_030,34.94792238,29.77098952,Smelting,FALSE,FALSE,FALSE,FALSE,FALSE,TRUE,FALSE,FALSE,FALSE,FALSE,FALSE,FALSE,FALSE,FALSE
https://timna-database.wikibase.cloud/entity/Q513,Site_030,34.94792238,29.77098952,Flint_Scatter,FALSE,FALSE,FALSE,FALSE,FALSE,TRUE,FALSE,FALSE,FALSE,FALSE,FALSE,FALSE,FALSE,FALSE
https://timna-database.wikibase.cloud/entity/Q523,Site_096,34.95022399,29.7440026,Mining,FALSE,TRUE,TRUE,FALSE,FALSE,FALSE,FALSE,FALSE,FALSE,FALSE,FALSE,FALSE,FALSE,FALSE
https://timna-database.wikibase.cloud/entity/Q513,Site_030,34.94792238,29.77098952,Furnace_Smelting,FALSE,FALSE,FALSE,FALSE,FALSE,TRUE,FALSE,FALSE,FALSE,FALSE,FALSE,FALSE,FALSE,FALSE
https://timna-database.wikibase.cloud/entity/Q534,Site_732,34.96477856,29.77907702,Stone_Feature,FALSE,FALSE,FALSE,FALSE,FALSE,FALSE,FALSE,FALSE,FALSE,FALSE,FALSE,FALSE,FALSE,FALSE
https://timna-database.wikibase.cloud/entity/Q548,Site_016,34.92466619,29.78244434,Mining,FALSE,FALSE,FALSE,FALSE,TRUE,TRUE,FALSE,FALSE,FALSE,FALSE,FALSE,FALSE,FALSE,FALSE
https://timna-database.wikibase.cloud/entity/Q539,Site_778,34.94972222,29.76955556,Stone_Feature,FALSE,FALSE,FALSE,FALSE,FALSE,FALSE,FALSE,FALSE,FALSE,FALSE,FALSE,FALSE,FALSE,FALSE
https://timna-database.wikibase.cloud/entity/Q551,Site_019,34.92569533,29.78425074,Mining_Shaft,FALSE,TRUE,TRUE,FALSE,TRUE,TRUE,FALSE,FALSE,FALSE,FALSE,FALSE,FALSE,FALSE,FALSE
https://timna-database.wikibase.cloud/entity/Q593,Site_250-A,34.99787231,29.79825766,Mining_Gallery,FALSE,TRUE,TRUE,FALSE,FALSE,FALSE,FALSE,FALSE,FALSE,FALSE,FALSE,FALSE,FALSE,FALSE
https://timna-database.wikibase.cloud/entity/Q594,Site_252,34.99637861,29.81033461,Mining_Gallery,FALSE,FALSE,FALSE,FALSE,FALSE,FALSE,FALSE,FALSE,TRUE,FALSE,FALSE,FALSE,FALSE,FALSE
https://timna-database.wikibase.cloud/entity/Q659,Site_715,34.99106652,29.81775955,Flint_Scatter,FALSE,FALSE,FALSE,FALSE,FALSE,FALSE,FALSE,FALSE,FALSE,FALSE,FALSE,FALSE,FALSE,FALSE
https://timna-database.wikibase.cloud/entity/Q541,Site_737-001,34.97569444,29.80661111,Stone_Feature,FALSE,FALSE,FALSE,FALSE,TRUE,TRUE,FALSE,FALSE,FALSE,FALSE,FALSE,FALSE,FALSE,FALSE
https://timna-database.wikibase.cloud/entity/Q550,Site_009-018,34.92672452,29.78605713,Mining_Shaft,FALSE,FALSE,FALSE,FALSE,TRUE,TRUE,FALSE,FALSE,FALSE,FALSE,FALSE,FALSE,FALSE,FALSE
https://timna-database.wikibase.cloud/entity/Q541,Site_737-001,34.97569444,29.80661111,Slag_Scatter,FALSE,FALSE,FALSE,FALSE,TRUE,TRUE,FALSE,FALSE,FALSE,FALSE,FALSE,FALSE,FALSE,FALSE
https://timna-database.wikibase.cloud/entity/Q592,Site_250,34.99741768,29.79803142,Workshop,FALSE,TRUE,TRUE,FALSE,FALSE,FALSE,FALSE,FALSE,FALSE,FALSE,FALSE,FALSE,FALSE,FALSE
https://timna-database.wikibase.cloud/entity/Q592,Site_250,34.99741768,29.79803142,Flint_Scatter,FALSE,TRUE,TRUE,FALSE,FALSE,FALSE,FALSE,FALSE,FALSE,FALSE,FALSE,FALSE,FALSE,FALSE
https://timna-database.wikibase.cloud/entity/Q536,Site_737-002,34.97586111,29.80669444,Slag_Scatter,FALSE,FALSE,FALSE,FALSE,TRUE,TRUE,FALSE,FALSE,FALSE,FALSE,FALSE,FALSE,FALSE,FALSE
https://timna-database.wikibase.cloud/entity/Q543,Site_023-N3,34.92798789,29.78921717,Smelting,FALSE,TRUE,FALSE,FALSE,FALSE,FALSE,FALSE,FALSE,FALSE,FALSE,FALSE,FALSE,FALSE,FALSE
https://timna-database.wikibase.cloud/entity/Q551,Site_019,34.92569533,29.78425074,Mining,FALSE,TRUE,TRUE,FALSE,TRUE,TRUE,FALSE,FALSE,FALSE,FALSE,FALSE,FALSE,FALSE,FALSE
https://timna-database.wikibase.cloud/entity/Q550,Site_009-018,34.92672452,29.78605713,Mining,FALSE,FALSE,FALSE,FALSE,TRUE,TRUE,FALSE,FALSE,FALSE,FALSE,FALSE,FALSE,FALSE,FALSE
https://timna-database.wikibase.cloud/entity/Q548,Site_016,34.92466619,29.78244434,Stone_Feature,FALSE,FALSE,FALSE,FALSE,TRUE,TRUE,FALSE,FALSE,FALSE,FALSE,FALSE,FALSE,FALSE,FALSE
https://timna-database.wikibase.cloud/entity/Q546,Site_009,34.92465616,29.78605277,Mining_Field,FALSE,FALSE,FALSE,FALSE,TRUE,TRUE,FALSE,FALSE,FALSE,FALSE,FALSE,FALSE,FALSE,FALSE
https://timna-database.wikibase.cloud/entity/Q551,Site_019,34.92569533,29.78425074,Stone_Feature,FALSE,TRUE,TRUE,FALSE,TRUE,TRUE,FALSE,FALSE,FALSE,FALSE,FALSE,FALSE,FALSE,FALSE
https://timna-database.wikibase.cloud/entity/Q538,Site_774,34.94840359,29.76880733,Pottery_Scatter,FALSE,FALSE,FALSE,FALSE,FALSE,FALSE,FALSE,FALSE,FALSE,FALSE,FALSE,FALSE,FALSE,FALSE
https://timna-database.wikibase.cloud/entity/Q542,Site_F2,34.92994017,29.78250952,Smelting,FALSE,FALSE,FALSE,FALSE,TRUE,TRUE,FALSE,FALSE,FALSE,FALSE,FALSE,FALSE,FALSE,FALSE
https://timna-database.wikibase.cloud/entity/Q550,Site_009-018,34.92672452,29.78605713,Stone_Feature,FALSE,FALSE,FALSE,FALSE,TRUE,TRUE,FALSE,FALSE,FALSE,FALSE,FALSE,FALSE,FALSE,FALSE
https://timna-database.wikibase.cloud/entity/Q539,Site_778,34.94972222,29.76955556,Mining_Field_Placer5,FALSE,FALSE,FALSE,FALSE,FALSE,FALSE,FALSE,FALSE,FALSE,FALSE,FALSE,FALSE,FALSE,FALSE
https://timna-database.wikibase.cloud/entity/Q659,Site_715,34.99106652,29.81775955,Stone_Feature,FALSE,FALSE,FALSE,FALSE,FALSE,FALSE,FALSE,FALSE,FALSE,FALSE,FALSE,FALSE,FALSE,FALSE
https://timna-database.wikibase.cloud/entity/Q539,Site_778,34.94972222,29.76955556,Pottery_Scatter,FALSE,FALSE,FALSE,FALSE,FALSE,FALSE,FALSE,FALSE,FALSE,FALSE,FALSE,FALSE,FALSE,FALSE
https://timna-database.wikibase.cloud/entity/Q547,Site_009-J6,34.92419198,29.78561878,Mining_Shaft,FALSE,FALSE,FALSE,FALSE,TRUE,TRUE,FALSE,FALSE,FALSE,FALSE,FALSE,FALSE,FALSE,FALSE
https://timna-database.wikibase.cloud/entity/Q541,Site_737-001,34.97569444,29.80661111,Pottery_Scatter,FALSE,FALSE,FALSE,FALSE,TRUE,TRUE,FALSE,FALSE,FALSE,FALSE,FALSE,FALSE,FALSE,FALSE
https://timna-database.wikibase.cloud/entity/Q552,Site_021,34.92960866,29.77893646,Mining_Field,FALSE,FALSE,FALSE,FALSE,TRUE,TRUE,FALSE,FALSE,FALSE,FALSE,FALSE,FALSE,FALSE,FALSE
https://timna-database.wikibase.cloud/entity/Q592,Site_250,34.99741768,29.79803142,Stone_Feature,FALSE,TRUE,TRUE,FALSE,FALSE,FALSE,FALSE,FALSE,FALSE,FALSE,FALSE,FALSE,FALSE,FALSE
https://timna-database.wikibase.cloud/entity/Q594,Site_252,34.99637861,29.81033461,Quarrying,FALSE,FALSE,FALSE,FALSE,FALSE,FALSE,FALSE,FALSE,TRUE,FALSE,FALSE,FALSE,FALSE,FALSE
https://timna-database.wikibase.cloud/entity/Q537,Site_737-004,34.97625726,29.80644038,Stone_Feature,FALSE,FALSE,FALSE,FALSE,TRUE,TRUE,FALSE,FALSE,FALSE,FALSE,FALSE,FALSE,FALSE,FALSE
https://timna-database.wikibase.cloud/entity/Q552,Site_021,34.92960866,29.77893646,Mining_Shaft,FALSE,FALSE,FALSE,FALSE,TRUE,TRUE,FALSE,FALSE,FALSE,FALSE,FALSE,FALSE,FALSE,FALSE
https://timna-database.wikibase.cloud/entity/Q547,Site_009-J6,34.92419198,29.78561878,Mining,FALSE,FALSE,FALSE,FALSE,TRUE,TRUE,FALSE,FALSE,FALSE,FALSE,FALSE,FALSE,FALSE,FALSE
https://timna-database.wikibase.cloud/entity/Q537,Site_737-004,34.97625726,29.80644038,Slag_Scatter,FALSE,FALSE,FALSE,FALSE,TRUE,TRUE,FALSE,FALSE,FALSE,FALSE,FALSE,FALSE,FALSE,FALSE
https://timna-database.wikibase.cloud/entity/Q546,Site_009,34.92465616,29.78605277,Stone_Feature,FALSE,FALSE,FALSE,FALSE,TRUE,TRUE,FALSE,FALSE,FALSE,FALSE,FALSE,FALSE,FALSE,FALSE
https://timna-database.wikibase.cloud/entity/Q552,Site_021,34.92960866,29.77893646,Mining,FALSE,FALSE,FALSE,FALSE,TRUE,TRUE,FALSE,FALSE,FALSE,FALSE,FALSE,FALSE,FALSE,FALSE
https://timna-database.wikibase.cloud/entity/Q538,Site_774,34.94840359,29.76880733,Smelting,FALSE,FALSE,FALSE,FALSE,FALSE,FALSE,FALSE,FALSE,FALSE,FALSE,FALSE,FALSE,FALSE,FALSE
https://timna-database.wikibase.cloud/entity/Q539,Site_778,34.94972222,29.76955556,Smelting,FALSE,FALSE,FALSE,FALSE,FALSE,FALSE,FALSE,FALSE,FALSE,FALSE,FALSE,FALSE,FALSE,FALSE
https://timna-database.wikibase.cloud/entity/Q593,Site_250-A,34.99787231,29.79825766,Flint_Scatter,FALSE,TRUE,TRUE,FALSE,FALSE,FALSE,FALSE,FALSE,FALSE,FALSE,FALSE,FALSE,FALSE,FALSE
https://timna-database.wikibase.cloud/entity/Q552,Site_021,34.92960866,29.77893646,Stone_Feature,FALSE,FALSE,FALSE,FALSE,TRUE,TRUE,FALSE,FALSE,FALSE,FALSE,FALSE,FALSE,FALSE,FALSE
https://timna-database.wikibase.cloud/entity/Q593,Site_250-A,34.99787231,29.79825766,Petroglyph,FALSE,TRUE,TRUE,FALSE,FALSE,FALSE,FALSE,FALSE,FALSE,FALSE,FALSE,FALSE,FALSE,FALSE
https://timna-database.wikibase.cloud/entity/Q541,Site_737-001,34.97569444,29.80661111,Flint_Scatter,FALSE,FALSE,FALSE,FALSE,TRUE,TRUE,FALSE,FALSE,FALSE,FALSE,FALSE,FALSE,FALSE,FALSE
https://timna-database.wikibase.cloud/entity/Q547,Site_009-J6,34.92419198,29.78561878,Rock_Inscription,FALSE,FALSE,FALSE,FALSE,TRUE,TRUE,FALSE,FALSE,FALSE,FALSE,FALSE,FALSE,FALSE,FALSE
https://timna-database.wikibase.cloud/entity/Q593,Site_250-A,34.99787231,29.79825766,Mining,FALSE,TRUE,TRUE,FALSE,FALSE,FALSE,FALSE,FALSE,FALSE,FALSE,FALSE,FALSE,FALSE,FALSE
https://timna-database.wikibase.cloud/entity/Q594,Site_252,34.99637861,29.81033461,Mining,FALSE,FALSE,FALSE,FALSE,FALSE,FALSE,FALSE,FALSE,TRUE,FALSE,FALSE,FALSE,FALSE,FALSE
https://timna-database.wikibase.cloud/entity/Q554,Site_023,34.92878794,29.78786567,Stone_Feature,FALSE,FALSE,FALSE,FALSE,TRUE,TRUE,FALSE,FALSE,FALSE,FALSE,FALSE,FALSE,FALSE,FALSE
https://timna-database.wikibase.cloud/entity/Q537,Site_737-004,34.97625726,29.80644038,Pottery_Scatter,FALSE,FALSE,FALSE,FALSE,TRUE,TRUE,FALSE,FALSE,FALSE,FALSE,FALSE,FALSE,FALSE,FALSE
https://timna-database.wikibase.cloud/entity/Q539,Site_778,34.94972222,29.76955556,Mining,FALSE,FALSE,FALSE,FALSE,FALSE,FALSE,FALSE,FALSE,FALSE,FALSE,FALSE,FALSE,FALSE,FALSE
https://timna-database.wikibase.cloud/entity/Q548,Site_016,34.92466619,29.78244434,Mining_Field,FALSE,FALSE,FALSE,FALSE,TRUE,TRUE,FALSE,FALSE,FALSE,FALSE,FALSE,FALSE,FALSE,FALSE
https://timna-database.wikibase.cloud/entity/Q548,Site_016,34.92466619,29.78244434,Mining_Shaft,FALSE,FALSE,FALSE,FALSE,TRUE,TRUE,FALSE,FALSE,FALSE,FALSE,FALSE,FALSE,FALSE,FALSE
https://timna-database.wikibase.cloud/entity/Q660,Site_716,34.99813953,29.81421645,Stone_Feature,FALSE,FALSE,FALSE,FALSE,FALSE,FALSE,FALSE,FALSE,FALSE,FALSE,FALSE,FALSE,FALSE,FALSE
https://timna-database.wikibase.cloud/entity/Q593,Site_250-A,34.99787231,29.79825766,Stone_Feature,FALSE,TRUE,TRUE,FALSE,FALSE,FALSE,FALSE,FALSE,FALSE,FALSE,FALSE,FALSE,FALSE,FALSE
https://timna-database.wikibase.cloud/entity/Q594,Site_252,34.99637861,29.81033461,Stone_Feature,FALSE,FALSE,FALSE,FALSE,FALSE,FALSE,FALSE,FALSE,TRUE,FALSE,FALSE,FALSE,FALSE,FALSE
https://timna-database.wikibase.cloud/entity/Q538,Site_774,34.94840359,29.76880733,Stone_Feature,FALSE,FALSE,FALSE,FALSE,FALSE,FALSE,FALSE,FALSE,FALSE,FALSE,FALSE,FALSE,FALSE,FALSE
https://timna-database.wikibase.cloud/entity/Q551,Site_019,34.92569533,29.78425074,Mining_Field,FALSE,TRUE,TRUE,FALSE,TRUE,TRUE,FALSE,FALSE,FALSE,FALSE,FALSE,FALSE,FALSE,FALSE
https://timna-database.wikibase.cloud/entity/Q732,Site_783,34.92769444,29.79088889,Mining_Gallery9,FALSE,FALSE,FALSE,FALSE,TRUE,TRUE,FALSE,FALSE,FALSE,FALSE,FALSE,FALSE,FALSE,FALSE
https://timna-database.wikibase.cloud/entity/Q721,Site_019-D12,34.92457071,29.78331017,Mining_Shaft,FALSE,FALSE,FALSE,FALSE,TRUE,TRUE,FALSE,FALSE,FALSE,FALSE,FALSE,FALSE,FALSE,FALSE
https://timna-database.wikibase.cloud/entity/Q725,Site_782,34.92397222,29.78575,Cairn,FALSE,FALSE,FALSE,FALSE,FALSE,FALSE,FALSE,FALSE,FALSE,FALSE,FALSE,FALSE,FALSE,FALSE
https://timna-database.wikibase.cloud/entity/Q721,Site_019-D12,34.92457071,29.78331017,Mining,FALSE,FALSE,FALSE,FALSE,TRUE,TRUE,FALSE,FALSE,FALSE,FALSE,FALSE,FALSE,FALSE,FALSE
https://timna-database.wikibase.cloud/entity/Q723,Site_009-002,34.92708333,29.78594444,Mining_Shaft,FALSE,FALSE,FALSE,FALSE,TRUE,TRUE,FALSE,FALSE,FALSE,FALSE,FALSE,FALSE,FALSE,FALSE
https://timna-database.wikibase.cloud/entity/Q718,Site_775,34.94857159,29.76779728,Stone_Feature,FALSE,FALSE,FALSE,FALSE,FALSE,FALSE,FALSE,FALSE,FALSE,FALSE,FALSE,FALSE,FALSE,FALSE
https://timna-database.wikibase.cloud/entity/Q657,Site_712,34.94879572,29.78133847,Cairn,FALSE,FALSE,FALSE,FALSE,TRUE,TRUE,FALSE,FALSE,FALSE,FALSE,FALSE,FALSE,FALSE,FALSE
https://timna-database.wikibase.cloud/entity/Q723,Site_009-002,34.92708333,29.78594444,Mining,FALSE,FALSE,FALSE,FALSE,TRUE,TRUE,FALSE,FALSE,FALSE,FALSE,FALSE,FALSE,FALSE,FALSE
https://timna-database.wikibase.cloud/entity/Q725,Site_782,34.92397222,29.78575,Mining_Shaft4,FALSE,FALSE,FALSE,FALSE,FALSE,FALSE,FALSE,FALSE,FALSE,FALSE,FALSE,FALSE,FALSE,FALSE
https://timna-database.wikibase.cloud/entity/Q661,Site_717,34.94028097,29.79460085,Mining_Field,FALSE,FALSE,FALSE,FALSE,TRUE,TRUE,FALSE,FALSE,FALSE,FALSE,FALSE,FALSE,FALSE,FALSE
https://timna-database.wikibase.cloud/entity/Q732,Site_783,34.92769444,29.79088889,Workshop,FALSE,FALSE,FALSE,FALSE,TRUE,TRUE,FALSE,FALSE,FALSE,FALSE,FALSE,FALSE,FALSE,FALSE
https://timna-database.wikibase.cloud/entity/Q732,Site_783,34.92769444,29.79088889,Mining_Shaft,FALSE,FALSE,FALSE,FALSE,TRUE,TRUE,FALSE,FALSE,FALSE,FALSE,FALSE,FALSE,FALSE,FALSE
https://timna-database.wikibase.cloud/entity/Q661,Site_717,34.94028097,29.79460085,Mining_Shaft,FALSE,FALSE,FALSE,FALSE,TRUE,TRUE,FALSE,FALSE,FALSE,FALSE,FALSE,FALSE,FALSE,FALSE
https://timna-database.wikibase.cloud/entity/Q657,Site_712,34.94879572,29.78133847,Burial,FALSE,FALSE,FALSE,FALSE,TRUE,TRUE,FALSE,FALSE,FALSE,FALSE,FALSE,FALSE,FALSE,FALSE
https://timna-database.wikibase.cloud/entity/Q724,Site_009-J5,34.92419444,29.78538889,Mining_Shaft,FALSE,FALSE,FALSE,FALSE,TRUE,TRUE,FALSE,FALSE,FALSE,FALSE,FALSE,FALSE,FALSE,FALSE
https://timna-database.wikibase.cloud/entity/Q725,Site_782,34.92397222,29.78575,Stone_Feature,FALSE,FALSE,FALSE,FALSE,FALSE,FALSE,FALSE,FALSE,FALSE,FALSE,FALSE,FALSE,FALSE,FALSE
https://timna-database.wikibase.cloud/entity/Q732,Site_783,34.92769444,29.79088889,Mining,FALSE,FALSE,FALSE,FALSE,TRUE,TRUE,FALSE,FALSE,FALSE,FALSE,FALSE,FALSE,FALSE,FALSE
https://timna-database.wikibase.cloud/entity/Q661,Site_717,34.94028097,29.79460085,Mining,FALSE,FALSE,FALSE,FALSE,TRUE,TRUE,FALSE,FALSE,FALSE,FALSE,FALSE,FALSE,FALSE,FALSE
https://timna-database.wikibase.cloud/entity/Q724,Site_009-J5,34.92419444,29.78538889,Mining,FALSE,FALSE,FALSE,FALSE,TRUE,TRUE,FALSE,FALSE,FALSE,FALSE,FALSE,FALSE,FALSE,FALSE
https://timna-database.wikibase.cloud/entity/Q657,Site_712,34.94879572,29.78133847,Stone_Feature,FALSE,FALSE,FALSE,FALSE,TRUE,TRUE,FALSE,FALSE,FALSE,FALSE,FALSE,FALSE,FALSE,FALSE
https://timna-database.wikibase.cloud/entity/Q661,Site_717,34.94028097,29.79460085,Stone_Feature,FALSE,FALSE,FALSE,FALSE,TRUE,TRUE,FALSE,FALSE,FALSE,FALSE,FALSE,FALSE,FALSE,FALSE
https://timna-database.wikibase.cloud/entity/Q657,Site_712,34.94879572,29.78133847,Tumulus,FALSE,FALSE,FALSE,FALSE,TRUE,TRUE,FALSE,FALSE,FALSE,FALSE,FALSE,FALSE,FALSE,FALSE
https://timna-database.wikibase.cloud/entity/Q564,Site_017,34.97115398,29.79019344,Stone_Feature,FALSE,FALSE,FALSE,FALSE,FALSE,TRUE,TRUE,FALSE,FALSE,FALSE,FALSE,FALSE,FALSE,FALSE
https://timna-database.wikibase.cloud/entity/Q570,Site_066,34.938579,29.74978035,Mining,FALSE,TRUE,TRUE,FALSE,FALSE,FALSE,FALSE,FALSE,FALSE,FALSE,FALSE,FALSE,FALSE,FALSE
https://timna-database.wikibase.cloud/entity/Q579,Site_186,34.96791781,29.80297966,Mining_Field,FALSE,FALSE,FALSE,FALSE,TRUE,TRUE,FALSE,FALSE,TRUE,FALSE,TRUE,FALSE,FALSE,FALSE
https://timna-database.wikibase.cloud/entity/Q581,Site_193,34.95847222,29.76966667,Stone_Feature,FALSE,FALSE,FALSE,FALSE,TRUE,TRUE,FALSE,FALSE,FALSE,FALSE,FALSE,FALSE,FALSE,FALSE
https://timna-database.wikibase.cloud/entity/Q569,Site_042,34.98047531,29.74703422,Mining_Gallery,FALSE,TRUE,FALSE,FALSE,TRUE,TRUE,FALSE,FALSE,FALSE,FALSE,FALSE,FALSE,FALSE,FALSE
https://timna-database.wikibase.cloud/entity/Q579,Site_186,34.96791781,29.80297966,Flint_Scatter,FALSE,FALSE,FALSE,FALSE,TRUE,TRUE,FALSE,FALSE,TRUE,FALSE,TRUE,FALSE,FALSE,FALSE
https://timna-database.wikibase.cloud/entity/Q564,Site_017,34.97115398,29.79019344,Tumulus,FALSE,FALSE,FALSE,FALSE,FALSE,TRUE,TRUE,FALSE,FALSE,FALSE,FALSE,FALSE,FALSE,FALSE
https://timna-database.wikibase.cloud/entity/Q579,Site_186,34.96791781,29.80297966,Mining_Shaft,FALSE,FALSE,FALSE,FALSE,TRUE,TRUE,FALSE,FALSE,TRUE,FALSE,TRUE,FALSE,FALSE,FALSE
https://timna-database.wikibase.cloud/entity/Q566,Site_037,34.96076031,29.73875402,Mining_Field,FALSE,TRUE,FALSE,FALSE,FALSE,FALSE,FALSE,FALSE,TRUE,FALSE,TRUE,FALSE,FALSE,FALSE
https://timna-database.wikibase.cloud/entity/Q567,Site_039-A,34.99308619,29.76246316,Stone_Feature,FALSE,TRUE,TRUE,FALSE,FALSE,FALSE,FALSE,FALSE,FALSE,FALSE,FALSE,FALSE,FALSE,FALSE
https://timna-database.wikibase.cloud/entity/Q563,Site_029,34.97850049,29.75638585,Workshop,FALSE,TRUE,FALSE,FALSE,FALSE,FALSE,FALSE,FALSE,FALSE,FALSE,FALSE,FALSE,FALSE,FALSE
https://timna-database.wikibase.cloud/entity/Q574,Site_095,34.93965871,29.74805044,Stone_Feature,FALSE,TRUE,TRUE,FALSE,TRUE,TRUE,FALSE,FALSE,TRUE,FALSE,FALSE,FALSE,FALSE,FALSE
https://timna-database.wikibase.cloud/entity/Q566,Site_037,34.96076031,29.73875402,Mining_Shaft,FALSE,TRUE,FALSE,FALSE,FALSE,FALSE,FALSE,FALSE,TRUE,FALSE,TRUE,FALSE,FALSE,FALSE
https://timna-database.wikibase.cloud/entity/Q573,Site_094,34.95890293,29.73740643,Mining,FALSE,TRUE,FALSE,FALSE,FALSE,FALSE,FALSE,FALSE,FALSE,FALSE,FALSE,FALSE,FALSE,FALSE
https://timna-database.wikibase.cloud/entity/Q563,Site_029,34.97850049,29.75638585,Burial,FALSE,TRUE,FALSE,FALSE,FALSE,FALSE,FALSE,FALSE,FALSE,FALSE,FALSE,FALSE,FALSE,FALSE
https://timna-database.wikibase.cloud/entity/Q579,Site_186,34.96791781,29.80297966,Mining,FALSE,FALSE,FALSE,FALSE,TRUE,TRUE,FALSE,FALSE,TRUE,FALSE,TRUE,FALSE,FALSE,FALSE
https://timna-database.wikibase.cloud/entity/Q568,Site_041,34.95885238,29.75815509,Mining_Shaft,FALSE,FALSE,FALSE,FALSE,FALSE,FALSE,FALSE,FALSE,FALSE,FALSE,FALSE,FALSE,FALSE,FALSE
https://timna-database.wikibase.cloud/entity/Q580,Site_188,35.00022222,29.77097222,Pottery_Scatter,FALSE,FALSE,FALSE,FALSE,TRUE,TRUE,FALSE,FALSE,FALSE,FALSE,FALSE,FALSE,FALSE,FALSE
https://timna-database.wikibase.cloud/entity/Q566,Site_037,34.96076031,29.73875402,Mining,FALSE,TRUE,FALSE,FALSE,FALSE,FALSE,FALSE,FALSE,TRUE,FALSE,TRUE,FALSE,FALSE,FALSE
https://timna-database.wikibase.cloud/entity/Q568,Site_041,34.95885238,29.75815509,Mining,FALSE,FALSE,FALSE,FALSE,FALSE,FALSE,FALSE,FALSE,FALSE,FALSE,FALSE,FALSE,FALSE,FALSE
https://timna-database.wikibase.cloud/entity/Q571,Site_087,34.96081381,29.79785179,Mining_Field,FALSE,FALSE,FALSE,FALSE,FALSE,FALSE,FALSE,FALSE,TRUE,FALSE,TRUE,FALSE,FALSE,FALSE
https://timna-database.wikibase.cloud/entity/Q579,Site_186,34.96791781,29.80297966,Stone_Feature,FALSE,FALSE,FALSE,FALSE,TRUE,TRUE,FALSE,FALSE,TRUE,FALSE,TRUE,FALSE,FALSE,FALSE
https://timna-database.wikibase.cloud/entity/Q571,Site_087,34.96081381,29.79785179,Mining_Shaft,FALSE,FALSE,FALSE,FALSE,FALSE,FALSE,FALSE,FALSE,TRUE,FALSE,TRUE,FALSE,FALSE,FALSE
https://timna-database.wikibase.cloud/entity/Q566,Site_037,34.96076031,29.73875402,Stone_Feature,FALSE,TRUE,FALSE,FALSE,FALSE,FALSE,FALSE,FALSE,TRUE,FALSE,TRUE,FALSE,FALSE,FALSE
https://timna-database.wikibase.cloud/entity/Q563,Site_029,34.97850049,29.75638585,Unknown,FALSE,TRUE,FALSE,FALSE,FALSE,FALSE,FALSE,FALSE,FALSE,FALSE,FALSE,FALSE,FALSE,FALSE
https://timna-database.wikibase.cloud/entity/Q574,Site_095,34.93965871,29.74805044,Pottery_Scatter,FALSE,TRUE,TRUE,FALSE,TRUE,TRUE,FALSE,FALSE,TRUE,FALSE,FALSE,FALSE,FALSE,FALSE
https://timna-database.wikibase.cloud/entity/Q564,Site_017,34.97115398,29.79019344,Burial,FALSE,FALSE,FALSE,FALSE,FALSE,TRUE,TRUE,FALSE,FALSE,FALSE,FALSE,FALSE,FALSE,FALSE
https://timna-database.wikibase.cloud/entity/Q574,Site_095,34.93965871,29.74805044,Mining_Field,FALSE,TRUE,TRUE,FALSE,TRUE,TRUE,FALSE,FALSE,TRUE,FALSE,FALSE,FALSE,FALSE,FALSE
https://timna-database.wikibase.cloud/entity/Q569,Site_042,34.98047531,29.74703422,Mining,FALSE,TRUE,FALSE,FALSE,TRUE,TRUE,FALSE,FALSE,FALSE,FALSE,FALSE,FALSE,FALSE,FALSE
https://timna-database.wikibase.cloud/entity/Q574,Site_095,34.93965871,29.74805044,Flint_Scatter,FALSE,TRUE,TRUE,FALSE,TRUE,TRUE,FALSE,FALSE,TRUE,FALSE,FALSE,FALSE,FALSE,FALSE
https://timna-database.wikibase.cloud/entity/Q570,Site_066,34.938579,29.74978035,Mining_Field,FALSE,TRUE,TRUE,FALSE,FALSE,FALSE,FALSE,FALSE,FALSE,FALSE,FALSE,FALSE,FALSE,FALSE
https://timna-database.wikibase.cloud/entity/Q574,Site_095,34.93965871,29.74805044,Mining_Shaft,FALSE,TRUE,TRUE,FALSE,TRUE,TRUE,FALSE,FALSE,TRUE,FALSE,FALSE,FALSE,FALSE,FALSE
https://timna-database.wikibase.cloud/entity/Q570,Site_066,34.938579,29.74978035,Mining_Shaft,FALSE,TRUE,TRUE,FALSE,FALSE,FALSE,FALSE,FALSE,FALSE,FALSE,FALSE,FALSE,FALSE,FALSE
https://timna-database.wikibase.cloud/entity/Q574,Site_095,34.93965871,29.74805044,Mining,FALSE,TRUE,TRUE,FALSE,TRUE,TRUE,FALSE,FALSE,TRUE,FALSE,FALSE,FALSE,FALSE,FALSE
https://timna-database.wikibase.cloud/entity/Q644,Site_645,34.93189542,29.78606789,Cairn,FALSE,FALSE,FALSE,FALSE,TRUE,TRUE,FALSE,FALSE,TRUE,FALSE,FALSE,FALSE,FALSE,FALSE
https://timna-database.wikibase.cloud/entity/Q575,Site_097,34.95372778,29.7401031,Mining_Field,FALSE,FALSE,FALSE,FALSE,FALSE,FALSE,FALSE,FALSE,FALSE,FALSE,FALSE,FALSE,FALSE,FALSE
https://timna-database.wikibase.cloud/entity/Q584,Site_196,34.95930556,29.76913889,Stone_Feature,FALSE,FALSE,FALSE,FALSE,TRUE,TRUE,FALSE,FALSE,FALSE,FALSE,FALSE,FALSE,FALSE,FALSE
https://timna-database.wikibase.cloud/entity/Q647,Site_646-002,34.96308212,29.77928142,Stone_Feature,FALSE,FALSE,FALSE,FALSE,FALSE,FALSE,FALSE,FALSE,FALSE,FALSE,FALSE,FALSE,FALSE,FALSE
https://timna-database.wikibase.cloud/entity/Q645,Site_646,34.96285444,29.77935317,Burial,FALSE,FALSE,FALSE,FALSE,TRUE,TRUE,FALSE,FALSE,FALSE,FALSE,FALSE,FALSE,FALSE,FALSE
https://timna-database.wikibase.cloud/entity/Q588,Site_200,34.95638847,29.76786629,Stone_Feature,FALSE,TRUE,FALSE,FALSE,TRUE,TRUE,FALSE,FALSE,TRUE,FALSE,FALSE,FALSE,FALSE,FALSE
https://timna-database.wikibase.cloud/entity/Q649,Site_701,34.94647261,29.79602938,Mining_Field,FALSE,TRUE,FALSE,FALSE,TRUE,TRUE,FALSE,FALSE,FALSE,FALSE,FALSE,FALSE,FALSE,FALSE
https://timna-database.wikibase.cloud/entity/Q643,Site_644,34.93187391,29.78637456,Burial,FALSE,FALSE,FALSE,FALSE,TRUE,TRUE,FALSE,FALSE,TRUE,FALSE,FALSE,FALSE,FALSE,FALSE
https://timna-database.wikibase.cloud/entity/Q575,Site_097,34.95372778,29.7401031,Mining,FALSE,FALSE,FALSE,FALSE,FALSE,FALSE,FALSE,FALSE,FALSE,FALSE,FALSE,FALSE,FALSE,FALSE
https://timna-database.wikibase.cloud/entity/Q649,Site_701,34.94647261,29.79602938,Mining_Shaft,FALSE,TRUE,FALSE,FALSE,TRUE,TRUE,FALSE,FALSE,FALSE,FALSE,FALSE,FALSE,FALSE,FALSE
https://timna-database.wikibase.cloud/entity/Q588,Site_200,34.95638847,29.76786629,Rock_Inscription,FALSE,TRUE,FALSE,FALSE,TRUE,TRUE,FALSE,FALSE,TRUE,FALSE,FALSE,FALSE,FALSE,FALSE
https://timna-database.wikibase.cloud/entity/Q648,Site_646-003,34.96284362,29.77955162,Stone_Feature,FALSE,FALSE,FALSE,FALSE,FALSE,FALSE,FALSE,FALSE,FALSE,FALSE,FALSE,FALSE,FALSE,FALSE
https://timna-database.wikibase.cloud/entity/Q644,Site_645,34.93189542,29.78606789,Burial,FALSE,FALSE,FALSE,FALSE,TRUE,TRUE,FALSE,FALSE,TRUE,FALSE,FALSE,FALSE,FALSE,FALSE
https://timna-database.wikibase.cloud/entity/Q649,Site_701,34.94647261,29.79602938,Mining,FALSE,TRUE,FALSE,FALSE,TRUE,TRUE,FALSE,FALSE,FALSE,FALSE,FALSE,FALSE,FALSE,FALSE
https://timna-database.wikibase.cloud/entity/Q645,Site_646,34.96285444,29.77935317,Stone_Feature,FALSE,FALSE,FALSE,FALSE,TRUE,TRUE,FALSE,FALSE,FALSE,FALSE,FALSE,FALSE,FALSE,FALSE
https://timna-database.wikibase.cloud/entity/Q647,Site_646-002,34.96308212,29.77928142,Pottery_Scatter,FALSE,FALSE,FALSE,FALSE,FALSE,FALSE,FALSE,FALSE,FALSE,FALSE,FALSE,FALSE,FALSE,FALSE
https://timna-database.wikibase.cloud/entity/Q652,Site_773-001,34.93208241,29.78193659,Mining,FALSE,FALSE,FALSE,FALSE,TRUE,TRUE,FALSE,FALSE,FALSE,FALSE,FALSE,FALSE,FALSE,FALSE
https://timna-database.wikibase.cloud/entity/Q646,Site_646-001,34.96195498,29.77926131,Stone_Feature,FALSE,FALSE,FALSE,FALSE,FALSE,FALSE,FALSE,FALSE,FALSE,FALSE,FALSE,FALSE,FALSE,FALSE
https://timna-database.wikibase.cloud/entity/Q643,Site_644,34.93187391,29.78637456,Stone_Feature,FALSE,FALSE,FALSE,FALSE,TRUE,TRUE,FALSE,FALSE,TRUE,FALSE,FALSE,FALSE,FALSE,FALSE
https://timna-database.wikibase.cloud/entity/Q645,Site_646,34.96285444,29.77935317,Tumulus,FALSE,FALSE,FALSE,FALSE,TRUE,TRUE,FALSE,FALSE,FALSE,FALSE,FALSE,FALSE,FALSE,FALSE
https://timna-database.wikibase.cloud/entity/Q643,Site_644,34.93187391,29.78637456,Tumulus,FALSE,FALSE,FALSE,FALSE,TRUE,TRUE,FALSE,FALSE,TRUE,FALSE,FALSE,FALSE,FALSE,FALSE
https://timna-database.wikibase.cloud/entity/Q644,Site_645,34.93189542,29.78606789,Stone_Feature,FALSE,FALSE,FALSE,FALSE,TRUE,TRUE,FALSE,FALSE,TRUE,FALSE,FALSE,FALSE,FALSE,FALSE
https://timna-database.wikibase.cloud/entity/Q652,Site_773-001,34.93208241,29.78193659,Stone_Feature,FALSE,FALSE,FALSE,FALSE,TRUE,TRUE,FALSE,FALSE,FALSE,FALSE,FALSE,FALSE,FALSE,FALSE
https://timna-database.wikibase.cloud/entity/Q648,Site_646-003,34.96284362,29.77955162,Pottery_Scatter,FALSE,FALSE,FALSE,FALSE,FALSE,FALSE,FALSE,FALSE,FALSE,FALSE,FALSE,FALSE,FALSE,FALSE
https://timna-database.wikibase.cloud/entity/Q644,Site_645,34.93189542,29.78606789,Tumulus,FALSE,FALSE,FALSE,FALSE,TRUE,TRUE,FALSE,FALSE,TRUE,FALSE,FALSE,FALSE,FALSE,FALSE
https://timna-database.wikibase.cloud/entity/Q645,Site_646,34.96285444,29.77935317,Pottery_Scatter,FALSE,FALSE,FALSE,FALSE,TRUE,TRUE,FALSE,FALSE,FALSE,FALSE,FALSE,FALSE,FALSE,FALSE
https://timna-database.wikibase.cloud/entity/Q645,Site_646,34.96285444,29.77935317,Cairn,FALSE,FALSE,FALSE,FALSE,TRUE,TRUE,FALSE,FALSE,FALSE,FALSE,FALSE,FALSE,FALSE,FALSE
https://timna-database.wikibase.cloud/entity/Q646,Site_646-001,34.96195498,29.77926131,Pottery_Scatter,FALSE,FALSE,FALSE,FALSE,FALSE,FALSE,FALSE,FALSE,FALSE,FALSE,FALSE,FALSE,FALSE,FALSE
https://timna-database.wikibase.cloud/entity/Q643,Site_644,34.93187391,29.78637456,Cairn,FALSE,FALSE,FALSE,FALSE,TRUE,TRUE,FALSE,FALSE,TRUE,FALSE,FALSE,FALSE,FALSE,FALSE
https://timna-database.wikibase.cloud/entity/Q588,Site_200,34.95638847,29.76786629,Flint_Scatter,FALSE,TRUE,FALSE,FALSE,TRUE,TRUE,FALSE,FALSE,TRUE,FALSE,FALSE,FALSE,FALSE,FALSE
https://timna-database.wikibase.cloud/entity/Q649,Site_701,34.94647261,29.79602938,Mining_Field_Placer,FALSE,TRUE,FALSE,FALSE,TRUE,TRUE,FALSE,FALSE,FALSE,FALSE,FALSE,FALSE,FALSE,FALSE
https://timna-database.wikibase.cloud/entity/Q588,Site_200,34.95638847,29.76786629,Petroglyph,FALSE,TRUE,FALSE,FALSE,TRUE,TRUE,FALSE,FALSE,TRUE,FALSE,FALSE,FALSE,FALSE,FALSE
https://timna-database.wikibase.cloud/entity/Q525,Site_185,34.96168613,29.77067268,Flint_Scatter,FALSE,FALSE,FALSE,FALSE,TRUE,FALSE,FALSE,FALSE,FALSE,FALSE,FALSE,FALSE,FALSE,FALSE
https://timna-database.wikibase.cloud/entity/Q528,Site_254-C,34.94848759,29.77237085,Stone_Feature,FALSE,FALSE,FALSE,FALSE,TRUE,TRUE,FALSE,FALSE,FALSE,FALSE,FALSE,FALSE,FALSE,FALSE
https://timna-database.wikibase.cloud/entity/Q532,Site_704,34.95402038,29.78458705,Pottery_Scatter,FALSE,FALSE,FALSE,FALSE,TRUE,FALSE,FALSE,FALSE,FALSE,FALSE,FALSE,FALSE,FALSE,FALSE
https://timna-database.wikibase.cloud/entity/Q533,Site_713,34.95360453,29.78131159,Stone_Feature,FALSE,FALSE,FALSE,FALSE,TRUE,TRUE,FALSE,FALSE,FALSE,FALSE,FALSE,FALSE,FALSE,FALSE
https://timna-database.wikibase.cloud/entity/Q556,Site_024-A,34.94566589,29.80004221,Pottery_Scatter,FALSE,FALSE,FALSE,FALSE,FALSE,FALSE,FALSE,FALSE,TRUE,FALSE,FALSE,FALSE,FALSE,FALSE
https://timna-database.wikibase.cloud/entity/Q555,Site_024,34.94115967,29.79871623,Stone_Feature,FALSE,FALSE,FALSE,FALSE,TRUE,TRUE,FALSE,FALSE,FALSE,FALSE,FALSE,FALSE,FALSE,FALSE
https://timna-database.wikibase.cloud/entity/Q509,Site_012,34.94860148,29.77638548,Smelting,FALSE,FALSE,FALSE,FALSE,TRUE,TRUE,FALSE,FALSE,FALSE,FALSE,FALSE,FALSE,FALSE,FALSE
https://timna-database.wikibase.cloud/entity/Q510,Site_013,34.95599624,29.78434721,Pottery_Scatter,FALSE,FALSE,FALSE,FALSE,FALSE,TRUE,FALSE,FALSE,FALSE,FALSE,FALSE,FALSE,FALSE,FALSE
https://timna-database.wikibase.cloud/entity/Q508,Site_003,34.95282736,29.77780089,Stone_Feature,FALSE,FALSE,FALSE,FALSE,TRUE,FALSE,FALSE,FALSE,FALSE,FALSE,FALSE,FALSE,FALSE,FALSE
https://timna-database.wikibase.cloud/entity/Q511,Site_014,34.95604803,29.78012541,Stone_Feature,FALSE,FALSE,FALSE,FALSE,TRUE,TRUE,FALSE,FALSE,FALSE,FALSE,FALSE,FALSE,FALSE,FALSE
https://timna-database.wikibase.cloud/entity/Q529,Site_255,34.95098221,29.78778377,Smelting,FALSE,FALSE,FALSE,FALSE,TRUE,FALSE,FALSE,FALSE,FALSE,FALSE,TRUE,FALSE,FALSE,FALSE
https://timna-database.wikibase.cloud/entity/Q509,Site_012,34.94860148,29.77638548,Workshop,FALSE,FALSE,FALSE,FALSE,TRUE,TRUE,FALSE,FALSE,FALSE,FALSE,FALSE,FALSE,FALSE,FALSE
https://timna-database.wikibase.cloud/entity/Q508,Site_003,34.95282736,29.77780089,Slag_Scatter,FALSE,FALSE,FALSE,FALSE,TRUE,FALSE,FALSE,FALSE,FALSE,FALSE,FALSE,FALSE,FALSE,FALSE
https://timna-database.wikibase.cloud/entity/Q509,Site_012,34.94860148,29.77638548,Flint_Scatter,FALSE,FALSE,FALSE,FALSE,TRUE,TRUE,FALSE,FALSE,FALSE,FALSE,FALSE,FALSE,FALSE,FALSE
https://timna-database.wikibase.cloud/entity/Q529,Site_255,34.95098221,29.78778377,Workshop,FALSE,FALSE,FALSE,FALSE,TRUE,FALSE,FALSE,FALSE,FALSE,FALSE,TRUE,FALSE,FALSE,FALSE
https://timna-database.wikibase.cloud/entity/Q510,Site_013,34.95599624,29.78434721,Cairn,FALSE,FALSE,FALSE,FALSE,FALSE,TRUE,FALSE,FALSE,FALSE,FALSE,FALSE,FALSE,FALSE,FALSE
https://timna-database.wikibase.cloud/entity/Q512,Site_015,34.95787498,29.78575802,Stone_Feature,FALSE,FALSE,FALSE,FALSE,FALSE,TRUE,FALSE,FALSE,FALSE,FALSE,FALSE,FALSE,FALSE,FALSE
https://timna-database.wikibase.cloud/entity/Q525,Site_185,34.96168613,29.77067268,Stone_Feature,FALSE,FALSE,FALSE,FALSE,TRUE,FALSE,FALSE,FALSE,FALSE,FALSE,FALSE,FALSE,FALSE,FALSE
https://timna-database.wikibase.cloud/entity/Q509,Site_012,34.94860148,29.77638548,Burial,FALSE,FALSE,FALSE,FALSE,TRUE,TRUE,FALSE,FALSE,FALSE,FALSE,FALSE,FALSE,FALSE,FALSE
https://timna-database.wikibase.cloud/entity/Q531,Site_419,34.95567939,29.78701687,Stone_Feature,FALSE,FALSE,FALSE,FALSE,TRUE,FALSE,FALSE,FALSE,FALSE,FALSE,FALSE,FALSE,FALSE,FALSE
https://timna-database.wikibase.cloud/entity/Q508,Site_003,34.95282736,29.77780089,Tumulus,FALSE,FALSE,FALSE,FALSE,TRUE,FALSE,FALSE,FALSE,FALSE,FALSE,FALSE,FALSE,FALSE,FALSE
https://timna-database.wikibase.cloud/entity/Q560,Site_036,34.98295936,29.7362761,Stone_Feature,FALSE,FALSE,FALSE,FALSE,FALSE,FALSE,FALSE,FALSE,FALSE,FALSE,TRUE,FALSE,FALSE,FALSE
https://timna-database.wikibase.cloud/entity/Q525,Site_185,34.96168613,29.77067268,Slag_Scatter,FALSE,FALSE,FALSE,FALSE,TRUE,FALSE,FALSE,FALSE,FALSE,FALSE,FALSE,FALSE,FALSE,FALSE
https://timna-database.wikibase.cloud/entity/Q528,Site_254-C,34.94848759,29.77237085,Pottery_Scatter,FALSE,FALSE,FALSE,FALSE,TRUE,TRUE,FALSE,FALSE,FALSE,FALSE,FALSE,FALSE,FALSE,FALSE
https://timna-database.wikibase.cloud/entity/Q512,Site_015,34.95787498,29.78575802,Tumulus,FALSE,FALSE,FALSE,FALSE,FALSE,TRUE,FALSE,FALSE,FALSE,FALSE,FALSE,FALSE,FALSE,FALSE
https://timna-database.wikibase.cloud/entity/Q532,Site_704,34.95402038,29.78458705,Flint_Scatter,FALSE,FALSE,FALSE,FALSE,TRUE,FALSE,FALSE,FALSE,FALSE,FALSE,FALSE,FALSE,FALSE,FALSE
https://timna-database.wikibase.cloud/entity/Q556,Site_024-A,34.94566589,29.80004221,Mining_Shaft,FALSE,FALSE,FALSE,FALSE,FALSE,FALSE,FALSE,FALSE,TRUE,FALSE,FALSE,FALSE,FALSE,FALSE
https://timna-database.wikibase.cloud/entity/Q510,Site_013,34.95599624,29.78434721,Smelting,FALSE,FALSE,FALSE,FALSE,FALSE,TRUE,FALSE,FALSE,FALSE,FALSE,FALSE,FALSE,FALSE,FALSE
https://timna-database.wikibase.cloud/entity/Q510,Site_013,34.95599624,29.78434721,Workshop,FALSE,FALSE,FALSE,FALSE,FALSE,TRUE,FALSE,FALSE,FALSE,FALSE,FALSE,FALSE,FALSE,FALSE
https://timna-database.wikibase.cloud/entity/Q557,Site_025,34.94839757,29.79963255,Mining_Shaft,FALSE,FALSE,FALSE,FALSE,TRUE,TRUE,FALSE,FALSE,FALSE,FALSE,FALSE,FALSE,FALSE,FALSE
https://timna-database.wikibase.cloud/entity/Q509,Site_012,34.94860148,29.77638548,Stone_Feature,FALSE,FALSE,FALSE,FALSE,TRUE,TRUE,FALSE,FALSE,FALSE,FALSE,FALSE,FALSE,FALSE,FALSE
https://timna-database.wikibase.cloud/entity/Q510,Site_013,34.95599624,29.78434721,Flint_Scatter,FALSE,FALSE,FALSE,FALSE,FALSE,TRUE,FALSE,FALSE,FALSE,FALSE,FALSE,FALSE,FALSE,FALSE
https://timna-database.wikibase.cloud/entity/Q508,Site_003,34.95282736,29.77780089,Pottery_Scatter,FALSE,FALSE,FALSE,FALSE,TRUE,FALSE,FALSE,FALSE,FALSE,FALSE,FALSE,FALSE,FALSE,FALSE
https://timna-database.wikibase.cloud/entity/Q511,Site_014,34.95604803,29.78012541,Pottery_Scatter,FALSE,FALSE,FALSE,FALSE,TRUE,TRUE,FALSE,FALSE,FALSE,FALSE,FALSE,FALSE,FALSE,FALSE
https://timna-database.wikibase.cloud/entity/Q529,Site_255,34.95098221,29.78778377,Stone_Feature,FALSE,FALSE,FALSE,FALSE,TRUE,FALSE,FALSE,FALSE,FALSE,FALSE,TRUE,FALSE,FALSE,FALSE
https://timna-database.wikibase.cloud/entity/Q544,Site_007,34.93117748,29.78767217,Petroglyph,FALSE,FALSE,FALSE,FALSE,FALSE,FALSE,FALSE,FALSE,TRUE,TRUE,FALSE,FALSE,FALSE,FALSE
https://timna-database.wikibase.cloud/entity/Q557,Site_025,34.94839757,29.79963255,Petroglyph,FALSE,FALSE,FALSE,FALSE,TRUE,TRUE,FALSE,FALSE,FALSE,FALSE,FALSE,FALSE,FALSE,FALSE
https://timna-database.wikibase.cloud/entity/Q556,Site_024-A,34.94566589,29.80004221,Mining,FALSE,FALSE,FALSE,FALSE,FALSE,FALSE,FALSE,FALSE,TRUE,FALSE,FALSE,FALSE,FALSE,FALSE
https://timna-database.wikibase.cloud/entity/Q512,Site_015,34.95787498,29.78575802,Pottery_Scatter,FALSE,FALSE,FALSE,FALSE,FALSE,TRUE,FALSE,FALSE,FALSE,FALSE,FALSE,FALSE,FALSE,FALSE
https://timna-database.wikibase.cloud/entity/Q508,Site_003,34.95282736,29.77780089,Cairn,FALSE,FALSE,FALSE,FALSE,TRUE,FALSE,FALSE,FALSE,FALSE,FALSE,FALSE,FALSE,FALSE,FALSE
https://timna-database.wikibase.cloud/entity/Q557,Site_025,34.94839757,29.79963255,Mining,FALSE,FALSE,FALSE,FALSE,TRUE,TRUE,FALSE,FALSE,FALSE,FALSE,FALSE,FALSE,FALSE,FALSE
https://timna-database.wikibase.cloud/entity/Q509,Site_012,34.94860148,29.77638548,Tumulus,FALSE,FALSE,FALSE,FALSE,TRUE,TRUE,FALSE,FALSE,FALSE,FALSE,FALSE,FALSE,FALSE,FALSE
https://timna-database.wikibase.cloud/entity/Q528,Site_254-C,34.94848759,29.77237085,Smelting,FALSE,FALSE,FALSE,FALSE,TRUE,TRUE,FALSE,FALSE,FALSE,FALSE,FALSE,FALSE,FALSE,FALSE
https://timna-database.wikibase.cloud/entity/Q512,Site_015,34.95787498,29.78575802,Cairn,FALSE,FALSE,FALSE,FALSE,FALSE,TRUE,FALSE,FALSE,FALSE,FALSE,FALSE,FALSE,FALSE,FALSE
https://timna-database.wikibase.cloud/entity/Q532,Site_704,34.95402038,29.78458705,Stone_Feature,FALSE,FALSE,FALSE,FALSE,TRUE,FALSE,FALSE,FALSE,FALSE,FALSE,FALSE,FALSE,FALSE,FALSE
https://timna-database.wikibase.cloud/entity/Q533,Site_713,34.95360453,29.78131159,Smelting,FALSE,FALSE,FALSE,FALSE,TRUE,TRUE,FALSE,FALSE,FALSE,FALSE,FALSE,FALSE,FALSE,FALSE
https://timna-database.wikibase.cloud/entity/Q532,Site_704,34.95402038,29.78458705,Slag_Scatter,FALSE,FALSE,FALSE,FALSE,TRUE,FALSE,FALSE,FALSE,FALSE,FALSE,FALSE,FALSE,FALSE,FALSE
https://timna-database.wikibase.cloud/entity/Q544,Site_007,34.93117748,29.78767217,Stone_Feature,FALSE,FALSE,FALSE,FALSE,FALSE,FALSE,FALSE,FALSE,TRUE,TRUE,FALSE,FALSE,FALSE,FALSE
https://timna-database.wikibase.cloud/entity/Q510,Site_013,34.95599624,29.78434721,Stone_Feature,FALSE,FALSE,FALSE,FALSE,FALSE,TRUE,FALSE,FALSE,FALSE,FALSE,FALSE,FALSE,FALSE,FALSE
https://timna-database.wikibase.cloud/entity/Q555,Site_024,34.94115967,29.79871623,Mining_Shaft,FALSE,FALSE,FALSE,FALSE,TRUE,TRUE,FALSE,FALSE,FALSE,FALSE,FALSE,FALSE,FALSE,FALSE
https://timna-database.wikibase.cloud/entity/Q511,Site_014,34.95604803,29.78012541,Smelting,FALSE,FALSE,FALSE,FALSE,TRUE,TRUE,FALSE,FALSE,FALSE,FALSE,FALSE,FALSE,FALSE,FALSE
https://timna-database.wikibase.cloud/entity/Q559,Site_034-H,34.95054029,29.77027287,Petroglyph,FALSE,FALSE,FALSE,FALSE,FALSE,TRUE,FALSE,FALSE,FALSE,FALSE,FALSE,FALSE,FALSE,FALSE
https://timna-database.wikibase.cloud/entity/Q509,Site_012,34.94860148,29.77638548,Pottery_Scatter,FALSE,FALSE,FALSE,FALSE,TRUE,TRUE,FALSE,FALSE,FALSE,FALSE,FALSE,FALSE,FALSE,FALSE
https://timna-database.wikibase.cloud/entity/Q512,Site_015,34.95787498,29.78575802,Smelting,FALSE,FALSE,FALSE,FALSE,FALSE,TRUE,FALSE,FALSE,FALSE,FALSE,FALSE,FALSE,FALSE,FALSE
https://timna-database.wikibase.cloud/entity/Q529,Site_255,34.95098221,29.78778377,Pottery_Scatter,FALSE,FALSE,FALSE,FALSE,TRUE,FALSE,FALSE,FALSE,FALSE,FALSE,TRUE,FALSE,FALSE,FALSE
https://timna-database.wikibase.cloud/entity/Q512,Site_015,34.95787498,29.78575802,Workshop,FALSE,FALSE,FALSE,FALSE,FALSE,TRUE,FALSE,FALSE,FALSE,FALSE,FALSE,FALSE,FALSE,FALSE
https://timna-database.wikibase.cloud/entity/Q509,Site_012,34.94860148,29.77638548,Cairn,FALSE,FALSE,FALSE,FALSE,TRUE,TRUE,FALSE,FALSE,FALSE,FALSE,FALSE,FALSE,FALSE,FALSE
https://timna-database.wikibase.cloud/entity/Q531,Site_419,34.95567939,29.78701687,Smelting,FALSE,FALSE,FALSE,FALSE,TRUE,FALSE,FALSE,FALSE,FALSE,FALSE,FALSE,FALSE,FALSE,FALSE
https://timna-database.wikibase.cloud/entity/Q510,Site_013,34.95599624,29.78434721,Tumulus,FALSE,FALSE,FALSE,FALSE,FALSE,TRUE,FALSE,FALSE,FALSE,FALSE,FALSE,FALSE,FALSE,FALSE
https://timna-database.wikibase.cloud/entity/Q512,Site_015,34.95787498,29.78575802,Flint_Scatter,FALSE,FALSE,FALSE,FALSE,FALSE,TRUE,FALSE,FALSE,FALSE,FALSE,FALSE,FALSE,FALSE,FALSE
https://timna-database.wikibase.cloud/entity/Q555,Site_024,34.94115967,29.79871623,Mining,FALSE,FALSE,FALSE,FALSE,TRUE,TRUE,FALSE,FALSE,FALSE,FALSE,FALSE,FALSE,FALSE,FALSE
https://timna-database.wikibase.cloud/entity/Q525,Site_185,34.96168613,29.77067268,Workshop,FALSE,FALSE,FALSE,FALSE,TRUE,FALSE,FALSE,FALSE,FALSE,FALSE,FALSE,FALSE,FALSE,FALSE
https://timna-database.wikibase.cloud/entity/Q730,Site_878-S27,34.93208847,29.79116522,Mining,FALSE,FALSE,FALSE,FALSE,FALSE,FALSE,FALSE,FALSE,FALSE,FALSE,FALSE,FALSE,FALSE,FALSE
https://timna-database.wikibase.cloud/entity/Q731,Site_878-S28,34.93199524,29.79121916,Mining_Shaft,FALSE,FALSE,FALSE,FALSE,FALSE,FALSE,FALSE,FALSE,FALSE,FALSE,FALSE,FALSE,FALSE,FALSE
https://timna-database.wikibase.cloud/entity/Q1631,Site_894,34.94771694,29.7934,Pottery_Scatter,FALSE,FALSE,FALSE,FALSE,FALSE,FALSE,FALSE,FALSE,FALSE,FALSE,FALSE,FALSE,FALSE,FALSE
https://timna-database.wikibase.cloud/entity/Q828,Site_609,34.97115398,29.79019344,Burial,FALSE,FALSE,FALSE,FALSE,FALSE,TRUE,TRUE,FALSE,FALSE,FALSE,FALSE,FALSE,FALSE,FALSE
https://timna-database.wikibase.cloud/entity/Q731,Site_878-S28,34.93199524,29.79121916,Mining,FALSE,FALSE,FALSE,FALSE,FALSE,FALSE,FALSE,FALSE,FALSE,FALSE,FALSE,FALSE,FALSE,FALSE
https://timna-database.wikibase.cloud/entity/Q730,Site_878-S27,34.93208847,29.79116522,Stone_Feature,FALSE,FALSE,FALSE,FALSE,FALSE,FALSE,FALSE,FALSE,FALSE,FALSE,FALSE,FALSE,FALSE,FALSE
https://timna-database.wikibase.cloud/entity/Q729,Site_646-004,34.96195498,29.77926131,Stone_Feature,FALSE,FALSE,FALSE,FALSE,FALSE,FALSE,FALSE,FALSE,FALSE,FALSE,FALSE,FALSE,FALSE,TRUE
https://timna-database.wikibase.cloud/entity/Q1389,Site_025-002,34.948103,29.800874,Petroglyph,FALSE,FALSE,FALSE,FALSE,TRUE,FALSE,FALSE,FALSE,FALSE,FALSE,FALSE,FALSE,FALSE,FALSE
https://timna-database.wikibase.cloud/entity/NA9,Site_025-003,34.948009,29.800593,Petroglyph,FALSE,FALSE,FALSE,FALSE,TRUE,FALSE,FALSE,FALSE,FALSE,FALSE,FALSE,FALSE,FALSE,FALSE
https://timna-database.wikibase.cloud/entity/Q1183,Site_831,34.97525168,29.80741292,Stone_Feature,FALSE,FALSE,FALSE,FALSE,TRUE,TRUE,FALSE,FALSE,FALSE,FALSE,FALSE,FALSE,FALSE,FALSE
https://timna-database.wikibase.cloud/entity/Q731,Site_878-S28,34.93199524,29.79121916,Stone_Feature,FALSE,FALSE,FALSE,FALSE,FALSE,FALSE,FALSE,FALSE,FALSE,FALSE,FALSE,FALSE,FALSE,FALSE
https://timna-database.wikibase.cloud/entity/Q828,Site_609,34.97115398,29.79019344,Stone_Feature,FALSE,FALSE,FALSE,FALSE,FALSE,TRUE,TRUE,FALSE,FALSE,FALSE,FALSE,FALSE,FALSE,FALSE
https://timna-database.wikibase.cloud/entity/Q825,Site_039-C,34.993889,29.763246,Flint_Scatter,FALSE,TRUE,TRUE,FALSE,FALSE,FALSE,FALSE,FALSE,FALSE,FALSE,FALSE,FALSE,FALSE,FALSE
https://timna-database.wikibase.cloud/entity/Q828,Site_609,34.97115398,29.79019344,Tumulus,FALSE,FALSE,FALSE,FALSE,FALSE,TRUE,TRUE,FALSE,FALSE,FALSE,FALSE,FALSE,FALSE,FALSE
https://timna-database.wikibase.cloud/entity/Q1180,Site_M105,34.96544444,29.75558333,Stone_Feature,FALSE,FALSE,FALSE,FALSE,FALSE,FALSE,FALSE,FALSE,FALSE,FALSE,FALSE,FALSE,FALSE,FALSE
https://timna-database.wikibase.cloud/entity/Q1157,Site_875,34.958994,29.77104,Burial,FALSE,FALSE,FALSE,FALSE,TRUE,TRUE,FALSE,FALSE,FALSE,FALSE,FALSE,FALSE,FALSE,FALSE
https://timna-database.wikibase.cloud/entity/Q1160,Site_878,34.931416,29.791313,Mining_Shaft,FALSE,TRUE,TRUE,FALSE,TRUE,TRUE,FALSE,FALSE,FALSE,FALSE,FALSE,FALSE,FALSE,FALSE
https://timna-database.wikibase.cloud/entity/Q729,Site_646-004,34.96195498,29.77926131,Quarrying,FALSE,FALSE,FALSE,FALSE,FALSE,FALSE,FALSE,FALSE,FALSE,FALSE,FALSE,FALSE,FALSE,TRUE
https://timna-database.wikibase.cloud/entity/Q1183,Site_831,34.97525168,29.80741292,Cairn,FALSE,FALSE,FALSE,FALSE,TRUE,TRUE,FALSE,FALSE,FALSE,FALSE,FALSE,FALSE,FALSE,FALSE
https://timna-database.wikibase.cloud/entity/Q1381,Site_025-001,34.94751,29.801096,Petroglyph,FALSE,FALSE,FALSE,FALSE,FALSE,TRUE,FALSE,FALSE,FALSE,FALSE,FALSE,FALSE,FALSE,FALSE
https://timna-database.wikibase.cloud/entity/Q1631,Site_894,34.94771694,29.7934,Stone_Feature,FALSE,FALSE,FALSE,FALSE,FALSE,FALSE,FALSE,FALSE,FALSE,FALSE,FALSE,FALSE,FALSE,FALSE
https://timna-database.wikibase.cloud/entity/Q825,Site_039-C,34.993889,29.763246,Slag_Scatter,FALSE,TRUE,TRUE,FALSE,FALSE,FALSE,FALSE,FALSE,FALSE,FALSE,FALSE,FALSE,FALSE,FALSE
https://timna-database.wikibase.cloud/entity/Q728,Site_M102,34.97880209,29.79712592,Quarrying,FALSE,FALSE,FALSE,FALSE,FALSE,FALSE,FALSE,FALSE,FALSE,FALSE,FALSE,FALSE,FALSE,TRUE
https://timna-database.wikibase.cloud/entity/Q828,Site_609,34.97115398,29.79019344,Cairn,FALSE,FALSE,FALSE,FALSE,FALSE,TRUE,TRUE,FALSE,FALSE,FALSE,FALSE,FALSE,FALSE,FALSE
https://timna-database.wikibase.cloud/entity/Q730,Site_878-S27,34.93208847,29.79116522,Mining_Shaft,FALSE,FALSE,FALSE,FALSE,FALSE,FALSE,FALSE,FALSE,FALSE,FALSE,FALSE,FALSE,FALSE,FALSE
https://timna-database.wikibase.cloud/entity/Q609,Site_611,34.97547335,29.7918248,Cairn,FALSE,FALSE,FALSE,FALSE,TRUE,TRUE,FALSE,FALSE,FALSE,FALSE,FALSE,FALSE,FALSE,FALSE
https://timna-database.wikibase.cloud/entity/Q610,Site_612,34.97533901,29.79177946,Cairn,FALSE,FALSE,FALSE,FALSE,TRUE,TRUE,FALSE,FALSE,FALSE,FALSE,FALSE,FALSE,FALSE,FALSE
https://timna-database.wikibase.cloud/entity/Q606,Site_607,34.96961298,29.79019072,Stone_Feature,FALSE,FALSE,FALSE,FALSE,TRUE,TRUE,FALSE,FALSE,FALSE,FALSE,FALSE,FALSE,FALSE,FALSE
https://timna-database.wikibase.cloud/entity/Q607,Site_608,34.97043057,29.78995762,Tumulus,FALSE,FALSE,FALSE,FALSE,TRUE,TRUE,FALSE,FALSE,FALSE,FALSE,FALSE,FALSE,FALSE,FALSE
https://timna-database.wikibase.cloud/entity/Q604,Site_605,34.9686197,29.79036937,Stone_Feature,FALSE,FALSE,FALSE,FALSE,TRUE,TRUE,FALSE,FALSE,FALSE,FALSE,FALSE,FALSE,FALSE,FALSE
https://timna-database.wikibase.cloud/entity/Q613,Site_615,34.94543801,29.780078,Stone_Feature,FALSE,FALSE,FALSE,FALSE,TRUE,TRUE,FALSE,FALSE,FALSE,FALSE,FALSE,FALSE,FALSE,FALSE
https://timna-database.wikibase.cloud/entity/Q606,Site_607,34.96961298,29.79019072,Tumulus,FALSE,FALSE,FALSE,FALSE,TRUE,TRUE,FALSE,FALSE,FALSE,FALSE,FALSE,FALSE,FALSE,FALSE
https://timna-database.wikibase.cloud/entity/Q602,Site_603,34.9671921,29.79052018,Burial,FALSE,FALSE,FALSE,FALSE,TRUE,TRUE,FALSE,FALSE,FALSE,FALSE,FALSE,FALSE,FALSE,FALSE
https://timna-database.wikibase.cloud/entity/Q614,Site_616,34.94563463,29.78002426,Stone_Feature,FALSE,FALSE,FALSE,FALSE,TRUE,TRUE,FALSE,FALSE,FALSE,FALSE,FALSE,FALSE,FALSE,FALSE
https://timna-database.wikibase.cloud/entity/Q604,Site_605,34.9686197,29.79036937,Tumulus,FALSE,FALSE,FALSE,FALSE,TRUE,TRUE,FALSE,FALSE,FALSE,FALSE,FALSE,FALSE,FALSE,FALSE
https://timna-database.wikibase.cloud/entity/Q613,Site_615,34.94543801,29.780078,Tumulus,FALSE,FALSE,FALSE,FALSE,TRUE,TRUE,FALSE,FALSE,FALSE,FALSE,FALSE,FALSE,FALSE,FALSE
https://timna-database.wikibase.cloud/entity/Q612,Site_614,34.94586123,29.78037652,Cairn,FALSE,FALSE,FALSE,FALSE,TRUE,TRUE,FALSE,FALSE,FALSE,FALSE,FALSE,FALSE,FALSE,FALSE
https://timna-database.wikibase.cloud/entity/Q616,Site_618,34.94567613,29.77997021,Burial,FALSE,FALSE,FALSE,FALSE,TRUE,TRUE,FALSE,FALSE,FALSE,FALSE,FALSE,FALSE,FALSE,FALSE
https://timna-database.wikibase.cloud/entity/Q603,Site_604,34.96803,29.79044951,Cairn,FALSE,FALSE,FALSE,FALSE,TRUE,TRUE,FALSE,FALSE,FALSE,FALSE,FALSE,FALSE,FALSE,FALSE
https://timna-database.wikibase.cloud/entity/Q615,Site_617,34.94561399,29.78000617,Burial,FALSE,FALSE,FALSE,FALSE,TRUE,TRUE,FALSE,FALSE,FALSE,FALSE,FALSE,FALSE,FALSE,FALSE
https://timna-database.wikibase.cloud/entity/Q614,Site_616,34.94563463,29.78002426,Tumulus,FALSE,FALSE,FALSE,FALSE,TRUE,TRUE,FALSE,FALSE,FALSE,FALSE,FALSE,FALSE,FALSE,FALSE
https://timna-database.wikibase.cloud/entity/Q608,Site_610,34.97238188,29.79142248,Predator_Trap,FALSE,FALSE,FALSE,FALSE,FALSE,FALSE,FALSE,FALSE,FALSE,FALSE,FALSE,FALSE,FALSE,FALSE
https://timna-database.wikibase.cloud/entity/Q605,Site_606,34.96884738,29.79030663,Cairn,FALSE,FALSE,FALSE,FALSE,TRUE,TRUE,FALSE,FALSE,FALSE,FALSE,FALSE,FALSE,FALSE,FALSE
https://timna-database.wikibase.cloud/entity/Q609,Site_611,34.97547335,29.7918248,Burial,FALSE,FALSE,FALSE,FALSE,TRUE,TRUE,FALSE,FALSE,FALSE,FALSE,FALSE,FALSE,FALSE,FALSE
https://timna-database.wikibase.cloud/entity/Q610,Site_612,34.97533901,29.79177946,Burial,FALSE,FALSE,FALSE,FALSE,TRUE,TRUE,FALSE,FALSE,FALSE,FALSE,FALSE,FALSE,FALSE,FALSE
https://timna-database.wikibase.cloud/entity/Q607,Site_608,34.97043057,29.78995762,Cairn,FALSE,FALSE,FALSE,FALSE,TRUE,TRUE,FALSE,FALSE,FALSE,FALSE,FALSE,FALSE,FALSE,FALSE
https://timna-database.wikibase.cloud/entity/Q606,Site_607,34.96961298,29.79019072,Cairn,FALSE,FALSE,FALSE,FALSE,TRUE,TRUE,FALSE,FALSE,FALSE,FALSE,FALSE,FALSE,FALSE,FALSE
https://timna-database.wikibase.cloud/entity/Q616,Site_618,34.94567613,29.77997021,Stone_Feature,FALSE,FALSE,FALSE,FALSE,TRUE,TRUE,FALSE,FALSE,FALSE,FALSE,FALSE,FALSE,FALSE,FALSE
https://timna-database.wikibase.cloud/entity/Q602,Site_603,34.9671921,29.79052018,Tumulus,FALSE,FALSE,FALSE,FALSE,TRUE,TRUE,FALSE,FALSE,FALSE,FALSE,FALSE,FALSE,FALSE,FALSE
https://timna-database.wikibase.cloud/entity/Q604,Site_605,34.9686197,29.79036937,Cairn,FALSE,FALSE,FALSE,FALSE,TRUE,TRUE,FALSE,FALSE,FALSE,FALSE,FALSE,FALSE,FALSE,FALSE
https://timna-database.wikibase.cloud/entity/Q613,Site_615,34.94543801,29.780078,Cairn,FALSE,FALSE,FALSE,FALSE,TRUE,TRUE,FALSE,FALSE,FALSE,FALSE,FALSE,FALSE,FALSE,FALSE
https://timna-database.wikibase.cloud/entity/Q615,Site_617,34.94561399,29.78000617,Stone_Feature,FALSE,FALSE,FALSE,FALSE,TRUE,TRUE,FALSE,FALSE,FALSE,FALSE,FALSE,FALSE,FALSE,FALSE
https://timna-database.wikibase.cloud/entity/Q612,Site_614,34.94586123,29.78037652,Burial,FALSE,FALSE,FALSE,FALSE,TRUE,TRUE,FALSE,FALSE,FALSE,FALSE,FALSE,FALSE,FALSE,FALSE
https://timna-database.wikibase.cloud/entity/Q614,Site_616,34.94563463,29.78002426,Cairn,FALSE,FALSE,FALSE,FALSE,TRUE,TRUE,FALSE,FALSE,FALSE,FALSE,FALSE,FALSE,FALSE,FALSE
https://timna-database.wikibase.cloud/entity/Q616,Site_618,34.94567613,29.77997021,Tumulus,FALSE,FALSE,FALSE,FALSE,TRUE,TRUE,FALSE,FALSE,FALSE,FALSE,FALSE,FALSE,FALSE,FALSE
https://timna-database.wikibase.cloud/entity/Q603,Site_604,34.96803,29.79044951,Burial,FALSE,FALSE,FALSE,FALSE,TRUE,TRUE,FALSE,FALSE,FALSE,FALSE,FALSE,FALSE,FALSE,FALSE
https://timna-database.wikibase.cloud/entity/Q609,Site_611,34.97547335,29.7918248,Stone_Feature,FALSE,FALSE,FALSE,FALSE,TRUE,TRUE,FALSE,FALSE,FALSE,FALSE,FALSE,FALSE,FALSE,FALSE
https://timna-database.wikibase.cloud/entity/Q615,Site_617,34.94561399,29.78000617,Tumulus,FALSE,FALSE,FALSE,FALSE,TRUE,TRUE,FALSE,FALSE,FALSE,FALSE,FALSE,FALSE,FALSE,FALSE
https://timna-database.wikibase.cloud/entity/Q610,Site_612,34.97533901,29.79177946,Stone_Feature,FALSE,FALSE,FALSE,FALSE,TRUE,TRUE,FALSE,FALSE,FALSE,FALSE,FALSE,FALSE,FALSE,FALSE
https://timna-database.wikibase.cloud/entity/Q605,Site_606,34.96884738,29.79030663,Burial,FALSE,FALSE,FALSE,FALSE,TRUE,TRUE,FALSE,FALSE,FALSE,FALSE,FALSE,FALSE,FALSE,FALSE
https://timna-database.wikibase.cloud/entity/Q609,Site_611,34.97547335,29.7918248,Tumulus,FALSE,FALSE,FALSE,FALSE,TRUE,TRUE,FALSE,FALSE,FALSE,FALSE,FALSE,FALSE,FALSE,FALSE
https://timna-database.wikibase.cloud/entity/Q610,Site_612,34.97533901,29.79177946,Tumulus,FALSE,FALSE,FALSE,FALSE,TRUE,TRUE,FALSE,FALSE,FALSE,FALSE,FALSE,FALSE,FALSE,FALSE
https://timna-database.wikibase.cloud/entity/Q607,Site_608,34.97043057,29.78995762,Burial,FALSE,FALSE,FALSE,FALSE,TRUE,TRUE,FALSE,FALSE,FALSE,FALSE,FALSE,FALSE,FALSE,FALSE
https://timna-database.wikibase.cloud/entity/Q606,Site_607,34.96961298,29.79019072,Burial,FALSE,FALSE,FALSE,FALSE,TRUE,TRUE,FALSE,FALSE,FALSE,FALSE,FALSE,FALSE,FALSE,FALSE
https://timna-database.wikibase.cloud/entity/Q612,Site_614,34.94586123,29.78037652,Stone_Feature,FALSE,FALSE,FALSE,FALSE,TRUE,TRUE,FALSE,FALSE,FALSE,FALSE,FALSE,FALSE,FALSE,FALSE
https://timna-database.wikibase.cloud/entity/Q608,Site_610,34.97238188,29.79142248,Stone_Feature,FALSE,FALSE,FALSE,FALSE,FALSE,FALSE,FALSE,FALSE,FALSE,FALSE,FALSE,FALSE,FALSE,FALSE
https://timna-database.wikibase.cloud/entity/Q603,Site_604,34.96803,29.79044951,Stone_Feature,FALSE,FALSE,FALSE,FALSE,TRUE,TRUE,FALSE,FALSE,FALSE,FALSE,FALSE,FALSE,FALSE,FALSE
https://timna-database.wikibase.cloud/entity/Q604,Site_605,34.9686197,29.79036937,Burial,FALSE,FALSE,FALSE,FALSE,TRUE,TRUE,FALSE,FALSE,FALSE,FALSE,FALSE,FALSE,FALSE,FALSE
https://timna-database.wikibase.cloud/entity/Q613,Site_615,34.94543801,29.780078,Burial,FALSE,FALSE,FALSE,FALSE,TRUE,TRUE,FALSE,FALSE,FALSE,FALSE,FALSE,FALSE,FALSE,FALSE
https://timna-database.wikibase.cloud/entity/Q616,Site_618,34.94567613,29.77997021,Cairn,FALSE,FALSE,FALSE,FALSE,TRUE,TRUE,FALSE,FALSE,FALSE,FALSE,FALSE,FALSE,FALSE,FALSE
https://timna-database.wikibase.cloud/entity/Q605,Site_606,34.96884738,29.79030663,Stone_Feature,FALSE,FALSE,FALSE,FALSE,TRUE,TRUE,FALSE,FALSE,FALSE,FALSE,FALSE,FALSE,FALSE,FALSE
https://timna-database.wikibase.cloud/entity/Q615,Site_617,34.94561399,29.78000617,Cairn,FALSE,FALSE,FALSE,FALSE,TRUE,TRUE,FALSE,FALSE,FALSE,FALSE,FALSE,FALSE,FALSE,FALSE
https://timna-database.wikibase.cloud/entity/Q612,Site_614,34.94586123,29.78037652,Tumulus,FALSE,FALSE,FALSE,FALSE,TRUE,TRUE,FALSE,FALSE,FALSE,FALSE,FALSE,FALSE,FALSE,FALSE
https://timna-database.wikibase.cloud/entity/Q614,Site_616,34.94563463,29.78002426,Burial,FALSE,FALSE,FALSE,FALSE,TRUE,TRUE,FALSE,FALSE,FALSE,FALSE,FALSE,FALSE,FALSE,FALSE
https://timna-database.wikibase.cloud/entity/Q603,Site_604,34.96803,29.79044951,Tumulus,FALSE,FALSE,FALSE,FALSE,TRUE,TRUE,FALSE,FALSE,FALSE,FALSE,FALSE,FALSE,FALSE,FALSE
https://timna-database.wikibase.cloud/entity/Q607,Site_608,34.97043057,29.78995762,Stone_Feature,FALSE,FALSE,FALSE,FALSE,TRUE,TRUE,FALSE,FALSE,FALSE,FALSE,FALSE,FALSE,FALSE,FALSE
https://timna-database.wikibase.cloud/entity/Q605,Site_606,34.96884738,29.79030663,Tumulus,FALSE,FALSE,FALSE,FALSE,TRUE,TRUE,FALSE,FALSE,FALSE,FALSE,FALSE,FALSE,FALSE,FALSE
https://timna-database.wikibase.cloud/entity/Q596,Site_254-A,34.94761897,29.77237819,Pottery_Scatter,FALSE,FALSE,FALSE,FALSE,TRUE,FALSE,FALSE,FALSE,FALSE,FALSE,FALSE,FALSE,FALSE,FALSE
https://timna-database.wikibase.cloud/entity/Q590,Site_211,34.93187832,29.79238264,Stone_Feature,FALSE,FALSE,FALSE,FALSE,TRUE,TRUE,FALSE,FALSE,FALSE,FALSE,FALSE,FALSE,FALSE,FALSE
https://timna-database.wikibase.cloud/entity/Q572,Site_088,34.96391026,29.80056379,Mining_Shaft,FALSE,FALSE,FALSE,FALSE,TRUE,TRUE,FALSE,FALSE,FALSE,FALSE,FALSE,FALSE,FALSE,FALSE
https://timna-database.wikibase.cloud/entity/Q601,Site_602,34.96681927,29.79073602,Stone_Feature,FALSE,FALSE,FALSE,FALSE,TRUE,TRUE,FALSE,FALSE,FALSE,FALSE,FALSE,FALSE,FALSE,FALSE
https://timna-database.wikibase.cloud/entity/Q600,Site_601,34.96634295,29.79097873,Tumulus,FALSE,FALSE,FALSE,FALSE,TRUE,TRUE,FALSE,FALSE,FALSE,FALSE,FALSE,FALSE,FALSE,FALSE
https://timna-database.wikibase.cloud/entity/Q586,Site_198,34.95985728,29.77010098,Pottery_Scatter,FALSE,FALSE,FALSE,FALSE,TRUE,TRUE,FALSE,FALSE,FALSE,FALSE,FALSE,FALSE,FALSE,FALSE
https://timna-database.wikibase.cloud/entity/Q572,Site_088,34.96391026,29.80056379,Mining,FALSE,FALSE,FALSE,FALSE,TRUE,TRUE,FALSE,FALSE,FALSE,FALSE,FALSE,FALSE,FALSE,FALSE
https://timna-database.wikibase.cloud/entity/Q602,Site_603,34.9671921,29.79052018,Cairn,FALSE,FALSE,FALSE,FALSE,TRUE,TRUE,FALSE,FALSE,FALSE,FALSE,FALSE,FALSE,FALSE,FALSE
https://timna-database.wikibase.cloud/entity/Q601,Site_602,34.96681927,29.79073602,Tumulus,FALSE,FALSE,FALSE,FALSE,TRUE,TRUE,FALSE,FALSE,FALSE,FALSE,FALSE,FALSE,FALSE,FALSE
https://timna-database.wikibase.cloud/entity/Q586,Site_198,34.95985728,29.77010098,Cultic ,FALSE,FALSE,FALSE,FALSE,TRUE,TRUE,FALSE,FALSE,FALSE,FALSE,FALSE,FALSE,FALSE,FALSE
https://timna-database.wikibase.cloud/entity/Q577,Site_117,34.93398075,29.77975737,Mining_Field_Placer,FALSE,TRUE,TRUE,FALSE,FALSE,FALSE,FALSE,FALSE,FALSE,FALSE,FALSE,FALSE,FALSE,FALSE
https://timna-database.wikibase.cloud/entity/Q583,Site_195,34.95922222,29.76944444,Stone_Feature,FALSE,FALSE,FALSE,FALSE,TRUE,TRUE,FALSE,FALSE,FALSE,FALSE,FALSE,FALSE,FALSE,FALSE
https://timna-database.wikibase.cloud/entity/Q585,Site_197,34.9605912,29.77020157,Petroglyph,FALSE,FALSE,FALSE,FALSE,FALSE,FALSE,FALSE,FALSE,FALSE,FALSE,FALSE,FALSE,FALSE,FALSE
https://timna-database.wikibase.cloud/entity/Q596,Site_254-A,34.94761897,29.77237819,Workshop,FALSE,FALSE,FALSE,FALSE,TRUE,FALSE,FALSE,FALSE,FALSE,FALSE,FALSE,FALSE,FALSE,FALSE
https://timna-database.wikibase.cloud/entity/Q578,Site_140,34.94121092,29.78308272,Mining_Field_Placer,FALSE,TRUE,FALSE,FALSE,FALSE,FALSE,FALSE,FALSE,FALSE,FALSE,FALSE,FALSE,FALSE,FALSE
https://timna-database.wikibase.cloud/entity/Q696,Site_753,34.94368221,29.75126095,Mining,FALSE,FALSE,FALSE,FALSE,TRUE,TRUE,FALSE,FALSE,FALSE,FALSE,FALSE,FALSE,FALSE,FALSE
https://timna-database.wikibase.cloud/entity/Q641,Site_642,34.95450986,29.77071345,Burial,FALSE,FALSE,FALSE,FALSE,TRUE,TRUE,FALSE,FALSE,FALSE,FALSE,FALSE,FALSE,FALSE,FALSE
https://timna-database.wikibase.cloud/entity/Q672,Site_729,34.94793933,29.79274855,Cairn,FALSE,FALSE,FALSE,FALSE,FALSE,FALSE,FALSE,FALSE,FALSE,FALSE,FALSE,FALSE,FALSE,FALSE
https://timna-database.wikibase.cloud/entity/Q671,Site_727,34.95388536,29.77235412,Stone_Feature,FALSE,FALSE,FALSE,FALSE,FALSE,FALSE,FALSE,FALSE,FALSE,FALSE,FALSE,FALSE,FALSE,FALSE
https://timna-database.wikibase.cloud/entity/Q698,Site_755,34.94619444,29.76191667,Burial,FALSE,FALSE,FALSE,FALSE,FALSE,FALSE,FALSE,FALSE,FALSE,FALSE,FALSE,FALSE,FALSE,FALSE
https://timna-database.wikibase.cloud/entity/Q635,Site_637,34.95441774,29.77033438,Stone_Feature,FALSE,FALSE,FALSE,FALSE,TRUE,TRUE,FALSE,FALSE,FALSE,FALSE,FALSE,FALSE,FALSE,FALSE
https://timna-database.wikibase.cloud/entity/Q692,Site_749,34.9379567,29.77399191,Stone_Feature,FALSE,FALSE,FALSE,FALSE,FALSE,FALSE,FALSE,FALSE,FALSE,FALSE,FALSE,FALSE,FALSE,FALSE
https://timna-database.wikibase.cloud/entity/Q697,Site_754,34.96365395,29.78232259,Stone_Feature,FALSE,FALSE,FALSE,FALSE,FALSE,FALSE,FALSE,FALSE,FALSE,FALSE,FALSE,FALSE,FALSE,FALSE
https://timna-database.wikibase.cloud/entity/Q656,Site_711,34.94225563,29.75122205,Cairn,FALSE,FALSE,FALSE,FALSE,FALSE,FALSE,FALSE,FALSE,FALSE,FALSE,FALSE,FALSE,FALSE,FALSE
https://timna-database.wikibase.cloud/entity/Q666,Site_722,34.93732389,29.79424308,Stone_Feature,FALSE,FALSE,FALSE,FALSE,TRUE,TRUE,FALSE,FALSE,FALSE,FALSE,FALSE,FALSE,FALSE,FALSE
https://timna-database.wikibase.cloud/entity/Q671,Site_727,34.95388536,29.77235412,Tumulus,FALSE,FALSE,FALSE,FALSE,FALSE,FALSE,FALSE,FALSE,FALSE,FALSE,FALSE,FALSE,FALSE,FALSE
https://timna-database.wikibase.cloud/entity/Q656,Site_711,34.94225563,29.75122205,Predator_Trap,FALSE,FALSE,FALSE,FALSE,FALSE,FALSE,FALSE,FALSE,FALSE,FALSE,FALSE,FALSE,FALSE,FALSE
https://timna-database.wikibase.cloud/entity/Q665,Site_721,34.92631373,29.78875359,Rock_Inscription,FALSE,FALSE,FALSE,FALSE,FALSE,FALSE,FALSE,FALSE,FALSE,FALSE,FALSE,FALSE,FALSE,FALSE
https://timna-database.wikibase.cloud/entity/Q635,Site_637,34.95441774,29.77033438,Tumulus,FALSE,FALSE,FALSE,FALSE,TRUE,TRUE,FALSE,FALSE,FALSE,FALSE,FALSE,FALSE,FALSE,FALSE
https://timna-database.wikibase.cloud/entity/Q692,Site_749,34.9379567,29.77399191,Tumulus,FALSE,FALSE,FALSE,FALSE,FALSE,FALSE,FALSE,FALSE,FALSE,FALSE,FALSE,FALSE,FALSE,FALSE
https://timna-database.wikibase.cloud/entity/Q695,Site_752,34.94442587,29.75153305,Stone_Feature,FALSE,FALSE,FALSE,FALSE,FALSE,FALSE,FALSE,FALSE,FALSE,FALSE,FALSE,FALSE,FALSE,FALSE
https://timna-database.wikibase.cloud/entity/Q699,Site_756,34.93621388,29.75667678,Stone_Feature,FALSE,FALSE,FALSE,FALSE,FALSE,FALSE,FALSE,FALSE,FALSE,FALSE,FALSE,FALSE,FALSE,FALSE
https://timna-database.wikibase.cloud/entity/Q651,Site_705,34.96232849,29.74863512,Stone_Feature,FALSE,FALSE,FALSE,FALSE,FALSE,FALSE,FALSE,FALSE,FALSE,FALSE,FALSE,FALSE,FALSE,FALSE
https://timna-database.wikibase.cloud/entity/Q641,Site_642,34.95450986,29.77071345,Stone_Feature,FALSE,FALSE,FALSE,FALSE,TRUE,TRUE,FALSE,FALSE,FALSE,FALSE,FALSE,FALSE,FALSE,FALSE
https://timna-database.wikibase.cloud/entity/Q668,Site_724,34.9363797,29.79536881,Mining_Field,FALSE,FALSE,FALSE,FALSE,TRUE,TRUE,FALSE,FALSE,FALSE,FALSE,FALSE,FALSE,FALSE,FALSE
https://timna-database.wikibase.cloud/entity/Q699,Site_756,34.93621388,29.75667678,Tumulus,FALSE,FALSE,FALSE,FALSE,FALSE,FALSE,FALSE,FALSE,FALSE,FALSE,FALSE,FALSE,FALSE,FALSE
https://timna-database.wikibase.cloud/entity/Q698,Site_755,34.94619444,29.76191667,Stone_Feature,FALSE,FALSE,FALSE,FALSE,FALSE,FALSE,FALSE,FALSE,FALSE,FALSE,FALSE,FALSE,FALSE,FALSE
https://timna-database.wikibase.cloud/entity/Q641,Site_642,34.95450986,29.77071345,Tumulus,FALSE,FALSE,FALSE,FALSE,TRUE,TRUE,FALSE,FALSE,FALSE,FALSE,FALSE,FALSE,FALSE,FALSE
https://timna-database.wikibase.cloud/entity/Q668,Site_724,34.9363797,29.79536881,Mining_Shaft,FALSE,FALSE,FALSE,FALSE,TRUE,TRUE,FALSE,FALSE,FALSE,FALSE,FALSE,FALSE,FALSE,FALSE
https://timna-database.wikibase.cloud/entity/Q690,Site_747,34.94418605,29.77233539,Stone_Feature,FALSE,FALSE,FALSE,FALSE,FALSE,FALSE,FALSE,FALSE,FALSE,FALSE,FALSE,FALSE,FALSE,FALSE
https://timna-database.wikibase.cloud/entity/Q698,Site_755,34.94619444,29.76191667,Tumulus,FALSE,FALSE,FALSE,FALSE,FALSE,FALSE,FALSE,FALSE,FALSE,FALSE,FALSE,FALSE,FALSE,FALSE
https://timna-database.wikibase.cloud/entity/Q668,Site_724,34.9363797,29.79536881,Mining,FALSE,FALSE,FALSE,FALSE,TRUE,TRUE,FALSE,FALSE,FALSE,FALSE,FALSE,FALSE,FALSE,FALSE
https://timna-database.wikibase.cloud/entity/Q671,Site_727,34.95388536,29.77235412,Cairn,FALSE,FALSE,FALSE,FALSE,FALSE,FALSE,FALSE,FALSE,FALSE,FALSE,FALSE,FALSE,FALSE,FALSE
https://timna-database.wikibase.cloud/entity/Q635,Site_637,34.95441774,29.77033438,Cairn,FALSE,FALSE,FALSE,FALSE,TRUE,TRUE,FALSE,FALSE,FALSE,FALSE,FALSE,FALSE,FALSE,FALSE
https://timna-database.wikibase.cloud/entity/Q692,Site_749,34.9379567,29.77399191,Cairn,FALSE,FALSE,FALSE,FALSE,FALSE,FALSE,FALSE,FALSE,FALSE,FALSE,FALSE,FALSE,FALSE,FALSE
https://timna-database.wikibase.cloud/entity/Q697,Site_754,34.96365395,29.78232259,Cairn,FALSE,FALSE,FALSE,FALSE,FALSE,FALSE,FALSE,FALSE,FALSE,FALSE,FALSE,FALSE,FALSE,FALSE
https://timna-database.wikibase.cloud/entity/Q667,Site_723,34.92860087,29.7919699,Mining_Field,FALSE,FALSE,FALSE,FALSE,TRUE,TRUE,FALSE,FALSE,FALSE,FALSE,FALSE,FALSE,FALSE,FALSE
https://timna-database.wikibase.cloud/entity/Q689,Site_744,34.92595347,29.78066087,Mining_Shaft,FALSE,FALSE,FALSE,FALSE,FALSE,FALSE,FALSE,FALSE,FALSE,FALSE,FALSE,FALSE,FALSE,FALSE
https://timna-database.wikibase.cloud/entity/Q688,Site_743,34.92603854,29.77981307,Mining_Shaft,FALSE,FALSE,FALSE,FALSE,FALSE,FALSE,FALSE,FALSE,FALSE,FALSE,FALSE,FALSE,FALSE,FALSE
https://timna-database.wikibase.cloud/entity/Q667,Site_723,34.92860087,29.7919699,Mining_Shaft,FALSE,FALSE,FALSE,FALSE,TRUE,TRUE,FALSE,FALSE,FALSE,FALSE,FALSE,FALSE,FALSE,FALSE
https://timna-database.wikibase.cloud/entity/Q699,Site_756,34.93621388,29.75667678,Cairn,FALSE,FALSE,FALSE,FALSE,FALSE,FALSE,FALSE,FALSE,FALSE,FALSE,FALSE,FALSE,FALSE,FALSE
https://timna-database.wikibase.cloud/entity/Q672,Site_729,34.94793933,29.79274855,Stone_Feature,FALSE,FALSE,FALSE,FALSE,FALSE,FALSE,FALSE,FALSE,FALSE,FALSE,FALSE,FALSE,FALSE,FALSE
https://timna-database.wikibase.cloud/entity/Q668,Site_724,34.9363797,29.79536881,Stone_Feature,FALSE,FALSE,FALSE,FALSE,TRUE,TRUE,FALSE,FALSE,FALSE,FALSE,FALSE,FALSE,FALSE,FALSE
https://timna-database.wikibase.cloud/entity/Q689,Site_744,34.92595347,29.78066087,Mining,FALSE,FALSE,FALSE,FALSE,FALSE,FALSE,FALSE,FALSE,FALSE,FALSE,FALSE,FALSE,FALSE,FALSE
https://timna-database.wikibase.cloud/entity/Q688,Site_743,34.92603854,29.77981307,Mining,FALSE,FALSE,FALSE,FALSE,FALSE,FALSE,FALSE,FALSE,FALSE,FALSE,FALSE,FALSE,FALSE,FALSE
https://timna-database.wikibase.cloud/entity/Q641,Site_642,34.95450986,29.77071345,Cairn,FALSE,FALSE,FALSE,FALSE,TRUE,TRUE,FALSE,FALSE,FALSE,FALSE,FALSE,FALSE,FALSE,FALSE
https://timna-database.wikibase.cloud/entity/Q653,Site_707,34.95794444,29.76780556,Burial,FALSE,FALSE,FALSE,FALSE,TRUE,TRUE,FALSE,FALSE,FALSE,FALSE,FALSE,FALSE,FALSE,FALSE
https://timna-database.wikibase.cloud/entity/Q667,Site_723,34.92860087,29.7919699,Mining,FALSE,FALSE,FALSE,FALSE,TRUE,TRUE,FALSE,FALSE,FALSE,FALSE,FALSE,FALSE,FALSE,FALSE
https://timna-database.wikibase.cloud/entity/Q656,Site_711,34.94225563,29.75122205,Stone_Feature,FALSE,FALSE,FALSE,FALSE,FALSE,FALSE,FALSE,FALSE,FALSE,FALSE,FALSE,FALSE,FALSE,FALSE
https://timna-database.wikibase.cloud/entity/Q653,Site_707,34.95794444,29.76780556,Unknown,FALSE,FALSE,FALSE,FALSE,TRUE,TRUE,FALSE,FALSE,FALSE,FALSE,FALSE,FALSE,FALSE,FALSE
https://timna-database.wikibase.cloud/entity/Q698,Site_755,34.94619444,29.76191667,Cairn,FALSE,FALSE,FALSE,FALSE,FALSE,FALSE,FALSE,FALSE,FALSE,FALSE,FALSE,FALSE,FALSE,FALSE
https://timna-database.wikibase.cloud/entity/Q691,Site_748,34.94125893,29.7726273,Stone_Feature,FALSE,FALSE,FALSE,FALSE,FALSE,FALSE,FALSE,FALSE,FALSE,FALSE,FALSE,FALSE,FALSE,FALSE
https://timna-database.wikibase.cloud/entity/Q666,Site_722,34.93732389,29.79424308,Mining_Field,FALSE,FALSE,FALSE,FALSE,TRUE,TRUE,FALSE,FALSE,FALSE,FALSE,FALSE,FALSE,FALSE,FALSE
https://timna-database.wikibase.cloud/entity/Q689,Site_744,34.92595347,29.78066087,Stone_Feature,FALSE,FALSE,FALSE,FALSE,FALSE,FALSE,FALSE,FALSE,FALSE,FALSE,FALSE,FALSE,FALSE,FALSE
https://timna-database.wikibase.cloud/entity/Q671,Site_727,34.95388536,29.77235412,Burial,FALSE,FALSE,FALSE,FALSE,FALSE,FALSE,FALSE,FALSE,FALSE,FALSE,FALSE,FALSE,FALSE,FALSE
https://timna-database.wikibase.cloud/entity/Q688,Site_743,34.92603854,29.77981307,Stone_Feature,FALSE,FALSE,FALSE,FALSE,FALSE,FALSE,FALSE,FALSE,FALSE,FALSE,FALSE,FALSE,FALSE,FALSE
https://timna-database.wikibase.cloud/entity/Q696,Site_753,34.94368221,29.75126095,Mining_Field,FALSE,FALSE,FALSE,FALSE,TRUE,TRUE,FALSE,FALSE,FALSE,FALSE,FALSE,FALSE,FALSE,FALSE
https://timna-database.wikibase.cloud/entity/Q667,Site_723,34.92860087,29.7919699,Stone_Feature,FALSE,FALSE,FALSE,FALSE,TRUE,TRUE,FALSE,FALSE,FALSE,FALSE,FALSE,FALSE,FALSE,FALSE
https://timna-database.wikibase.cloud/entity/Q635,Site_637,34.95441774,29.77033438,Burial,FALSE,FALSE,FALSE,FALSE,TRUE,TRUE,FALSE,FALSE,FALSE,FALSE,FALSE,FALSE,FALSE,FALSE
https://timna-database.wikibase.cloud/entity/Q666,Site_722,34.93732389,29.79424308,Mining_Shaft,FALSE,FALSE,FALSE,FALSE,TRUE,TRUE,FALSE,FALSE,FALSE,FALSE,FALSE,FALSE,FALSE,FALSE
https://timna-database.wikibase.cloud/entity/Q692,Site_749,34.9379567,29.77399191,Burial,FALSE,FALSE,FALSE,FALSE,FALSE,FALSE,FALSE,FALSE,FALSE,FALSE,FALSE,FALSE,FALSE,FALSE
https://timna-database.wikibase.cloud/entity/Q697,Site_754,34.96365395,29.78232259,Burial,FALSE,FALSE,FALSE,FALSE,FALSE,FALSE,FALSE,FALSE,FALSE,FALSE,FALSE,FALSE,FALSE,FALSE
https://timna-database.wikibase.cloud/entity/Q689,Site_744,34.92595347,29.78066087,Mining_Gallery,FALSE,FALSE,FALSE,FALSE,FALSE,FALSE,FALSE,FALSE,FALSE,FALSE,FALSE,FALSE,FALSE,FALSE
https://timna-database.wikibase.cloud/entity/Q696,Site_753,34.94368221,29.75126095,Mining_Shaft,FALSE,FALSE,FALSE,FALSE,TRUE,TRUE,FALSE,FALSE,FALSE,FALSE,FALSE,FALSE,FALSE,FALSE
https://timna-database.wikibase.cloud/entity/Q653,Site_707,34.95794444,29.76780556,Stone_Feature,FALSE,FALSE,FALSE,FALSE,TRUE,TRUE,FALSE,FALSE,FALSE,FALSE,FALSE,FALSE,FALSE,FALSE
https://timna-database.wikibase.cloud/entity/Q651,Site_705,34.96232849,29.74863512,Flint_Scatter,FALSE,FALSE,FALSE,FALSE,FALSE,FALSE,FALSE,FALSE,FALSE,FALSE,FALSE,FALSE,FALSE,FALSE
https://timna-database.wikibase.cloud/entity/Q666,Site_722,34.93732389,29.79424308,Mining,FALSE,FALSE,FALSE,FALSE,TRUE,TRUE,FALSE,FALSE,FALSE,FALSE,FALSE,FALSE,FALSE,FALSE
https://timna-database.wikibase.cloud/entity/Q598,Site_412,34.99910639,29.79160198,Stone_Feature,FALSE,TRUE,TRUE,FALSE,FALSE,FALSE,FALSE,FALSE,FALSE,FALSE,FALSE,FALSE,FALSE,FALSE
https://timna-database.wikibase.cloud/entity/Q600,Site_601,34.96634295,29.79097873,Cairn,FALSE,FALSE,FALSE,FALSE,TRUE,TRUE,FALSE,FALSE,FALSE,FALSE,FALSE,FALSE,FALSE,FALSE
https://timna-database.wikibase.cloud/entity/Q545,Site_008,34.93240764,29.78787317,Mining_Shaft,FALSE,FALSE,FALSE,FALSE,FALSE,FALSE,FALSE,FALSE,FALSE,FALSE,FALSE,FALSE,FALSE,FALSE
https://timna-database.wikibase.cloud/entity/Q597,Site_254-B,34.948,29.77238889,Stone_Feature,FALSE,FALSE,FALSE,FALSE,TRUE,FALSE,FALSE,FALSE,FALSE,FALSE,FALSE,FALSE,FALSE,FALSE
https://timna-database.wikibase.cloud/entity/Q601,Site_602,34.96681927,29.79073602,Cairn,FALSE,FALSE,FALSE,FALSE,TRUE,TRUE,FALSE,FALSE,FALSE,FALSE,FALSE,FALSE,FALSE,FALSE
https://timna-database.wikibase.cloud/entity/Q585,Site_197,34.9605912,29.77020157,Stone_Feature,FALSE,FALSE,FALSE,FALSE,FALSE,FALSE,FALSE,FALSE,FALSE,FALSE,FALSE,FALSE,FALSE,FALSE
https://timna-database.wikibase.cloud/entity/Q577,Site_117,34.93398075,29.77975737,Mining_Field,FALSE,TRUE,TRUE,FALSE,FALSE,FALSE,FALSE,FALSE,FALSE,FALSE,FALSE,FALSE,FALSE,FALSE
https://timna-database.wikibase.cloud/entity/Q545,Site_008,34.93240764,29.78787317,Mining,FALSE,FALSE,FALSE,FALSE,FALSE,FALSE,FALSE,FALSE,FALSE,FALSE,FALSE,FALSE,FALSE,FALSE
https://timna-database.wikibase.cloud/entity/Q595,Site_253,34.94704816,29.79341438,Petroglyph,FALSE,FALSE,FALSE,FALSE,FALSE,FALSE,FALSE,FALSE,TRUE,TRUE,FALSE,FALSE,FALSE,FALSE
https://timna-database.wikibase.cloud/entity/Q591,Site_212,34.932915,29.79148266,Mining_Field,FALSE,TRUE,TRUE,FALSE,TRUE,TRUE,FALSE,FALSE,FALSE,FALSE,FALSE,FALSE,FALSE,FALSE
https://timna-database.wikibase.cloud/entity/Q577,Site_117,34.93398075,29.77975737,Mining,FALSE,TRUE,TRUE,FALSE,FALSE,FALSE,FALSE,FALSE,FALSE,FALSE,FALSE,FALSE,FALSE,FALSE
https://timna-database.wikibase.cloud/entity/Q582,Site_194,34.95963889,29.76958333,Stone_Feature,FALSE,FALSE,FALSE,FALSE,TRUE,TRUE,FALSE,FALSE,FALSE,FALSE,FALSE,FALSE,FALSE,FALSE
https://timna-database.wikibase.cloud/entity/Q572,Site_088,34.96391026,29.80056379,Pottery_Scatter,FALSE,FALSE,FALSE,FALSE,TRUE,TRUE,FALSE,FALSE,FALSE,FALSE,FALSE,FALSE,FALSE,FALSE
https://timna-database.wikibase.cloud/entity/Q578,Site_140,34.94121092,29.78308272,Mining_Field,FALSE,TRUE,FALSE,FALSE,FALSE,FALSE,FALSE,FALSE,FALSE,FALSE,FALSE,FALSE,FALSE,FALSE
https://timna-database.wikibase.cloud/entity/Q596,Site_254-A,34.94761897,29.77237819,Stone_Feature,FALSE,FALSE,FALSE,FALSE,TRUE,FALSE,FALSE,FALSE,FALSE,FALSE,FALSE,FALSE,FALSE,FALSE
https://timna-database.wikibase.cloud/entity/Q587,Site_199,34.95955556,29.771,Burial,FALSE,FALSE,FALSE,FALSE,TRUE,TRUE,FALSE,FALSE,FALSE,FALSE,FALSE,FALSE,FALSE,FALSE
https://timna-database.wikibase.cloud/entity/Q589,Site_210,34.93291013,29.79328688,Mining_Field,FALSE,FALSE,FALSE,FALSE,TRUE,TRUE,FALSE,FALSE,FALSE,FALSE,FALSE,FALSE,FALSE,FALSE
https://timna-database.wikibase.cloud/entity/Q590,Site_211,34.93187832,29.79238264,Mining_Field,FALSE,FALSE,FALSE,FALSE,TRUE,TRUE,FALSE,FALSE,FALSE,FALSE,FALSE,FALSE,FALSE,FALSE
https://timna-database.wikibase.cloud/entity/Q591,Site_212,34.932915,29.79148266,Mining,FALSE,TRUE,TRUE,FALSE,TRUE,TRUE,FALSE,FALSE,FALSE,FALSE,FALSE,FALSE,FALSE,FALSE
https://timna-database.wikibase.cloud/entity/Q587,Site_199,34.95955556,29.771,Unknown,FALSE,FALSE,FALSE,FALSE,TRUE,TRUE,FALSE,FALSE,FALSE,FALSE,FALSE,FALSE,FALSE,FALSE
https://timna-database.wikibase.cloud/entity/Q589,Site_210,34.93291013,29.79328688,Mining_Shaft,FALSE,FALSE,FALSE,FALSE,TRUE,TRUE,FALSE,FALSE,FALSE,FALSE,FALSE,FALSE,FALSE,FALSE
https://timna-database.wikibase.cloud/entity/Q602,Site_603,34.9671921,29.79052018,Stone_Feature,FALSE,FALSE,FALSE,FALSE,TRUE,TRUE,FALSE,FALSE,FALSE,FALSE,FALSE,FALSE,FALSE,FALSE
https://timna-database.wikibase.cloud/entity/Q600,Site_601,34.96634295,29.79097873,Burial,FALSE,FALSE,FALSE,FALSE,TRUE,TRUE,FALSE,FALSE,FALSE,FALSE,FALSE,FALSE,FALSE,FALSE
https://timna-database.wikibase.cloud/entity/Q586,Site_198,34.95985728,29.77010098,Stone_Feature,FALSE,FALSE,FALSE,FALSE,TRUE,TRUE,FALSE,FALSE,FALSE,FALSE,FALSE,FALSE,FALSE,FALSE
https://timna-database.wikibase.cloud/entity/Q595,Site_253,34.94704816,29.79341438,Stone_Feature,FALSE,FALSE,FALSE,FALSE,FALSE,FALSE,FALSE,FALSE,TRUE,TRUE,FALSE,FALSE,FALSE,FALSE
https://timna-database.wikibase.cloud/entity/Q601,Site_602,34.96681927,29.79073602,Burial,FALSE,FALSE,FALSE,FALSE,TRUE,TRUE,FALSE,FALSE,FALSE,FALSE,FALSE,FALSE,FALSE,FALSE
https://timna-database.wikibase.cloud/entity/Q598,Site_412,34.99910639,29.79160198,Cultic ,FALSE,TRUE,TRUE,FALSE,FALSE,FALSE,FALSE,FALSE,FALSE,FALSE,FALSE,FALSE,FALSE,FALSE
https://timna-database.wikibase.cloud/entity/Q577,Site_117,34.93398075,29.77975737,Stone_Feature,FALSE,TRUE,TRUE,FALSE,FALSE,FALSE,FALSE,FALSE,FALSE,FALSE,FALSE,FALSE,FALSE,FALSE
https://timna-database.wikibase.cloud/entity/Q578,Site_140,34.94121092,29.78308272,Mining,FALSE,TRUE,FALSE,FALSE,FALSE,FALSE,FALSE,FALSE,FALSE,FALSE,FALSE,FALSE,FALSE,FALSE
https://timna-database.wikibase.cloud/entity/Q589,Site_210,34.93291013,29.79328688,Mining,FALSE,FALSE,FALSE,FALSE,TRUE,TRUE,FALSE,FALSE,FALSE,FALSE,FALSE,FALSE,FALSE,FALSE
https://timna-database.wikibase.cloud/entity/Q590,Site_211,34.93187832,29.79238264,Mining,FALSE,FALSE,FALSE,FALSE,TRUE,TRUE,FALSE,FALSE,FALSE,FALSE,FALSE,FALSE,FALSE,FALSE
https://timna-database.wikibase.cloud/entity/Q591,Site_212,34.932915,29.79148266,Stone_Feature,FALSE,TRUE,TRUE,FALSE,TRUE,TRUE,FALSE,FALSE,FALSE,FALSE,FALSE,FALSE,FALSE,FALSE
https://timna-database.wikibase.cloud/entity/Q576,Site_112,34.95986,29.76898236,Cultic ,FALSE,FALSE,FALSE,FALSE,FALSE,FALSE,FALSE,FALSE,FALSE,FALSE,FALSE,FALSE,FALSE,FALSE
https://timna-database.wikibase.cloud/entity/Q572,Site_088,34.96391026,29.80056379,Mining_Field,FALSE,FALSE,FALSE,FALSE,TRUE,TRUE,FALSE,FALSE,FALSE,FALSE,FALSE,FALSE,FALSE,FALSE
https://timna-database.wikibase.cloud/entity/Q600,Site_601,34.96634295,29.79097873,Stone_Feature,FALSE,FALSE,FALSE,FALSE,TRUE,TRUE,FALSE,FALSE,FALSE,FALSE,FALSE,FALSE,FALSE,FALSE
https://timna-database.wikibase.cloud/entity/Q578,Site_140,34.94121092,29.78308272,Stone_Feature,FALSE,TRUE,FALSE,FALSE,FALSE,FALSE,FALSE,FALSE,FALSE,FALSE,FALSE,FALSE,FALSE,FALSE
https://timna-database.wikibase.cloud/entity/Q572,Site_088,34.96391026,29.80056379,Flint_Scatter,FALSE,FALSE,FALSE,FALSE,TRUE,TRUE,FALSE,FALSE,FALSE,FALSE,FALSE,FALSE,FALSE,FALSE
https://timna-database.wikibase.cloud/entity/Q589,Site_210,34.93291013,29.79328688,Stone_Feature,FALSE,FALSE,FALSE,FALSE,TRUE,TRUE,FALSE,FALSE,FALSE,FALSE,FALSE,FALSE,FALSE,FALSE
https://timna-database.wikibase.cloud/entity/Q658,Site_714,35.00029022,29.78924027,Stone_Feature,FALSE,FALSE,FALSE,FALSE,FALSE,FALSE,FALSE,FALSE,FALSE,FALSE,FALSE,FALSE,FALSE,FALSE
https://timna-database.wikibase.cloud/entity/Q626,Site_628,34.94986083,29.78135856,Tumulus,FALSE,FALSE,FALSE,FALSE,TRUE,TRUE,FALSE,FALSE,FALSE,FALSE,FALSE,FALSE,FALSE,FALSE
https://timna-database.wikibase.cloud/entity/Q622,Site_624,34.94679146,29.78056778,Stone_Feature,FALSE,FALSE,FALSE,FALSE,TRUE,TRUE,FALSE,FALSE,FALSE,FALSE,FALSE,FALSE,FALSE,FALSE
https://timna-database.wikibase.cloud/entity/Q650,Site_702,34.94774454,29.80018158,Mining,FALSE,TRUE,TRUE,FALSE,FALSE,FALSE,FALSE,FALSE,FALSE,FALSE,FALSE,FALSE,FALSE,FALSE
https://timna-database.wikibase.cloud/entity/Q628,Site_630,34.95175879,29.78329273,Tumulus,FALSE,FALSE,FALSE,FALSE,TRUE,TRUE,FALSE,FALSE,FALSE,FALSE,FALSE,FALSE,FALSE,FALSE
https://timna-database.wikibase.cloud/entity/Q627,Site_629,34.94976748,29.78146664,Tumulus,FALSE,FALSE,FALSE,FALSE,TRUE,TRUE,FALSE,FALSE,FALSE,FALSE,FALSE,FALSE,FALSE,FALSE
https://timna-database.wikibase.cloud/entity/Q630,Site_632,34.9528342,29.78333988,Burial,FALSE,FALSE,FALSE,FALSE,TRUE,TRUE,FALSE,FALSE,FALSE,FALSE,FALSE,FALSE,FALSE,FALSE
https://timna-database.wikibase.cloud/entity/Q624,Site_626,34.94867215,29.78113074,Burial,FALSE,FALSE,FALSE,FALSE,TRUE,TRUE,FALSE,FALSE,FALSE,FALSE,FALSE,FALSE,FALSE,FALSE
https://timna-database.wikibase.cloud/entity/Q658,Site_714,35.00029022,29.78924027,Tumulus,FALSE,FALSE,FALSE,FALSE,FALSE,FALSE,FALSE,FALSE,FALSE,FALSE,FALSE,FALSE,FALSE,FALSE
https://timna-database.wikibase.cloud/entity/Q622,Site_624,34.94679146,29.78056778,Tumulus,FALSE,FALSE,FALSE,FALSE,TRUE,TRUE,FALSE,FALSE,FALSE,FALSE,FALSE,FALSE,FALSE,FALSE
https://timna-database.wikibase.cloud/entity/Q642,Site_643,34.96367721,29.79421249,Cairn,FALSE,FALSE,FALSE,FALSE,TRUE,TRUE,FALSE,FALSE,FALSE,FALSE,FALSE,FALSE,FALSE,FALSE
https://timna-database.wikibase.cloud/entity/Q625,Site_627,34.9496441,29.78118675,Cairn,FALSE,FALSE,FALSE,FALSE,TRUE,TRUE,FALSE,FALSE,FALSE,FALSE,FALSE,FALSE,FALSE,FALSE
https://timna-database.wikibase.cloud/entity/Q650,Site_702,34.94774454,29.80018158,Stone_Feature,FALSE,TRUE,TRUE,FALSE,FALSE,FALSE,FALSE,FALSE,FALSE,FALSE,FALSE,FALSE,FALSE,FALSE
https://timna-database.wikibase.cloud/entity/Q629,Site_631,34.95252413,29.78326712,Burial,FALSE,FALSE,FALSE,FALSE,TRUE,TRUE,FALSE,FALSE,FALSE,FALSE,FALSE,FALSE,FALSE,FALSE
https://timna-database.wikibase.cloud/entity/Q623,Site_625,34.94815667,29.78050729,Cairn,FALSE,FALSE,FALSE,FALSE,TRUE,TRUE,FALSE,FALSE,FALSE,FALSE,FALSE,FALSE,FALSE,FALSE
https://timna-database.wikibase.cloud/entity/Q654,Site_087-001,34.96280599,29.79953337,Mining_Shaft,FALSE,FALSE,FALSE,FALSE,FALSE,FALSE,FALSE,FALSE,FALSE,FALSE,FALSE,FALSE,FALSE,FALSE
https://timna-database.wikibase.cloud/entity/Q662,Site_718,34.93579685,29.79673884,Stone_Feature,FALSE,FALSE,FALSE,FALSE,TRUE,TRUE,FALSE,FALSE,FALSE,FALSE,FALSE,FALSE,FALSE,FALSE
https://timna-database.wikibase.cloud/entity/Q621,Site_623,34.94675046,29.78042336,Burial,FALSE,FALSE,FALSE,FALSE,TRUE,TRUE,FALSE,FALSE,FALSE,FALSE,FALSE,FALSE,FALSE,FALSE
https://timna-database.wikibase.cloud/entity/Q626,Site_628,34.94986083,29.78135856,Cairn,FALSE,FALSE,FALSE,FALSE,TRUE,TRUE,FALSE,FALSE,FALSE,FALSE,FALSE,FALSE,FALSE,FALSE
https://timna-database.wikibase.cloud/entity/Q654,Site_087-001,34.96280599,29.79953337,Mining,FALSE,FALSE,FALSE,FALSE,FALSE,FALSE,FALSE,FALSE,FALSE,FALSE,FALSE,FALSE,FALSE,FALSE
https://timna-database.wikibase.cloud/entity/Q630,Site_632,34.9528342,29.78333988,Stone_Feature,FALSE,FALSE,FALSE,FALSE,TRUE,TRUE,FALSE,FALSE,FALSE,FALSE,FALSE,FALSE,FALSE,FALSE
https://timna-database.wikibase.cloud/entity/Q628,Site_630,34.95175879,29.78329273,Cairn,FALSE,FALSE,FALSE,FALSE,TRUE,TRUE,FALSE,FALSE,FALSE,FALSE,FALSE,FALSE,FALSE,FALSE
https://timna-database.wikibase.cloud/entity/Q624,Site_626,34.94867215,29.78113074,Stone_Feature,FALSE,FALSE,FALSE,FALSE,TRUE,TRUE,FALSE,FALSE,FALSE,FALSE,FALSE,FALSE,FALSE,FALSE
https://timna-database.wikibase.cloud/entity/Q627,Site_629,34.94976748,29.78146664,Cairn,FALSE,FALSE,FALSE,FALSE,TRUE,TRUE,FALSE,FALSE,FALSE,FALSE,FALSE,FALSE,FALSE,FALSE
https://timna-database.wikibase.cloud/entity/Q622,Site_624,34.94679146,29.78056778,Cairn,FALSE,FALSE,FALSE,FALSE,TRUE,TRUE,FALSE,FALSE,FALSE,FALSE,FALSE,FALSE,FALSE,FALSE
https://timna-database.wikibase.cloud/entity/Q629,Site_631,34.95252413,29.78326712,Stone_Feature,FALSE,FALSE,FALSE,FALSE,TRUE,TRUE,FALSE,FALSE,FALSE,FALSE,FALSE,FALSE,FALSE,FALSE
https://timna-database.wikibase.cloud/entity/Q630,Site_632,34.9528342,29.78333988,Tumulus,FALSE,FALSE,FALSE,FALSE,TRUE,TRUE,FALSE,FALSE,FALSE,FALSE,FALSE,FALSE,FALSE,FALSE
https://timna-database.wikibase.cloud/entity/Q624,Site_626,34.94867215,29.78113074,Tumulus,FALSE,FALSE,FALSE,FALSE,TRUE,TRUE,FALSE,FALSE,FALSE,FALSE,FALSE,FALSE,FALSE,FALSE
https://timna-database.wikibase.cloud/entity/Q654,Site_087-001,34.96280599,29.79953337,Stone_Feature,FALSE,FALSE,FALSE,FALSE,FALSE,FALSE,FALSE,FALSE,FALSE,FALSE,FALSE,FALSE,FALSE,FALSE
https://timna-database.wikibase.cloud/entity/Q642,Site_643,34.96367721,29.79421249,Burial,FALSE,FALSE,FALSE,FALSE,TRUE,TRUE,FALSE,FALSE,FALSE,FALSE,FALSE,FALSE,FALSE,FALSE
https://timna-database.wikibase.cloud/entity/Q625,Site_627,34.9496441,29.78118675,Burial,FALSE,FALSE,FALSE,FALSE,TRUE,TRUE,FALSE,FALSE,FALSE,FALSE,FALSE,FALSE,FALSE,FALSE
https://timna-database.wikibase.cloud/entity/Q629,Site_631,34.95252413,29.78326712,Tumulus,FALSE,FALSE,FALSE,FALSE,TRUE,TRUE,FALSE,FALSE,FALSE,FALSE,FALSE,FALSE,FALSE,FALSE
https://timna-database.wikibase.cloud/entity/Q623,Site_625,34.94815667,29.78050729,Burial,FALSE,FALSE,FALSE,FALSE,TRUE,TRUE,FALSE,FALSE,FALSE,FALSE,FALSE,FALSE,FALSE,FALSE
https://timna-database.wikibase.cloud/entity/Q654,Site_087-001,34.96280599,29.79953337,Mining_Gallery,FALSE,FALSE,FALSE,FALSE,FALSE,FALSE,FALSE,FALSE,FALSE,FALSE,FALSE,FALSE,FALSE,FALSE
https://timna-database.wikibase.cloud/entity/Q621,Site_623,34.94675046,29.78042336,Tumulus,FALSE,FALSE,FALSE,FALSE,TRUE,TRUE,FALSE,FALSE,FALSE,FALSE,FALSE,FALSE,FALSE,FALSE
https://timna-database.wikibase.cloud/entity/Q626,Site_628,34.94986083,29.78135856,Burial,FALSE,FALSE,FALSE,FALSE,TRUE,TRUE,FALSE,FALSE,FALSE,FALSE,FALSE,FALSE,FALSE,FALSE
https://timna-database.wikibase.cloud/entity/Q628,Site_630,34.95175879,29.78329273,Burial,FALSE,FALSE,FALSE,FALSE,TRUE,TRUE,FALSE,FALSE,FALSE,FALSE,FALSE,FALSE,FALSE,FALSE
https://timna-database.wikibase.cloud/entity/Q627,Site_629,34.94976748,29.78146664,Burial,FALSE,FALSE,FALSE,FALSE,TRUE,TRUE,FALSE,FALSE,FALSE,FALSE,FALSE,FALSE,FALSE,FALSE
https://timna-database.wikibase.cloud/entity/Q630,Site_632,34.9528342,29.78333988,Cairn,FALSE,FALSE,FALSE,FALSE,TRUE,TRUE,FALSE,FALSE,FALSE,FALSE,FALSE,FALSE,FALSE,FALSE
https://timna-database.wikibase.cloud/entity/Q624,Site_626,34.94867215,29.78113074,Cairn,FALSE,FALSE,FALSE,FALSE,TRUE,TRUE,FALSE,FALSE,FALSE,FALSE,FALSE,FALSE,FALSE,FALSE
https://timna-database.wikibase.cloud/entity/Q658,Site_714,35.00029022,29.78924027,Burial,FALSE,FALSE,FALSE,FALSE,FALSE,FALSE,FALSE,FALSE,FALSE,FALSE,FALSE,FALSE,FALSE,FALSE
https://timna-database.wikibase.cloud/entity/Q622,Site_624,34.94679146,29.78056778,Burial,FALSE,FALSE,FALSE,FALSE,TRUE,TRUE,FALSE,FALSE,FALSE,FALSE,FALSE,FALSE,FALSE,FALSE
https://timna-database.wikibase.cloud/entity/Q642,Site_643,34.96367721,29.79421249,Stone_Feature,FALSE,FALSE,FALSE,FALSE,TRUE,TRUE,FALSE,FALSE,FALSE,FALSE,FALSE,FALSE,FALSE,FALSE
https://timna-database.wikibase.cloud/entity/Q625,Site_627,34.9496441,29.78118675,Stone_Feature,FALSE,FALSE,FALSE,FALSE,TRUE,TRUE,FALSE,FALSE,FALSE,FALSE,FALSE,FALSE,FALSE,FALSE
https://timna-database.wikibase.cloud/entity/Q623,Site_625,34.94815667,29.78050729,Stone_Feature,FALSE,FALSE,FALSE,FALSE,TRUE,TRUE,FALSE,FALSE,FALSE,FALSE,FALSE,FALSE,FALSE,FALSE
https://timna-database.wikibase.cloud/entity/Q658,Site_714,35.00029022,29.78924027,Unknown,FALSE,FALSE,FALSE,FALSE,FALSE,FALSE,FALSE,FALSE,FALSE,FALSE,FALSE,FALSE,FALSE,FALSE
https://timna-database.wikibase.cloud/entity/Q629,Site_631,34.95252413,29.78326712,Cairn,FALSE,FALSE,FALSE,FALSE,TRUE,TRUE,FALSE,FALSE,FALSE,FALSE,FALSE,FALSE,FALSE,FALSE
https://timna-database.wikibase.cloud/entity/Q642,Site_643,34.96367721,29.79421249,Tumulus,FALSE,FALSE,FALSE,FALSE,TRUE,TRUE,FALSE,FALSE,FALSE,FALSE,FALSE,FALSE,FALSE,FALSE
https://timna-database.wikibase.cloud/entity/Q625,Site_627,34.9496441,29.78118675,Tumulus,FALSE,FALSE,FALSE,FALSE,TRUE,TRUE,FALSE,FALSE,FALSE,FALSE,FALSE,FALSE,FALSE,FALSE
https://timna-database.wikibase.cloud/entity/Q626,Site_628,34.94986083,29.78135856,Stone_Feature,FALSE,FALSE,FALSE,FALSE,TRUE,TRUE,FALSE,FALSE,FALSE,FALSE,FALSE,FALSE,FALSE,FALSE
https://timna-database.wikibase.cloud/entity/Q623,Site_625,34.94815667,29.78050729,Tumulus,FALSE,FALSE,FALSE,FALSE,TRUE,TRUE,FALSE,FALSE,FALSE,FALSE,FALSE,FALSE,FALSE,FALSE
https://timna-database.wikibase.cloud/entity/Q650,Site_702,34.94774454,29.80018158,Mining_Shaft,FALSE,TRUE,TRUE,FALSE,FALSE,FALSE,FALSE,FALSE,FALSE,FALSE,FALSE,FALSE,FALSE,FALSE
https://timna-database.wikibase.cloud/entity/Q628,Site_630,34.95175879,29.78329273,Stone_Feature,FALSE,FALSE,FALSE,FALSE,TRUE,TRUE,FALSE,FALSE,FALSE,FALSE,FALSE,FALSE,FALSE,FALSE
https://timna-database.wikibase.cloud/entity/Q627,Site_629,34.94976748,29.78146664,Stone_Feature,FALSE,FALSE,FALSE,FALSE,TRUE,TRUE,FALSE,FALSE,FALSE,FALSE,FALSE,FALSE,FALSE,FALSE
https://timna-database.wikibase.cloud/entity/Q611,Site_613,34.97525622,29.79179736,Tumulus,FALSE,FALSE,FALSE,FALSE,TRUE,TRUE,FALSE,FALSE,FALSE,FALSE,FALSE,FALSE,FALSE,FALSE
https://timna-database.wikibase.cloud/entity/Q618,Site_620,34.94621374,29.78002539,Tumulus,FALSE,FALSE,FALSE,FALSE,TRUE,TRUE,FALSE,FALSE,FALSE,FALSE,FALSE,FALSE,FALSE,FALSE
https://timna-database.wikibase.cloud/entity/Q620,Site_622,34.94657506,29.78026966,Tumulus,FALSE,FALSE,FALSE,FALSE,TRUE,TRUE,FALSE,FALSE,FALSE,FALSE,FALSE,FALSE,FALSE,FALSE
https://timna-database.wikibase.cloud/entity/Q634,Site_636,34.95311466,29.78284425,Cairn,FALSE,FALSE,FALSE,FALSE,TRUE,TRUE,FALSE,FALSE,FALSE,FALSE,FALSE,FALSE,FALSE,FALSE
https://timna-database.wikibase.cloud/entity/Q637,Site_639,34.95469164,29.77246389,Stone_Feature,FALSE,FALSE,FALSE,FALSE,TRUE,TRUE,FALSE,FALSE,FALSE,FALSE,FALSE,FALSE,FALSE,FALSE
https://timna-database.wikibase.cloud/entity/Q632,Site_634,34.95347497,29.78350348,Cairn,FALSE,FALSE,FALSE,FALSE,TRUE,TRUE,FALSE,FALSE,FALSE,FALSE,FALSE,FALSE,FALSE,FALSE
https://timna-database.wikibase.cloud/entity/Q631,Site_633,34.96359903,29.78366664,Burial,FALSE,FALSE,FALSE,FALSE,TRUE,TRUE,FALSE,FALSE,FALSE,FALSE,FALSE,FALSE,FALSE,FALSE
https://timna-database.wikibase.cloud/entity/Q639,Site_641,34.95362763,29.77203789,Cairn,FALSE,FALSE,FALSE,FALSE,TRUE,TRUE,FALSE,FALSE,FALSE,FALSE,FALSE,FALSE,FALSE,FALSE
https://timna-database.wikibase.cloud/entity/Q636,Site_638,34.95449623,29.77203953,Burial,FALSE,FALSE,FALSE,FALSE,TRUE,TRUE,FALSE,FALSE,FALSE,FALSE,FALSE,FALSE,FALSE,FALSE
https://timna-database.wikibase.cloud/entity/Q619,Site_621,34.94623419,29.78011564,Stone_Feature,FALSE,FALSE,FALSE,FALSE,TRUE,TRUE,FALSE,FALSE,FALSE,FALSE,FALSE,FALSE,FALSE,FALSE
https://timna-database.wikibase.cloud/entity/Q617,Site_619,34.94593455,29.78001582,Burial,FALSE,FALSE,FALSE,FALSE,TRUE,TRUE,FALSE,FALSE,FALSE,FALSE,FALSE,FALSE,FALSE,FALSE
https://timna-database.wikibase.cloud/entity/Q637,Site_639,34.95469164,29.77246389,Tumulus,FALSE,FALSE,FALSE,FALSE,TRUE,TRUE,FALSE,FALSE,FALSE,FALSE,FALSE,FALSE,FALSE,FALSE
https://timna-database.wikibase.cloud/entity/Q633,Site_635,34.95325807,29.78339482,Burial,FALSE,FALSE,FALSE,FALSE,TRUE,TRUE,FALSE,FALSE,FALSE,FALSE,FALSE,FALSE,FALSE,FALSE
https://timna-database.wikibase.cloud/entity/Q619,Site_621,34.94623419,29.78011564,Tumulus,FALSE,FALSE,FALSE,FALSE,TRUE,TRUE,FALSE,FALSE,FALSE,FALSE,FALSE,FALSE,FALSE,FALSE
https://timna-database.wikibase.cloud/entity/Q611,Site_613,34.97525622,29.79179736,Cairn,FALSE,FALSE,FALSE,FALSE,TRUE,TRUE,FALSE,FALSE,FALSE,FALSE,FALSE,FALSE,FALSE,FALSE
https://timna-database.wikibase.cloud/entity/Q618,Site_620,34.94621374,29.78002539,Cairn,FALSE,FALSE,FALSE,FALSE,TRUE,TRUE,FALSE,FALSE,FALSE,FALSE,FALSE,FALSE,FALSE,FALSE
https://timna-database.wikibase.cloud/entity/Q620,Site_622,34.94657506,29.78026966,Cairn,FALSE,FALSE,FALSE,FALSE,TRUE,TRUE,FALSE,FALSE,FALSE,FALSE,FALSE,FALSE,FALSE,FALSE
https://timna-database.wikibase.cloud/entity/Q631,Site_633,34.96359903,29.78366664,Stone_Feature,FALSE,FALSE,FALSE,FALSE,TRUE,TRUE,FALSE,FALSE,FALSE,FALSE,FALSE,FALSE,FALSE,FALSE
https://timna-database.wikibase.cloud/entity/Q636,Site_638,34.95449623,29.77203953,Stone_Feature,FALSE,FALSE,FALSE,FALSE,TRUE,TRUE,FALSE,FALSE,FALSE,FALSE,FALSE,FALSE,FALSE,FALSE
https://timna-database.wikibase.cloud/entity/Q617,Site_619,34.94593455,29.78001582,Stone_Feature,FALSE,FALSE,FALSE,FALSE,TRUE,TRUE,FALSE,FALSE,FALSE,FALSE,FALSE,FALSE,FALSE,FALSE
https://timna-database.wikibase.cloud/entity/Q634,Site_636,34.95311466,29.78284425,Burial,FALSE,FALSE,FALSE,FALSE,TRUE,TRUE,FALSE,FALSE,FALSE,FALSE,FALSE,FALSE,FALSE,FALSE
https://timna-database.wikibase.cloud/entity/Q632,Site_634,34.95347497,29.78350348,Burial,FALSE,FALSE,FALSE,FALSE,TRUE,TRUE,FALSE,FALSE,FALSE,FALSE,FALSE,FALSE,FALSE,FALSE
https://timna-database.wikibase.cloud/entity/Q633,Site_635,34.95325807,29.78339482,Stone_Feature,FALSE,FALSE,FALSE,FALSE,TRUE,TRUE,FALSE,FALSE,FALSE,FALSE,FALSE,FALSE,FALSE,FALSE
https://timna-database.wikibase.cloud/entity/Q631,Site_633,34.96359903,29.78366664,Tumulus,FALSE,FALSE,FALSE,FALSE,TRUE,TRUE,FALSE,FALSE,FALSE,FALSE,FALSE,FALSE,FALSE,FALSE
https://timna-database.wikibase.cloud/entity/Q639,Site_641,34.95362763,29.77203789,Burial,FALSE,FALSE,FALSE,FALSE,TRUE,TRUE,FALSE,FALSE,FALSE,FALSE,FALSE,FALSE,FALSE,FALSE
https://timna-database.wikibase.cloud/entity/Q637,Site_639,34.95469164,29.77246389,Cairn,FALSE,FALSE,FALSE,FALSE,TRUE,TRUE,FALSE,FALSE,FALSE,FALSE,FALSE,FALSE,FALSE,FALSE
https://timna-database.wikibase.cloud/entity/Q636,Site_638,34.95449623,29.77203953,Tumulus,FALSE,FALSE,FALSE,FALSE,TRUE,TRUE,FALSE,FALSE,FALSE,FALSE,FALSE,FALSE,FALSE,FALSE
https://timna-database.wikibase.cloud/entity/Q617,Site_619,34.94593455,29.78001582,Tumulus,FALSE,FALSE,FALSE,FALSE,TRUE,TRUE,FALSE,FALSE,FALSE,FALSE,FALSE,FALSE,FALSE,FALSE
https://timna-database.wikibase.cloud/entity/Q621,Site_623,34.94675046,29.78042336,Stone_Feature,FALSE,FALSE,FALSE,FALSE,TRUE,TRUE,FALSE,FALSE,FALSE,FALSE,FALSE,FALSE,FALSE,FALSE
https://timna-database.wikibase.cloud/entity/Q619,Site_621,34.94623419,29.78011564,Cairn,FALSE,FALSE,FALSE,FALSE,TRUE,TRUE,FALSE,FALSE,FALSE,FALSE,FALSE,FALSE,FALSE,FALSE
https://timna-database.wikibase.cloud/entity/Q633,Site_635,34.95325807,29.78339482,Tumulus,FALSE,FALSE,FALSE,FALSE,TRUE,TRUE,FALSE,FALSE,FALSE,FALSE,FALSE,FALSE,FALSE,FALSE
https://timna-database.wikibase.cloud/entity/Q611,Site_613,34.97525622,29.79179736,Burial,FALSE,FALSE,FALSE,FALSE,TRUE,TRUE,FALSE,FALSE,FALSE,FALSE,FALSE,FALSE,FALSE,FALSE
https://timna-database.wikibase.cloud/entity/Q618,Site_620,34.94621374,29.78002539,Burial,FALSE,FALSE,FALSE,FALSE,TRUE,TRUE,FALSE,FALSE,FALSE,FALSE,FALSE,FALSE,FALSE,FALSE
https://timna-database.wikibase.cloud/entity/Q634,Site_636,34.95311466,29.78284425,Stone_Feature,FALSE,FALSE,FALSE,FALSE,TRUE,TRUE,FALSE,FALSE,FALSE,FALSE,FALSE,FALSE,FALSE,FALSE
https://timna-database.wikibase.cloud/entity/Q632,Site_634,34.95347497,29.78350348,Stone_Feature,FALSE,FALSE,FALSE,FALSE,TRUE,TRUE,FALSE,FALSE,FALSE,FALSE,FALSE,FALSE,FALSE,FALSE
https://timna-database.wikibase.cloud/entity/Q620,Site_622,34.94657506,29.78026966,Burial,FALSE,FALSE,FALSE,FALSE,TRUE,TRUE,FALSE,FALSE,FALSE,FALSE,FALSE,FALSE,FALSE,FALSE
https://timna-database.wikibase.cloud/entity/Q639,Site_641,34.95362763,29.77203789,Stone_Feature,FALSE,FALSE,FALSE,FALSE,TRUE,TRUE,FALSE,FALSE,FALSE,FALSE,FALSE,FALSE,FALSE,FALSE
https://timna-database.wikibase.cloud/entity/Q634,Site_636,34.95311466,29.78284425,Tumulus,FALSE,FALSE,FALSE,FALSE,TRUE,TRUE,FALSE,FALSE,FALSE,FALSE,FALSE,FALSE,FALSE,FALSE
https://timna-database.wikibase.cloud/entity/Q631,Site_633,34.96359903,29.78366664,Cairn,FALSE,FALSE,FALSE,FALSE,TRUE,TRUE,FALSE,FALSE,FALSE,FALSE,FALSE,FALSE,FALSE,FALSE
https://timna-database.wikibase.cloud/entity/Q632,Site_634,34.95347497,29.78350348,Tumulus,FALSE,FALSE,FALSE,FALSE,TRUE,TRUE,FALSE,FALSE,FALSE,FALSE,FALSE,FALSE,FALSE,FALSE
https://timna-database.wikibase.cloud/entity/Q636,Site_638,34.95449623,29.77203953,Cairn,FALSE,FALSE,FALSE,FALSE,TRUE,TRUE,FALSE,FALSE,FALSE,FALSE,FALSE,FALSE,FALSE,FALSE
https://timna-database.wikibase.cloud/entity/Q617,Site_619,34.94593455,29.78001582,Cairn,FALSE,FALSE,FALSE,FALSE,TRUE,TRUE,FALSE,FALSE,FALSE,FALSE,FALSE,FALSE,FALSE,FALSE
https://timna-database.wikibase.cloud/entity/Q639,Site_641,34.95362763,29.77203789,Tumulus,FALSE,FALSE,FALSE,FALSE,TRUE,TRUE,FALSE,FALSE,FALSE,FALSE,FALSE,FALSE,FALSE,FALSE
https://timna-database.wikibase.cloud/entity/Q637,Site_639,34.95469164,29.77246389,Burial,FALSE,FALSE,FALSE,FALSE,TRUE,TRUE,FALSE,FALSE,FALSE,FALSE,FALSE,FALSE,FALSE,FALSE
https://timna-database.wikibase.cloud/entity/Q611,Site_613,34.97525622,29.79179736,Stone_Feature,FALSE,FALSE,FALSE,FALSE,TRUE,TRUE,FALSE,FALSE,FALSE,FALSE,FALSE,FALSE,FALSE,FALSE
https://timna-database.wikibase.cloud/entity/Q633,Site_635,34.95325807,29.78339482,Cairn,FALSE,FALSE,FALSE,FALSE,TRUE,TRUE,FALSE,FALSE,FALSE,FALSE,FALSE,FALSE,FALSE,FALSE
https://timna-database.wikibase.cloud/entity/Q618,Site_620,34.94621374,29.78002539,Stone_Feature,FALSE,FALSE,FALSE,FALSE,TRUE,TRUE,FALSE,FALSE,FALSE,FALSE,FALSE,FALSE,FALSE,FALSE
https://timna-database.wikibase.cloud/entity/Q619,Site_621,34.94623419,29.78011564,Burial,FALSE,FALSE,FALSE,FALSE,TRUE,TRUE,FALSE,FALSE,FALSE,FALSE,FALSE,FALSE,FALSE,FALSE
https://timna-database.wikibase.cloud/entity/Q620,Site_622,34.94657506,29.78026966,Stone_Feature,FALSE,FALSE,FALSE,FALSE,TRUE,TRUE,FALSE,FALSE,FALSE,FALSE,FALSE,FALSE,FALSE,FALSE
https://timna-database.wikibase.cloud/entity/Q621,Site_623,34.94675046,29.78042336,Cairn,FALSE,FALSE,FALSE,FALSE,TRUE,TRUE,FALSE,FALSE,FALSE,FALSE,FALSE,FALSE,FALSE,FALSE
https://timna-database.wikibase.cloud/entity/Q675,Site_733,34.97142706,29.79285516,Stone_Feature,FALSE,FALSE,FALSE,FALSE,FALSE,FALSE,FALSE,FALSE,FALSE,FALSE,FALSE,FALSE,FALSE,FALSE
https://timna-database.wikibase.cloud/entity/Q706,Site_764,34.93157414,29.79013575,Mining_Field,FALSE,FALSE,FALSE,FALSE,TRUE,TRUE,FALSE,FALSE,FALSE,FALSE,FALSE,FALSE,FALSE,FALSE
https://timna-database.wikibase.cloud/entity/Q680,Site_737-003,34.97612345,29.80615148,Stone_Feature,FALSE,FALSE,FALSE,FALSE,TRUE,TRUE,FALSE,FALSE,FALSE,FALSE,FALSE,FALSE,FALSE,FALSE
https://timna-database.wikibase.cloud/entity/Q717,Site_773,34.93244456,29.78186517,Mining,FALSE,FALSE,FALSE,FALSE,TRUE,TRUE,FALSE,FALSE,FALSE,FALSE,FALSE,FALSE,FALSE,FALSE
https://timna-database.wikibase.cloud/entity/Q701,Site_758,34.95857043,29.80164553,Stone_Feature,FALSE,FALSE,FALSE,FALSE,TRUE,TRUE,FALSE,FALSE,FALSE,FALSE,FALSE,FALSE,FALSE,FALSE
https://timna-database.wikibase.cloud/entity/Q662,Site_718,34.93579685,29.79673884,Mining,FALSE,FALSE,FALSE,FALSE,TRUE,TRUE,FALSE,FALSE,FALSE,FALSE,FALSE,FALSE,FALSE,FALSE
https://timna-database.wikibase.cloud/entity/Q706,Site_764,34.93157414,29.79013575,Mining_Shaft,FALSE,FALSE,FALSE,FALSE,TRUE,TRUE,FALSE,FALSE,FALSE,FALSE,FALSE,FALSE,FALSE,FALSE
https://timna-database.wikibase.cloud/entity/Q675,Site_733,34.97142706,29.79285516,Tumulus,FALSE,FALSE,FALSE,FALSE,FALSE,FALSE,FALSE,FALSE,FALSE,FALSE,FALSE,FALSE,FALSE,FALSE
https://timna-database.wikibase.cloud/entity/Q727,Site_M101,34.98032389,29.79650605,Stone_Feature,FALSE,FALSE,FALSE,FALSE,FALSE,FALSE,FALSE,FALSE,FALSE,FALSE,FALSE,FALSE,FALSE,TRUE
https://timna-database.wikibase.cloud/entity/Q715,Site_771,34.94646942,29.78113549,Cairn,FALSE,FALSE,FALSE,FALSE,FALSE,FALSE,FALSE,FALSE,FALSE,FALSE,FALSE,FALSE,FALSE,FALSE
https://timna-database.wikibase.cloud/entity/Q693,Site_750,34.92613413,29.77890213,Mining_Field,FALSE,FALSE,FALSE,FALSE,TRUE,TRUE,FALSE,FALSE,FALSE,FALSE,FALSE,FALSE,FALSE,FALSE
https://timna-database.wikibase.cloud/entity/Q706,Site_764,34.93157414,29.79013575,Mining,FALSE,FALSE,FALSE,FALSE,TRUE,TRUE,FALSE,FALSE,FALSE,FALSE,FALSE,FALSE,FALSE,FALSE
https://timna-database.wikibase.cloud/entity/Q719,Site_776,34.97181872,29.76211175,Stone_Feature,FALSE,FALSE,FALSE,FALSE,FALSE,FALSE,FALSE,FALSE,FALSE,FALSE,FALSE,FALSE,FALSE,FALSE
https://timna-database.wikibase.cloud/entity/Q693,Site_750,34.92613413,29.77890213,Mining_Shaft,FALSE,FALSE,FALSE,FALSE,TRUE,TRUE,FALSE,FALSE,FALSE,FALSE,FALSE,FALSE,FALSE,FALSE
https://timna-database.wikibase.cloud/entity/Q717,Site_773,34.93244456,29.78186517,Stone_Feature,FALSE,FALSE,FALSE,FALSE,TRUE,TRUE,FALSE,FALSE,FALSE,FALSE,FALSE,FALSE,FALSE,FALSE
https://timna-database.wikibase.cloud/entity/Q664,Site_720,34.93659412,29.7964157,Mining_Shaft,FALSE,FALSE,FALSE,FALSE,TRUE,TRUE,FALSE,FALSE,FALSE,FALSE,FALSE,FALSE,FALSE,FALSE
https://timna-database.wikibase.cloud/entity/Q700,Site_757,34.95865863,29.80364838,Mining_Field,FALSE,FALSE,FALSE,FALSE,TRUE,TRUE,FALSE,FALSE,FALSE,FALSE,FALSE,FALSE,FALSE,FALSE
https://timna-database.wikibase.cloud/entity/Q728,Site_M102,34.97880209,29.79712592,Stone_Feature,FALSE,FALSE,FALSE,FALSE,FALSE,FALSE,FALSE,FALSE,FALSE,FALSE,FALSE,FALSE,FALSE,TRUE
https://timna-database.wikibase.cloud/entity/Q700,Site_757,34.95865863,29.80364838,Mining_Shaft,FALSE,FALSE,FALSE,FALSE,TRUE,TRUE,FALSE,FALSE,FALSE,FALSE,FALSE,FALSE,FALSE,FALSE
https://timna-database.wikibase.cloud/entity/Q716,Site_772,34.94512824,29.77989697,Burial,FALSE,FALSE,FALSE,FALSE,FALSE,FALSE,FALSE,FALSE,FALSE,FALSE,FALSE,FALSE,FALSE,FALSE
https://timna-database.wikibase.cloud/entity/Q693,Site_750,34.92613413,29.77890213,Mining,FALSE,FALSE,FALSE,FALSE,TRUE,TRUE,FALSE,FALSE,FALSE,FALSE,FALSE,FALSE,FALSE,FALSE
https://timna-database.wikibase.cloud/entity/Q664,Site_720,34.93659412,29.7964157,Mining,FALSE,FALSE,FALSE,FALSE,TRUE,TRUE,FALSE,FALSE,FALSE,FALSE,FALSE,FALSE,FALSE,FALSE
https://timna-database.wikibase.cloud/entity/Q702,Site_759,34.93836661,29.79495785,Mining_Field,FALSE,FALSE,FALSE,FALSE,TRUE,TRUE,FALSE,FALSE,FALSE,FALSE,FALSE,FALSE,FALSE,FALSE
https://timna-database.wikibase.cloud/entity/Q706,Site_764,34.93157414,29.79013575,Stone_Feature,FALSE,FALSE,FALSE,FALSE,TRUE,TRUE,FALSE,FALSE,FALSE,FALSE,FALSE,FALSE,FALSE,FALSE
https://timna-database.wikibase.cloud/entity/Q702,Site_759,34.93836661,29.79495785,Mining_Shaft,FALSE,FALSE,FALSE,FALSE,TRUE,TRUE,FALSE,FALSE,FALSE,FALSE,FALSE,FALSE,FALSE,FALSE
https://timna-database.wikibase.cloud/entity/Q700,Site_757,34.95865863,29.80364838,Mining,FALSE,FALSE,FALSE,FALSE,TRUE,TRUE,FALSE,FALSE,FALSE,FALSE,FALSE,FALSE,FALSE,FALSE
https://timna-database.wikibase.cloud/entity/Q663,Site_719,34.93604565,29.79652284,Mining_Shaft,FALSE,FALSE,FALSE,FALSE,TRUE,TRUE,FALSE,FALSE,FALSE,FALSE,FALSE,FALSE,FALSE,FALSE
https://timna-database.wikibase.cloud/entity/Q675,Site_733,34.97142706,29.79285516,Cairn,FALSE,FALSE,FALSE,FALSE,FALSE,FALSE,FALSE,FALSE,FALSE,FALSE,FALSE,FALSE,FALSE,FALSE
https://timna-database.wikibase.cloud/entity/Q678,Site_735,34.97308828,29.80805868,Stone_Feature,FALSE,FALSE,FALSE,FALSE,FALSE,FALSE,FALSE,FALSE,FALSE,FALSE,FALSE,FALSE,FALSE,FALSE
https://timna-database.wikibase.cloud/entity/Q702,Site_759,34.93836661,29.79495785,Mining,FALSE,FALSE,FALSE,FALSE,TRUE,TRUE,FALSE,FALSE,FALSE,FALSE,FALSE,FALSE,FALSE,FALSE
https://timna-database.wikibase.cloud/entity/Q715,Site_771,34.94646942,29.78113549,Burial,FALSE,FALSE,FALSE,FALSE,FALSE,FALSE,FALSE,FALSE,FALSE,FALSE,FALSE,FALSE,FALSE,FALSE
https://timna-database.wikibase.cloud/entity/Q663,Site_719,34.93604565,29.79652284,Mining,FALSE,FALSE,FALSE,FALSE,TRUE,TRUE,FALSE,FALSE,FALSE,FALSE,FALSE,FALSE,FALSE,FALSE
https://timna-database.wikibase.cloud/entity/Q693,Site_750,34.92613413,29.77890213,Stone_Feature,FALSE,FALSE,FALSE,FALSE,TRUE,TRUE,FALSE,FALSE,FALSE,FALSE,FALSE,FALSE,FALSE,FALSE
https://timna-database.wikibase.cloud/entity/Q664,Site_720,34.93659412,29.7964157,Stone_Feature,FALSE,FALSE,FALSE,FALSE,TRUE,TRUE,FALSE,FALSE,FALSE,FALSE,FALSE,FALSE,FALSE,FALSE
https://timna-database.wikibase.cloud/entity/Q705,Site_763,34.93047223,29.78840142,Mining_Field,FALSE,FALSE,FALSE,FALSE,TRUE,TRUE,FALSE,FALSE,FALSE,FALSE,FALSE,FALSE,FALSE,FALSE
https://timna-database.wikibase.cloud/entity/Q716,Site_772,34.94512824,29.77989697,Stone_Feature,FALSE,FALSE,FALSE,FALSE,FALSE,FALSE,FALSE,FALSE,FALSE,FALSE,FALSE,FALSE,FALSE,FALSE
https://timna-database.wikibase.cloud/entity/Q700,Site_757,34.95865863,29.80364838,Stone_Feature,FALSE,FALSE,FALSE,FALSE,TRUE,TRUE,FALSE,FALSE,FALSE,FALSE,FALSE,FALSE,FALSE,FALSE
https://timna-database.wikibase.cloud/entity/Q705,Site_763,34.93047223,29.78840142,Mining_Shaft,FALSE,FALSE,FALSE,FALSE,TRUE,TRUE,FALSE,FALSE,FALSE,FALSE,FALSE,FALSE,FALSE,FALSE
https://timna-database.wikibase.cloud/entity/Q727,Site_M101,34.98032389,29.79650605,Quarrying,FALSE,FALSE,FALSE,FALSE,FALSE,FALSE,FALSE,FALSE,FALSE,FALSE,FALSE,FALSE,FALSE,TRUE
https://timna-database.wikibase.cloud/entity/Q694,Site_751,34.92723476,29.77728064,Mining_Field,FALSE,FALSE,FALSE,FALSE,TRUE,TRUE,FALSE,FALSE,FALSE,FALSE,FALSE,FALSE,FALSE,FALSE
https://timna-database.wikibase.cloud/entity/Q703,Site_760,34.94295959,29.74686621,Mining_Field,FALSE,FALSE,FALSE,FALSE,FALSE,FALSE,FALSE,FALSE,FALSE,FALSE,FALSE,FALSE,FALSE,FALSE
https://timna-database.wikibase.cloud/entity/Q716,Site_772,34.94512824,29.77989697,Tumulus,FALSE,FALSE,FALSE,FALSE,FALSE,FALSE,FALSE,FALSE,FALSE,FALSE,FALSE,FALSE,FALSE,FALSE
https://timna-database.wikibase.cloud/entity/Q685,Site_738,34.97852758,29.80882586,Stone_Feature,FALSE,FALSE,FALSE,FALSE,FALSE,FALSE,FALSE,FALSE,FALSE,FALSE,FALSE,FALSE,FALSE,FALSE
https://timna-database.wikibase.cloud/entity/Q702,Site_759,34.93836661,29.79495785,Stone_Feature,FALSE,FALSE,FALSE,FALSE,TRUE,TRUE,FALSE,FALSE,FALSE,FALSE,FALSE,FALSE,FALSE,FALSE
https://timna-database.wikibase.cloud/entity/Q663,Site_719,34.93604565,29.79652284,Stone_Feature,FALSE,FALSE,FALSE,FALSE,TRUE,TRUE,FALSE,FALSE,FALSE,FALSE,FALSE,FALSE,FALSE,FALSE
https://timna-database.wikibase.cloud/entity/Q694,Site_751,34.92723476,29.77728064,Mining_Shaft,FALSE,FALSE,FALSE,FALSE,TRUE,TRUE,FALSE,FALSE,FALSE,FALSE,FALSE,FALSE,FALSE,FALSE
https://timna-database.wikibase.cloud/entity/Q705,Site_763,34.93047223,29.78840142,Mining,FALSE,FALSE,FALSE,FALSE,TRUE,TRUE,FALSE,FALSE,FALSE,FALSE,FALSE,FALSE,FALSE,FALSE
https://timna-database.wikibase.cloud/entity/Q703,Site_760,34.94295959,29.74686621,Mining_Shaft,FALSE,FALSE,FALSE,FALSE,FALSE,FALSE,FALSE,FALSE,FALSE,FALSE,FALSE,FALSE,FALSE,FALSE
https://timna-database.wikibase.cloud/entity/Q686,Site_739,34.9800368,29.8092885,Stone_Feature,FALSE,FALSE,FALSE,FALSE,FALSE,FALSE,FALSE,FALSE,FALSE,FALSE,FALSE,FALSE,FALSE,FALSE
https://timna-database.wikibase.cloud/entity/Q701,Site_758,34.95857043,29.80164553,Mining_Field,FALSE,FALSE,FALSE,FALSE,TRUE,TRUE,FALSE,FALSE,FALSE,FALSE,FALSE,FALSE,FALSE,FALSE
https://timna-database.wikibase.cloud/entity/Q715,Site_771,34.94646942,29.78113549,Stone_Feature,FALSE,FALSE,FALSE,FALSE,FALSE,FALSE,FALSE,FALSE,FALSE,FALSE,FALSE,FALSE,FALSE,FALSE
https://timna-database.wikibase.cloud/entity/Q675,Site_733,34.97142706,29.79285516,Burial,FALSE,FALSE,FALSE,FALSE,FALSE,FALSE,FALSE,FALSE,FALSE,FALSE,FALSE,FALSE,FALSE,FALSE
https://timna-database.wikibase.cloud/entity/Q701,Site_758,34.95857043,29.80164553,Mining_Shaft,FALSE,FALSE,FALSE,FALSE,TRUE,TRUE,FALSE,FALSE,FALSE,FALSE,FALSE,FALSE,FALSE,FALSE
https://timna-database.wikibase.cloud/entity/Q694,Site_751,34.92723476,29.77728064,Mining,FALSE,FALSE,FALSE,FALSE,TRUE,TRUE,FALSE,FALSE,FALSE,FALSE,FALSE,FALSE,FALSE,FALSE
https://timna-database.wikibase.cloud/entity/Q703,Site_760,34.94295959,29.74686621,Mining,FALSE,FALSE,FALSE,FALSE,FALSE,FALSE,FALSE,FALSE,FALSE,FALSE,FALSE,FALSE,FALSE,FALSE
https://timna-database.wikibase.cloud/entity/Q715,Site_771,34.94646942,29.78113549,Tumulus,FALSE,FALSE,FALSE,FALSE,FALSE,FALSE,FALSE,FALSE,FALSE,FALSE,FALSE,FALSE,FALSE,FALSE
https://timna-database.wikibase.cloud/entity/Q705,Site_763,34.93047223,29.78840142,Stone_Feature,FALSE,FALSE,FALSE,FALSE,TRUE,TRUE,FALSE,FALSE,FALSE,FALSE,FALSE,FALSE,FALSE,FALSE
https://timna-database.wikibase.cloud/entity/Q720,Site_777,34.98075991,29.76785561,Stone_Feature,FALSE,FALSE,FALSE,FALSE,FALSE,FALSE,FALSE,FALSE,FALSE,FALSE,FALSE,FALSE,FALSE,FALSE
https://timna-database.wikibase.cloud/entity/Q701,Site_758,34.95857043,29.80164553,Mining,FALSE,FALSE,FALSE,FALSE,TRUE,TRUE,FALSE,FALSE,FALSE,FALSE,FALSE,FALSE,FALSE,FALSE
https://timna-database.wikibase.cloud/entity/Q716,Site_772,34.94512824,29.77989697,Cairn,FALSE,FALSE,FALSE,FALSE,FALSE,FALSE,FALSE,FALSE,FALSE,FALSE,FALSE,FALSE,FALSE,FALSE
https://timna-database.wikibase.cloud/entity/Q662,Site_718,34.93579685,29.79673884,Mining_Shaft,FALSE,FALSE,FALSE,FALSE,TRUE,TRUE,FALSE,FALSE,FALSE,FALSE,FALSE,FALSE,FALSE,FALSE
https://timna-database.wikibase.cloud/entity/Q703,Site_760,34.94295959,29.74686621,Stone_Feature,FALSE,FALSE,FALSE,FALSE,FALSE,FALSE,FALSE,FALSE,FALSE,FALSE,FALSE,FALSE,FALSE,FALSE