location name,latitude,longitude,start year,end time,title,description
Site_710,34.96017158,29.7684146,-10000,-5800,Cultic,https://timna-database.wikibase.cloud/entity/Q655
Site_710,34.96017158,29.7684146,-1500,-1200,Cultic,https://timna-database.wikibase.cloud/entity/Q655
Site_710,34.96017158,29.7684146,-1200,-1000,Cultic,https://timna-database.wikibase.cloud/entity/Q655
Site_710,34.96017158,29.7684146,-10000,-5800,Burial,https://timna-database.wikibase.cloud/entity/Q655
Site_710,34.96017158,29.7684146,-1500,-1200,Burial,https://timna-database.wikibase.cloud/entity/Q655
Site_710,34.96017158,29.7684146,-1200,-1000,Burial,https://timna-database.wikibase.cloud/entity/Q655
Site_710,34.96017158,29.7684146,-10000,-5800,Petroglyph,https://timna-database.wikibase.cloud/entity/Q655
Site_710,34.96017158,29.7684146,-1500,-1200,Petroglyph,https://timna-database.wikibase.cloud/entity/Q655
Site_710,34.96017158,29.7684146,-1200,-1000,Petroglyph,https://timna-database.wikibase.cloud/entity/Q655
Site_710,34.96017158,29.7684146,-10000,-5800,Unknown,https://timna-database.wikibase.cloud/entity/Q655
Site_710,34.96017158,29.7684146,-1500,-1200,Unknown,https://timna-database.wikibase.cloud/entity/Q655
Site_710,34.96017158,29.7684146,-1200,-1000,Unknown,https://timna-database.wikibase.cloud/entity/Q655
Site_022,34.92745837,29.78245022,-10000,-5800,Mining_Shaft,https://timna-database.wikibase.cloud/entity/Q562
Site_022,34.92745837,29.78245022,-5800,-3600,Mining_Shaft,https://timna-database.wikibase.cloud/entity/Q562
Site_022,34.92745837,29.78245022,-3600,-2000,Mining_Shaft,https://timna-database.wikibase.cloud/entity/Q562
Site_022,34.92745837,29.78245022,-1500,-1200,Mining_Shaft,https://timna-database.wikibase.cloud/entity/Q562
Site_022,34.92745837,29.78245022,-1200,-1000,Mining_Shaft,https://timna-database.wikibase.cloud/entity/Q562
Site_022,34.92745837,29.78245022,-10000,-5800,Mining,https://timna-database.wikibase.cloud/entity/Q562
Site_022,34.92745837,29.78245022,-5800,-3600,Mining,https://timna-database.wikibase.cloud/entity/Q562
Site_022,34.92745837,29.78245022,-3600,-2000,Mining,https://timna-database.wikibase.cloud/entity/Q562
Site_022,34.92745837,29.78245022,-1500,-1200,Mining,https://timna-database.wikibase.cloud/entity/Q562
Site_022,34.92745837,29.78245022,-1200,-1000,Mining,https://timna-database.wikibase.cloud/entity/Q562
Site_710,34.96017158,29.7684146,-10000,-5800,Pottery_Scatter,https://timna-database.wikibase.cloud/entity/Q655
Site_710,34.96017158,29.7684146,-1500,-1200,Pottery_Scatter,https://timna-database.wikibase.cloud/entity/Q655
Site_710,34.96017158,29.7684146,-1200,-1000,Pottery_Scatter,https://timna-database.wikibase.cloud/entity/Q655
Site_710,34.96017158,29.7684146,-10000,-5800,Flint_Scatter,https://timna-database.wikibase.cloud/entity/Q655
Site_710,34.96017158,29.7684146,-1500,-1200,Flint_Scatter,https://timna-database.wikibase.cloud/entity/Q655
Site_710,34.96017158,29.7684146,-1200,-1000,Flint_Scatter,https://timna-database.wikibase.cloud/entity/Q655
Site_710,34.96017158,29.7684146,-10000,-5800,Stone_Feature,https://timna-database.wikibase.cloud/entity/Q655
Site_710,34.96017158,29.7684146,-1500,-1200,Stone_Feature,https://timna-database.wikibase.cloud/entity/Q655
Site_710,34.96017158,29.7684146,-1200,-1000,Stone_Feature,https://timna-database.wikibase.cloud/entity/Q655
Site_710,34.96017158,29.7684146,-10000,-5800,Unknown,https://timna-database.wikibase.cloud/entity/Q655
Site_710,34.96017158,29.7684146,-1500,-1200,Unknown,https://timna-database.wikibase.cloud/entity/Q655
Site_710,34.96017158,29.7684146,-1200,-1000,Unknown,https://timna-database.wikibase.cloud/entity/Q655
Site_022,34.92745837,29.78245022,-10000,-5800,Mining_Field,https://timna-database.wikibase.cloud/entity/Q562
Site_022,34.92745837,29.78245022,-5800,-3600,Mining_Field,https://timna-database.wikibase.cloud/entity/Q562
Site_022,34.92745837,29.78245022,-3600,-2000,Mining_Field,https://timna-database.wikibase.cloud/entity/Q562
Site_022,34.92745837,29.78245022,-1500,-1200,Mining_Field,https://timna-database.wikibase.cloud/entity/Q562
Site_022,34.92745837,29.78245022,-1200,-1000,Mining_Field,https://timna-database.wikibase.cloud/entity/Q562
Site_022,34.92745837,29.78245022,-10000,-5800,Stone_Feature,https://timna-database.wikibase.cloud/entity/Q562
Site_022,34.92745837,29.78245022,-5800,-3600,Stone_Feature,https://timna-database.wikibase.cloud/entity/Q562
Site_022,34.92745837,29.78245022,-3600,-2000,Stone_Feature,https://timna-database.wikibase.cloud/entity/Q562
Site_022,34.92745837,29.78245022,-1500,-1200,Stone_Feature,https://timna-database.wikibase.cloud/entity/Q562
Site_022,34.92745837,29.78245022,-1200,-1000,Stone_Feature,https://timna-database.wikibase.cloud/entity/Q562
Site_023,34.92878794,29.78786567,-1500,-1200,Mining_Field,https://timna-database.wikibase.cloud/entity/Q554
Site_023,34.92878794,29.78786567,-1200,-1000,Mining_Field,https://timna-database.wikibase.cloud/entity/Q554
Site_023,34.92878794,29.78786567,-1500,-1200,Mining_Shaft,https://timna-database.wikibase.cloud/entity/Q554
Site_023,34.92878794,29.78786567,-1200,-1000,Mining_Shaft,https://timna-database.wikibase.cloud/entity/Q554
Site_023,34.92878794,29.78786567,-1500,-1200,Mining,https://timna-database.wikibase.cloud/entity/Q554
Site_023,34.92878794,29.78786567,-1200,-1000,Mining,https://timna-database.wikibase.cloud/entity/Q554
Site_761,34.93010148,29.78403442,-5800,-3600,Stone_Feature,https://timna-database.wikibase.cloud/entity/Q704
Site_761,34.93010148,29.78403442,-3600,-2000,Stone_Feature,https://timna-database.wikibase.cloud/entity/Q704
Site_761,34.93010148,29.78403442,-1500,-1200,Stone_Feature,https://timna-database.wikibase.cloud/entity/Q704
Site_761,34.93010148,29.78403442,-1200,-1000,Stone_Feature,https://timna-database.wikibase.cloud/entity/Q704
Site_640,34.95482486,29.77295129,-1500,-1200,Cairn,https://timna-database.wikibase.cloud/entity/Q640
Site_640,34.95482486,29.77295129,-1200,-1000,Cairn,https://timna-database.wikibase.cloud/entity/Q640
Site_200,34.95638847,29.76786629,-5800,-3600,Shrine,https://timna-database.wikibase.cloud/entity/Q588
Site_200,34.95638847,29.76786629,-1500,-1200,Shrine,https://timna-database.wikibase.cloud/entity/Q588
Site_200,34.95638847,29.76786629,-1200,-1000,Shrine,https://timna-database.wikibase.cloud/entity/Q588
Site_200,34.95638847,29.76786629,-37,324,Shrine,https://timna-database.wikibase.cloud/entity/Q588
Site_087,34.96081381,29.79785179,-37,324,Mining,https://timna-database.wikibase.cloud/entity/Q571
Site_087,34.96081381,29.79785179,638,1099,Mining,https://timna-database.wikibase.cloud/entity/Q571
Site_640,34.95482486,29.77295129,-1500,-1200,Burial,https://timna-database.wikibase.cloud/entity/Q640
Site_640,34.95482486,29.77295129,-1200,-1000,Burial,https://timna-database.wikibase.cloud/entity/Q640
Site_761,34.93010148,29.78403442,-5800,-3600,Mining_Field,https://timna-database.wikibase.cloud/entity/Q704
Site_761,34.93010148,29.78403442,-3600,-2000,Mining_Field,https://timna-database.wikibase.cloud/entity/Q704
Site_761,34.93010148,29.78403442,-1500,-1200,Mining_Field,https://timna-database.wikibase.cloud/entity/Q704
Site_761,34.93010148,29.78403442,-1200,-1000,Mining_Field,https://timna-database.wikibase.cloud/entity/Q704
Site_640,34.95482486,29.77295129,-1500,-1200,Stone_Feature,https://timna-database.wikibase.cloud/entity/Q640
Site_640,34.95482486,29.77295129,-1200,-1000,Stone_Feature,https://timna-database.wikibase.cloud/entity/Q640
Site_200,34.95638847,29.76786629,-5800,-3600,Workshop,https://timna-database.wikibase.cloud/entity/Q588
Site_200,34.95638847,29.76786629,-1500,-1200,Workshop,https://timna-database.wikibase.cloud/entity/Q588
Site_200,34.95638847,29.76786629,-1200,-1000,Workshop,https://timna-database.wikibase.cloud/entity/Q588
Site_200,34.95638847,29.76786629,-37,324,Workshop,https://timna-database.wikibase.cloud/entity/Q588
Site_640,34.95482486,29.77295129,-1500,-1200,Tumulus,https://timna-database.wikibase.cloud/entity/Q640
Site_640,34.95482486,29.77295129,-1200,-1000,Tumulus,https://timna-database.wikibase.cloud/entity/Q640
Site_761,34.93010148,29.78403442,-5800,-3600,Mining,https://timna-database.wikibase.cloud/entity/Q704
Site_761,34.93010148,29.78403442,-3600,-2000,Mining,https://timna-database.wikibase.cloud/entity/Q704
Site_761,34.93010148,29.78403442,-1500,-1200,Mining,https://timna-database.wikibase.cloud/entity/Q704
Site_761,34.93010148,29.78403442,-1200,-1000,Mining,https://timna-database.wikibase.cloud/entity/Q704
Site_770,34.9441751,29.76456815,-37,324,Cairn,https://timna-database.wikibase.cloud/entity/Q714
Site_770,34.9441751,29.76456815,324,638,Cairn,https://timna-database.wikibase.cloud/entity/Q714
Site_770,34.9441751,29.76456815,-37,324,Mining_Shaft4,https://timna-database.wikibase.cloud/entity/Q714
Site_770,34.9441751,29.76456815,324,638,Mining_Shaft4,https://timna-database.wikibase.cloud/entity/Q714
Site_770,34.9441751,29.76456815,-37,324,Burial,https://timna-database.wikibase.cloud/entity/Q714
Site_770,34.9441751,29.76456815,324,638,Burial,https://timna-database.wikibase.cloud/entity/Q714
Site_761,34.93010148,29.78403442,-5800,-3600,Mining_Field_Placer,https://timna-database.wikibase.cloud/entity/Q704
Site_761,34.93010148,29.78403442,-3600,-2000,Mining_Field_Placer,https://timna-database.wikibase.cloud/entity/Q704
Site_761,34.93010148,29.78403442,-1500,-1200,Mining_Field_Placer,https://timna-database.wikibase.cloud/entity/Q704
Site_761,34.93010148,29.78403442,-1200,-1000,Mining_Field_Placer,https://timna-database.wikibase.cloud/entity/Q704
Site_770,34.9441751,29.76456815,-37,324,Stone_Feature,https://timna-database.wikibase.cloud/entity/Q714
Site_770,34.9441751,29.76456815,324,638,Stone_Feature,https://timna-database.wikibase.cloud/entity/Q714
Site_770,34.9441751,29.76456815,-37,324,Tumulus,https://timna-database.wikibase.cloud/entity/Q714
Site_770,34.9441751,29.76456815,324,638,Tumulus,https://timna-database.wikibase.cloud/entity/Q714
Site_025-004,34.947736,29.800205,-1500,-1200,Mining_Shaft,https://timna-database.wikibase.cloud/entity/Q1407
Site_M109,34.945606,29.765537,1917,2026,Mining,https://timna-database.wikibase.cloud/entity/Q1648
Site_770,34.9441751,29.76456815,-37,324,Pottery_Scatter,https://timna-database.wikibase.cloud/entity/Q714
Site_770,34.9441751,29.76456815,324,638,Pottery_Scatter,https://timna-database.wikibase.cloud/entity/Q714
Site_035,34.95366269,29.76626441,-1500,-1200,Stone_Feature,https://timna-database.wikibase.cloud/entity/Q518
Site_247,34.99974496,29.78782311,-3600,-2000,Stone_Feature,https://timna-database.wikibase.cloud/entity/Q526
Site_247,34.99974496,29.78782311,-37,324,Stone_Feature,https://timna-database.wikibase.cloud/entity/Q526
Site_002,34.94863889,29.78372222,-1500,-1200,Shrine,https://timna-database.wikibase.cloud/entity/Q507
Site_002,34.94863889,29.78372222,-1200,-1000,Shrine,https://timna-database.wikibase.cloud/entity/Q507
Site_002,34.94863889,29.78372222,638,1099,Shrine,https://timna-database.wikibase.cloud/entity/Q507
Site_002,34.94863889,29.78372222,-1500,-1200,Pottery_Scatter,https://timna-database.wikibase.cloud/entity/Q507
Site_002,34.94863889,29.78372222,-1200,-1000,Pottery_Scatter,https://timna-database.wikibase.cloud/entity/Q507
Site_002,34.94863889,29.78372222,638,1099,Pottery_Scatter,https://timna-database.wikibase.cloud/entity/Q507
Site_737-002,34.97586111,29.80669444,-1500,-1200,Stone_Feature,https://timna-database.wikibase.cloud/entity/Q536
Site_737-002,34.97586111,29.80669444,-1200,-1000,Stone_Feature,https://timna-database.wikibase.cloud/entity/Q536
Site_039-B,34.99382859,29.76343863,-5800,-3600,Flint_Scatter,https://timna-database.wikibase.cloud/entity/Q519
Site_039-B,34.99382859,29.76343863,-3600,-2000,Flint_Scatter,https://timna-database.wikibase.cloud/entity/Q519
Site_034,34.95115341,29.76906521,-1200,-1000,Pottery_Scatter,https://timna-database.wikibase.cloud/entity/Q515
Site_096,34.95022399,29.7440026,-5800,-3600,Stone_Feature,https://timna-database.wikibase.cloud/entity/Q523
Site_096,34.95022399,29.7440026,-3600,-2000,Stone_Feature,https://timna-database.wikibase.cloud/entity/Q523
Site_002,34.94863889,29.78372222,-1500,-1200,Cairn,https://timna-database.wikibase.cloud/entity/Q507
Site_002,34.94863889,29.78372222,-1200,-1000,Cairn,https://timna-database.wikibase.cloud/entity/Q507
Site_002,34.94863889,29.78372222,638,1099,Cairn,https://timna-database.wikibase.cloud/entity/Q507
Site_250-B,34.99691937,29.79892374,-5800,-3600,Smelting,https://timna-database.wikibase.cloud/entity/Q527
Site_250-B,34.99691937,29.79892374,-3600,-2000,Smelting,https://timna-database.wikibase.cloud/entity/Q527
Site_034,34.95115341,29.76906521,-1200,-1000,Cairn,https://timna-database.wikibase.cloud/entity/Q515
Site_034-C,34.95030265,29.77020025,638,1099,Smelting,https://timna-database.wikibase.cloud/entity/Q517
Site_149,35.00285889,29.79250987,-3600,-2000,Furnace_Smelting,https://timna-database.wikibase.cloud/entity/Q524
Site_034,34.95115341,29.76906521,-1200,-1000,Cultic,https://timna-database.wikibase.cloud/entity/Q515
Site_250-B,34.99691937,29.79892374,-5800,-3600,Flint_Scatter,https://timna-database.wikibase.cloud/entity/Q527
Site_250-B,34.99691937,29.79892374,-3600,-2000,Flint_Scatter,https://timna-database.wikibase.cloud/entity/Q527
Site_034-C,34.95030265,29.77020025,638,1099,Flint_Scatter,https://timna-database.wikibase.cloud/entity/Q517
Site_250-B,34.99691937,29.79892374,-5800,-3600,Mining_Shaft,https://timna-database.wikibase.cloud/entity/Q527
Site_250-B,34.99691937,29.79892374,-3600,-2000,Mining_Shaft,https://timna-database.wikibase.cloud/entity/Q527
Site_030,34.94792238,29.77098952,-1200,-1000,Stone_Feature,https://timna-database.wikibase.cloud/entity/Q513
Site_266,34.99389573,29.78573004,-3600,-2000,Smelting,https://timna-database.wikibase.cloud/entity/Q530
Site_250-B,34.99691937,29.79892374,-5800,-3600,Mining,https://timna-database.wikibase.cloud/entity/Q527
Site_250-B,34.99691937,29.79892374,-3600,-2000,Mining,https://timna-database.wikibase.cloud/entity/Q527
Site_039-B,34.99382859,29.76343863,-5800,-3600,Stone_Feature,https://timna-database.wikibase.cloud/entity/Q519
Site_039-B,34.99382859,29.76343863,-3600,-2000,Stone_Feature,https://timna-database.wikibase.cloud/entity/Q519
Site_034,34.95115341,29.76906521,-1200,-1000,Smelting,https://timna-database.wikibase.cloud/entity/Q515
Site_002,34.94863889,29.78372222,-1500,-1200,Flint_Scatter,https://timna-database.wikibase.cloud/entity/Q507
Site_002,34.94863889,29.78372222,-1200,-1000,Flint_Scatter,https://timna-database.wikibase.cloud/entity/Q507
Site_002,34.94863889,29.78372222,638,1099,Flint_Scatter,https://timna-database.wikibase.cloud/entity/Q507
Site_035,34.95366269,29.76626441,-1500,-1200,Cultic,https://timna-database.wikibase.cloud/entity/Q518
Site_149,35.00285889,29.79250987,-3600,-2000,Stone_Feature,https://timna-database.wikibase.cloud/entity/Q524
Site_039-B,34.99382859,29.76343863,-5800,-3600,Slag_Scatter,https://timna-database.wikibase.cloud/entity/Q519
Site_039-B,34.99382859,29.76343863,-3600,-2000,Slag_Scatter,https://timna-database.wikibase.cloud/entity/Q519
Site_034,34.95115341,29.76906521,-1200,-1000,Workshop,https://timna-database.wikibase.cloud/entity/Q515
Site_002,34.94863889,29.78372222,-1500,-1200,Furnace_Smelting,https://timna-database.wikibase.cloud/entity/Q507
Site_002,34.94863889,29.78372222,-1200,-1000,Furnace_Smelting,https://timna-database.wikibase.cloud/entity/Q507
Site_002,34.94863889,29.78372222,638,1099,Furnace_Smelting,https://timna-database.wikibase.cloud/entity/Q507
Site_034,34.95115341,29.76906521,-1200,-1000,Flint_Scatter,https://timna-database.wikibase.cloud/entity/Q515
Site_096,34.95022399,29.7440026,-5800,-3600,Pottery_Scatter,https://timna-database.wikibase.cloud/entity/Q523
Site_096,34.95022399,29.7440026,-3600,-2000,Pottery_Scatter,https://timna-database.wikibase.cloud/entity/Q523
Site_149,35.00285889,29.79250987,-3600,-2000,Slag_Scatter,https://timna-database.wikibase.cloud/entity/Q524
Site_096,34.95022399,29.7440026,-5800,-3600,Mining_Field_Placer,https://timna-database.wikibase.cloud/entity/Q523
Site_096,34.95022399,29.7440026,-3600,-2000,Mining_Field_Placer,https://timna-database.wikibase.cloud/entity/Q523
Site_250-B,34.99691937,29.79892374,-5800,-3600,Stone_Feature,https://timna-database.wikibase.cloud/entity/Q527
Site_250-B,34.99691937,29.79892374,-3600,-2000,Stone_Feature,https://timna-database.wikibase.cloud/entity/Q527
Site_034-C,34.95030265,29.77020025,638,1099,Stone_Feature,https://timna-database.wikibase.cloud/entity/Q517
Site_002,34.94863889,29.78372222,-1500,-1200,Slag_Mound,https://timna-database.wikibase.cloud/entity/Q507
Site_002,34.94863889,29.78372222,-1200,-1000,Slag_Mound,https://timna-database.wikibase.cloud/entity/Q507
Site_002,34.94863889,29.78372222,638,1099,Slag_Mound,https://timna-database.wikibase.cloud/entity/Q507
Site_034,34.95115341,29.76906521,-1200,-1000,Petroglyph,https://timna-database.wikibase.cloud/entity/Q515
Site_030,34.94792238,29.77098952,-1200,-1000,Pottery_Scatter,https://timna-database.wikibase.cloud/entity/Q513
Site_030,34.94792238,29.77098952,-1200,-1000,Cultic,https://timna-database.wikibase.cloud/entity/Q513
Site_035,34.95366269,29.76626441,-1500,-1200,Smelting,https://timna-database.wikibase.cloud/entity/Q518
Site_035,34.95366269,29.76626441,-1500,-1200,Workshop,https://timna-database.wikibase.cloud/entity/Q518
Site_247,34.99974496,29.78782311,-3600,-2000,Smelting,https://timna-database.wikibase.cloud/entity/Q526
Site_247,34.99974496,29.78782311,-37,324,Smelting,https://timna-database.wikibase.cloud/entity/Q526
Site_002,34.94863889,29.78372222,-1500,-1200,Stone_Feature,https://timna-database.wikibase.cloud/entity/Q507
Site_002,34.94863889,29.78372222,-1200,-1000,Stone_Feature,https://timna-database.wikibase.cloud/entity/Q507
Site_002,34.94863889,29.78372222,638,1099,Stone_Feature,https://timna-database.wikibase.cloud/entity/Q507
Site_034,34.95115341,29.76906521,-1200,-1000,Stone_Feature,https://timna-database.wikibase.cloud/entity/Q515
Site_002,34.94863889,29.78372222,-1500,-1200,Slag_Scatter,https://timna-database.wikibase.cloud/entity/Q507
Site_002,34.94863889,29.78372222,-1200,-1000,Slag_Scatter,https://timna-database.wikibase.cloud/entity/Q507
Site_002,34.94863889,29.78372222,638,1099,Slag_Scatter,https://timna-database.wikibase.cloud/entity/Q507
Site_035,34.95366269,29.76626441,-1500,-1200,Burial,https://timna-database.wikibase.cloud/entity/Q518
Site_096,34.95022399,29.7440026,-5800,-3600,Smelting,https://timna-database.wikibase.cloud/entity/Q523
Site_096,34.95022399,29.7440026,-3600,-2000,Smelting,https://timna-database.wikibase.cloud/entity/Q523
Site_247,34.99974496,29.78782311,-3600,-2000,Flint_Scatter,https://timna-database.wikibase.cloud/entity/Q526
Site_247,34.99974496,29.78782311,-37,324,Flint_Scatter,https://timna-database.wikibase.cloud/entity/Q526
Site_737-002,34.97586111,29.80669444,-1500,-1200,Flint_Scatter,https://timna-database.wikibase.cloud/entity/Q536
Site_737-002,34.97586111,29.80669444,-1200,-1000,Flint_Scatter,https://timna-database.wikibase.cloud/entity/Q536
Site_149,35.00285889,29.79250987,-3600,-2000,Stone_Wall,https://timna-database.wikibase.cloud/entity/Q524
Site_096,34.95022399,29.7440026,-5800,-3600,Mining_Field,https://timna-database.wikibase.cloud/entity/Q523
Site_096,34.95022399,29.7440026,-3600,-2000,Mining_Field,https://timna-database.wikibase.cloud/entity/Q523
Site_035,34.95366269,29.76626441,-1500,-1200,Unknown,https://timna-database.wikibase.cloud/entity/Q518
Site_002,34.94863889,29.78372222,-1500,-1200,Tumulus,https://timna-database.wikibase.cloud/entity/Q507
Site_002,34.94863889,29.78372222,-1200,-1000,Tumulus,https://timna-database.wikibase.cloud/entity/Q507
Site_002,34.94863889,29.78372222,638,1099,Tumulus,https://timna-database.wikibase.cloud/entity/Q507
Site_034-C,34.95030265,29.77020025,638,1099,Pottery_Scatter,https://timna-database.wikibase.cloud/entity/Q517
Site_030,34.94792238,29.77098952,-1200,-1000,Smelting,https://timna-database.wikibase.cloud/entity/Q513
Site_030,34.94792238,29.77098952,-1200,-1000,Flint_Scatter,https://timna-database.wikibase.cloud/entity/Q513
Site_096,34.95022399,29.7440026,-5800,-3600,Mining,https://timna-database.wikibase.cloud/entity/Q523
Site_096,34.95022399,29.7440026,-3600,-2000,Mining,https://timna-database.wikibase.cloud/entity/Q523
Site_030,34.94792238,29.77098952,-1200,-1000,Furnace_Smelting,https://timna-database.wikibase.cloud/entity/Q513
Site_016,34.92466619,29.78244434,-1500,-1200,Mining,https://timna-database.wikibase.cloud/entity/Q548
Site_016,34.92466619,29.78244434,-1200,-1000,Mining,https://timna-database.wikibase.cloud/entity/Q548
Site_019,34.92569533,29.78425074,-5800,-3600,Mining_Shaft,https://timna-database.wikibase.cloud/entity/Q551
Site_019,34.92569533,29.78425074,-3600,-2000,Mining_Shaft,https://timna-database.wikibase.cloud/entity/Q551
Site_019,34.92569533,29.78425074,-1500,-1200,Mining_Shaft,https://timna-database.wikibase.cloud/entity/Q551
Site_019,34.92569533,29.78425074,-1200,-1000,Mining_Shaft,https://timna-database.wikibase.cloud/entity/Q551
Site_250-A,34.99787231,29.79825766,-5800,-3600,Mining_Gallery,https://timna-database.wikibase.cloud/entity/Q593
Site_250-A,34.99787231,29.79825766,-3600,-2000,Mining_Gallery,https://timna-database.wikibase.cloud/entity/Q593
Site_252,34.99637861,29.81033461,-37,324,Mining_Gallery,https://timna-database.wikibase.cloud/entity/Q594
Site_737-001,34.97569444,29.80661111,-1500,-1200,Stone_Feature,https://timna-database.wikibase.cloud/entity/Q541
Site_737-001,34.97569444,29.80661111,-1200,-1000,Stone_Feature,https://timna-database.wikibase.cloud/entity/Q541
Site_009-018,34.92672452,29.78605713,-1500,-1200,Mining_Shaft,https://timna-database.wikibase.cloud/entity/Q550
Site_009-018,34.92672452,29.78605713,-1200,-1000,Mining_Shaft,https://timna-database.wikibase.cloud/entity/Q550
Site_737-001,34.97569444,29.80661111,-1500,-1200,Slag_Scatter,https://timna-database.wikibase.cloud/entity/Q541
Site_737-001,34.97569444,29.80661111,-1200,-1000,Slag_Scatter,https://timna-database.wikibase.cloud/entity/Q541
Site_250,34.99741768,29.79803142,-5800,-3600,Workshop,https://timna-database.wikibase.cloud/entity/Q592
Site_250,34.99741768,29.79803142,-3600,-2000,Workshop,https://timna-database.wikibase.cloud/entity/Q592
Site_250,34.99741768,29.79803142,-5800,-3600,Flint_Scatter,https://timna-database.wikibase.cloud/entity/Q592
Site_250,34.99741768,29.79803142,-3600,-2000,Flint_Scatter,https://timna-database.wikibase.cloud/entity/Q592
Site_737-002,34.97586111,29.80669444,-1500,-1200,Slag_Scatter,https://timna-database.wikibase.cloud/entity/Q536
Site_737-002,34.97586111,29.80669444,-1200,-1000,Slag_Scatter,https://timna-database.wikibase.cloud/entity/Q536
Site_023-N3,34.92798789,29.78921717,-5800,-3600,Smelting,https://timna-database.wikibase.cloud/entity/Q543
Site_019,34.92569533,29.78425074,-5800,-3600,Mining,https://timna-database.wikibase.cloud/entity/Q551
Site_019,34.92569533,29.78425074,-3600,-2000,Mining,https://timna-database.wikibase.cloud/entity/Q551
Site_019,34.92569533,29.78425074,-1500,-1200,Mining,https://timna-database.wikibase.cloud/entity/Q551
Site_019,34.92569533,29.78425074,-1200,-1000,Mining,https://timna-database.wikibase.cloud/entity/Q551
Site_009-018,34.92672452,29.78605713,-1500,-1200,Mining,https://timna-database.wikibase.cloud/entity/Q550
Site_009-018,34.92672452,29.78605713,-1200,-1000,Mining,https://timna-database.wikibase.cloud/entity/Q550
Site_016,34.92466619,29.78244434,-1500,-1200,Stone_Feature,https://timna-database.wikibase.cloud/entity/Q548
Site_016,34.92466619,29.78244434,-1200,-1000,Stone_Feature,https://timna-database.wikibase.cloud/entity/Q548
Site_009,34.92465616,29.78605277,-1500,-1200,Mining_Field,https://timna-database.wikibase.cloud/entity/Q546
Site_009,34.92465616,29.78605277,-1200,-1000,Mining_Field,https://timna-database.wikibase.cloud/entity/Q546
Site_019,34.92569533,29.78425074,-5800,-3600,Stone_Feature,https://timna-database.wikibase.cloud/entity/Q551
Site_019,34.92569533,29.78425074,-3600,-2000,Stone_Feature,https://timna-database.wikibase.cloud/entity/Q551
Site_019,34.92569533,29.78425074,-1500,-1200,Stone_Feature,https://timna-database.wikibase.cloud/entity/Q551
Site_019,34.92569533,29.78425074,-1200,-1000,Stone_Feature,https://timna-database.wikibase.cloud/entity/Q551
Site_F2,34.92994017,29.78250952,-1500,-1200,Smelting,https://timna-database.wikibase.cloud/entity/Q542
Site_F2,34.92994017,29.78250952,-1200,-1000,Smelting,https://timna-database.wikibase.cloud/entity/Q542
Site_009-018,34.92672452,29.78605713,-1500,-1200,Stone_Feature,https://timna-database.wikibase.cloud/entity/Q550
Site_009-018,34.92672452,29.78605713,-1200,-1000,Stone_Feature,https://timna-database.wikibase.cloud/entity/Q550
Site_009-J6,34.92419198,29.78561878,-1500,-1200,Mining_Shaft,https://timna-database.wikibase.cloud/entity/Q547
Site_009-J6,34.92419198,29.78561878,-1200,-1000,Mining_Shaft,https://timna-database.wikibase.cloud/entity/Q547
Site_737-001,34.97569444,29.80661111,-1500,-1200,Pottery_Scatter,https://timna-database.wikibase.cloud/entity/Q541
Site_737-001,34.97569444,29.80661111,-1200,-1000,Pottery_Scatter,https://timna-database.wikibase.cloud/entity/Q541
Site_021,34.92960866,29.77893646,-1500,-1200,Mining_Field,https://timna-database.wikibase.cloud/entity/Q552
Site_021,34.92960866,29.77893646,-1200,-1000,Mining_Field,https://timna-database.wikibase.cloud/entity/Q552
Site_250,34.99741768,29.79803142,-5800,-3600,Stone_Feature,https://timna-database.wikibase.cloud/entity/Q592
Site_250,34.99741768,29.79803142,-3600,-2000,Stone_Feature,https://timna-database.wikibase.cloud/entity/Q592
Site_252,34.99637861,29.81033461,-37,324,Quarrying,https://timna-database.wikibase.cloud/entity/Q594
Site_737-004,34.97625726,29.80644038,-1500,-1200,Stone_Feature,https://timna-database.wikibase.cloud/entity/Q537
Site_737-004,34.97625726,29.80644038,-1200,-1000,Stone_Feature,https://timna-database.wikibase.cloud/entity/Q537
Site_021,34.92960866,29.77893646,-1500,-1200,Mining_Shaft,https://timna-database.wikibase.cloud/entity/Q552
Site_021,34.92960866,29.77893646,-1200,-1000,Mining_Shaft,https://timna-database.wikibase.cloud/entity/Q552
Site_009-J6,34.92419198,29.78561878,-1500,-1200,Mining,https://timna-database.wikibase.cloud/entity/Q547
Site_009-J6,34.92419198,29.78561878,-1200,-1000,Mining,https://timna-database.wikibase.cloud/entity/Q547
Site_737-004,34.97625726,29.80644038,-1500,-1200,Slag_Scatter,https://timna-database.wikibase.cloud/entity/Q537
Site_737-004,34.97625726,29.80644038,-1200,-1000,Slag_Scatter,https://timna-database.wikibase.cloud/entity/Q537
Site_009,34.92465616,29.78605277,-1500,-1200,Stone_Feature,https://timna-database.wikibase.cloud/entity/Q546
Site_009,34.92465616,29.78605277,-1200,-1000,Stone_Feature,https://timna-database.wikibase.cloud/entity/Q546
Site_021,34.92960866,29.77893646,-1500,-1200,Mining,https://timna-database.wikibase.cloud/entity/Q552
Site_021,34.92960866,29.77893646,-1200,-1000,Mining,https://timna-database.wikibase.cloud/entity/Q552
Site_250-A,34.99787231,29.79825766,-5800,-3600,Flint_Scatter,https://timna-database.wikibase.cloud/entity/Q593
Site_250-A,34.99787231,29.79825766,-3600,-2000,Flint_Scatter,https://timna-database.wikibase.cloud/entity/Q593
Site_021,34.92960866,29.77893646,-1500,-1200,Stone_Feature,https://timna-database.wikibase.cloud/entity/Q552
Site_021,34.92960866,29.77893646,-1200,-1000,Stone_Feature,https://timna-database.wikibase.cloud/entity/Q552
Site_250-A,34.99787231,29.79825766,-5800,-3600,Petroglyph,https://timna-database.wikibase.cloud/entity/Q593
Site_250-A,34.99787231,29.79825766,-3600,-2000,Petroglyph,https://timna-database.wikibase.cloud/entity/Q593
Site_737-001,34.97569444,29.80661111,-1500,-1200,Flint_Scatter,https://timna-database.wikibase.cloud/entity/Q541
Site_737-001,34.97569444,29.80661111,-1200,-1000,Flint_Scatter,https://timna-database.wikibase.cloud/entity/Q541
Site_009-J6,34.92419198,29.78561878,-1500,-1200,Rock_Inscription,https://timna-database.wikibase.cloud/entity/Q547
Site_009-J6,34.92419198,29.78561878,-1200,-1000,Rock_Inscription,https://timna-database.wikibase.cloud/entity/Q547
Site_250-A,34.99787231,29.79825766,-5800,-3600,Mining,https://timna-database.wikibase.cloud/entity/Q593
Site_250-A,34.99787231,29.79825766,-3600,-2000,Mining,https://timna-database.wikibase.cloud/entity/Q593
Site_252,34.99637861,29.81033461,-37,324,Mining,https://timna-database.wikibase.cloud/entity/Q594
Site_023,34.92878794,29.78786567,-1500,-1200,Stone_Feature,https://timna-database.wikibase.cloud/entity/Q554
Site_023,34.92878794,29.78786567,-1200,-1000,Stone_Feature,https://timna-database.wikibase.cloud/entity/Q554
Site_737-004,34.97625726,29.80644038,-1500,-1200,Pottery_Scatter,https://timna-database.wikibase.cloud/entity/Q537
Site_737-004,34.97625726,29.80644038,-1200,-1000,Pottery_Scatter,https://timna-database.wikibase.cloud/entity/Q537
Site_016,34.92466619,29.78244434,-1500,-1200,Mining_Field,https://timna-database.wikibase.cloud/entity/Q548
Site_016,34.92466619,29.78244434,-1200,-1000,Mining_Field,https://timna-database.wikibase.cloud/entity/Q548
Site_016,34.92466619,29.78244434,-1500,-1200,Mining_Shaft,https://timna-database.wikibase.cloud/entity/Q548
Site_016,34.92466619,29.78244434,-1200,-1000,Mining_Shaft,https://timna-database.wikibase.cloud/entity/Q548
Site_250-A,34.99787231,29.79825766,-5800,-3600,Stone_Feature,https://timna-database.wikibase.cloud/entity/Q593
Site_250-A,34.99787231,29.79825766,-3600,-2000,Stone_Feature,https://timna-database.wikibase.cloud/entity/Q593
Site_252,34.99637861,29.81033461,-37,324,Stone_Feature,https://timna-database.wikibase.cloud/entity/Q594
Site_019,34.92569533,29.78425074,-5800,-3600,Mining_Field,https://timna-database.wikibase.cloud/entity/Q551
Site_019,34.92569533,29.78425074,-3600,-2000,Mining_Field,https://timna-database.wikibase.cloud/entity/Q551
Site_019,34.92569533,29.78425074,-1500,-1200,Mining_Field,https://timna-database.wikibase.cloud/entity/Q551
Site_019,34.92569533,29.78425074,-1200,-1000,Mining_Field,https://timna-database.wikibase.cloud/entity/Q551
Site_783,34.92769444,29.79088889,-1500,-1200,Mining_Gallery9,https://timna-database.wikibase.cloud/entity/Q732
Site_783,34.92769444,29.79088889,-1200,-1000,Mining_Gallery9,https://timna-database.wikibase.cloud/entity/Q732
Site_019-D12,34.92457071,29.78331017,-1500,-1200,Mining_Shaft,https://timna-database.wikibase.cloud/entity/Q721
Site_019-D12,34.92457071,29.78331017,-1200,-1000,Mining_Shaft,https://timna-database.wikibase.cloud/entity/Q721
Site_019-D12,34.92457071,29.78331017,-1500,-1200,Mining,https://timna-database.wikibase.cloud/entity/Q721
Site_019-D12,34.92457071,29.78331017,-1200,-1000,Mining,https://timna-database.wikibase.cloud/entity/Q721
Site_009-002,34.92708333,29.78594444,-1500,-1200,Mining_Shaft,https://timna-database.wikibase.cloud/entity/Q723
Site_009-002,34.92708333,29.78594444,-1200,-1000,Mining_Shaft,https://timna-database.wikibase.cloud/entity/Q723
Site_712,34.94879572,29.78133847,-1500,-1200,Cairn,https://timna-database.wikibase.cloud/entity/Q657
Site_712,34.94879572,29.78133847,-1200,-1000,Cairn,https://timna-database.wikibase.cloud/entity/Q657
Site_009-002,34.92708333,29.78594444,-1500,-1200,Mining,https://timna-database.wikibase.cloud/entity/Q723
Site_009-002,34.92708333,29.78594444,-1200,-1000,Mining,https://timna-database.wikibase.cloud/entity/Q723
Site_717,34.94028097,29.79460085,-1500,-1200,Mining_Field,https://timna-database.wikibase.cloud/entity/Q661
Site_717,34.94028097,29.79460085,-1200,-1000,Mining_Field,https://timna-database.wikibase.cloud/entity/Q661
Site_783,34.92769444,29.79088889,-1500,-1200,Workshop,https://timna-database.wikibase.cloud/entity/Q732
Site_783,34.92769444,29.79088889,-1200,-1000,Workshop,https://timna-database.wikibase.cloud/entity/Q732
Site_783,34.92769444,29.79088889,-1500,-1200,Mining_Shaft,https://timna-database.wikibase.cloud/entity/Q732
Site_783,34.92769444,29.79088889,-1200,-1000,Mining_Shaft,https://timna-database.wikibase.cloud/entity/Q732
Site_717,34.94028097,29.79460085,-1500,-1200,Mining_Shaft,https://timna-database.wikibase.cloud/entity/Q661
Site_717,34.94028097,29.79460085,-1200,-1000,Mining_Shaft,https://timna-database.wikibase.cloud/entity/Q661
Site_712,34.94879572,29.78133847,-1500,-1200,Burial,https://timna-database.wikibase.cloud/entity/Q657
Site_712,34.94879572,29.78133847,-1200,-1000,Burial,https://timna-database.wikibase.cloud/entity/Q657
Site_009-J5,34.92419444,29.78538889,-1500,-1200,Mining_Shaft,https://timna-database.wikibase.cloud/entity/Q724
Site_009-J5,34.92419444,29.78538889,-1200,-1000,Mining_Shaft,https://timna-database.wikibase.cloud/entity/Q724
Site_783,34.92769444,29.79088889,-1500,-1200,Mining,https://timna-database.wikibase.cloud/entity/Q732
Site_783,34.92769444,29.79088889,-1200,-1000,Mining,https://timna-database.wikibase.cloud/entity/Q732
Site_717,34.94028097,29.79460085,-1500,-1200,Mining,https://timna-database.wikibase.cloud/entity/Q661
Site_717,34.94028097,29.79460085,-1200,-1000,Mining,https://timna-database.wikibase.cloud/entity/Q661
Site_009-J5,34.92419444,29.78538889,-1500,-1200,Mining,https://timna-database.wikibase.cloud/entity/Q724
Site_009-J5,34.92419444,29.78538889,-1200,-1000,Mining,https://timna-database.wikibase.cloud/entity/Q724
Site_712,34.94879572,29.78133847,-1500,-1200,Stone_Feature,https://timna-database.wikibase.cloud/entity/Q657
Site_712,34.94879572,29.78133847,-1200,-1000,Stone_Feature,https://timna-database.wikibase.cloud/entity/Q657
Site_717,34.94028097,29.79460085,-1500,-1200,Stone_Feature,https://timna-database.wikibase.cloud/entity/Q661
Site_717,34.94028097,29.79460085,-1200,-1000,Stone_Feature,https://timna-database.wikibase.cloud/entity/Q661
Site_712,34.94879572,29.78133847,-1500,-1200,Tumulus,https://timna-database.wikibase.cloud/entity/Q657
Site_712,34.94879572,29.78133847,-1200,-1000,Tumulus,https://timna-database.wikibase.cloud/entity/Q657
Site_017,34.97115398,29.79019344,-1200,-1000,Stone_Feature,https://timna-database.wikibase.cloud/entity/Q564
Site_017,34.97115398,29.79019344,-1000,-586,Stone_Feature,https://timna-database.wikibase.cloud/entity/Q564
Site_066,34.938579,29.74978035,-5800,-3600,Mining,https://timna-database.wikibase.cloud/entity/Q570
Site_066,34.938579,29.74978035,-3600,-2000,Mining,https://timna-database.wikibase.cloud/entity/Q570
Site_186,34.96791781,29.80297966,-1500,-1200,Mining_Field,https://timna-database.wikibase.cloud/entity/Q579
Site_186,34.96791781,29.80297966,-1200,-1000,Mining_Field,https://timna-database.wikibase.cloud/entity/Q579
Site_186,34.96791781,29.80297966,-37,324,Mining_Field,https://timna-database.wikibase.cloud/entity/Q579
Site_186,34.96791781,29.80297966,638,1099,Mining_Field,https://timna-database.wikibase.cloud/entity/Q579
Site_193,34.95847222,29.76966667,-1500,-1200,Stone_Feature,https://timna-database.wikibase.cloud/entity/Q581
Site_193,34.95847222,29.76966667,-1200,-1000,Stone_Feature,https://timna-database.wikibase.cloud/entity/Q581
Site_042,34.98047531,29.74703422,-5800,-3600,Mining_Gallery,https://timna-database.wikibase.cloud/entity/Q569
Site_042,34.98047531,29.74703422,-1500,-1200,Mining_Gallery,https://timna-database.wikibase.cloud/entity/Q569
Site_042,34.98047531,29.74703422,-1200,-1000,Mining_Gallery,https://timna-database.wikibase.cloud/entity/Q569
Site_186,34.96791781,29.80297966,-1500,-1200,Flint_Scatter,https://timna-database.wikibase.cloud/entity/Q579
Site_186,34.96791781,29.80297966,-1200,-1000,Flint_Scatter,https://timna-database.wikibase.cloud/entity/Q579
Site_186,34.96791781,29.80297966,-37,324,Flint_Scatter,https://timna-database.wikibase.cloud/entity/Q579
Site_186,34.96791781,29.80297966,638,1099,Flint_Scatter,https://timna-database.wikibase.cloud/entity/Q579
Site_017,34.97115398,29.79019344,-1200,-1000,Tumulus,https://timna-database.wikibase.cloud/entity/Q564
Site_017,34.97115398,29.79019344,-1000,-586,Tumulus,https://timna-database.wikibase.cloud/entity/Q564
Site_186,34.96791781,29.80297966,-1500,-1200,Mining_Shaft,https://timna-database.wikibase.cloud/entity/Q579
Site_186,34.96791781,29.80297966,-1200,-1000,Mining_Shaft,https://timna-database.wikibase.cloud/entity/Q579
Site_186,34.96791781,29.80297966,-37,324,Mining_Shaft,https://timna-database.wikibase.cloud/entity/Q579
Site_186,34.96791781,29.80297966,638,1099,Mining_Shaft,https://timna-database.wikibase.cloud/entity/Q579
Site_037,34.96076031,29.73875402,-5800,-3600,Mining_Field,https://timna-database.wikibase.cloud/entity/Q566
Site_037,34.96076031,29.73875402,-37,324,Mining_Field,https://timna-database.wikibase.cloud/entity/Q566
Site_037,34.96076031,29.73875402,638,1099,Mining_Field,https://timna-database.wikibase.cloud/entity/Q566
Site_039-A,34.99308619,29.76246316,-5800,-3600,Stone_Feature,https://timna-database.wikibase.cloud/entity/Q567
Site_039-A,34.99308619,29.76246316,-3600,-2000,Stone_Feature,https://timna-database.wikibase.cloud/entity/Q567
Site_029,34.97850049,29.75638585,-5800,-3600,Workshop,https://timna-database.wikibase.cloud/entity/Q563
Site_095,34.93965871,29.74805044,-5800,-3600,Stone_Feature,https://timna-database.wikibase.cloud/entity/Q574
Site_095,34.93965871,29.74805044,-3600,-2000,Stone_Feature,https://timna-database.wikibase.cloud/entity/Q574
Site_095,34.93965871,29.74805044,-1500,-1200,Stone_Feature,https://timna-database.wikibase.cloud/entity/Q574
Site_095,34.93965871,29.74805044,-1200,-1000,Stone_Feature,https://timna-database.wikibase.cloud/entity/Q574
Site_095,34.93965871,29.74805044,-37,324,Stone_Feature,https://timna-database.wikibase.cloud/entity/Q574
Site_037,34.96076031,29.73875402,-5800,-3600,Mining_Shaft,https://timna-database.wikibase.cloud/entity/Q566
Site_037,34.96076031,29.73875402,-37,324,Mining_Shaft,https://timna-database.wikibase.cloud/entity/Q566
Site_037,34.96076031,29.73875402,638,1099,Mining_Shaft,https://timna-database.wikibase.cloud/entity/Q566
Site_094,34.95890293,29.73740643,-5800,-3600,Mining,https://timna-database.wikibase.cloud/entity/Q573
Site_029,34.97850049,29.75638585,-5800,-3600,Burial,https://timna-database.wikibase.cloud/entity/Q563
Site_186,34.96791781,29.80297966,-1500,-1200,Mining,https://timna-database.wikibase.cloud/entity/Q579
Site_186,34.96791781,29.80297966,-1200,-1000,Mining,https://timna-database.wikibase.cloud/entity/Q579
Site_186,34.96791781,29.80297966,-37,324,Mining,https://timna-database.wikibase.cloud/entity/Q579
Site_186,34.96791781,29.80297966,638,1099,Mining,https://timna-database.wikibase.cloud/entity/Q579
Site_188,35.00022222,29.77097222,-1500,-1200,Pottery_Scatter,https://timna-database.wikibase.cloud/entity/Q580
Site_188,35.00022222,29.77097222,-1200,-1000,Pottery_Scatter,https://timna-database.wikibase.cloud/entity/Q580
Site_037,34.96076031,29.73875402,-5800,-3600,Mining,https://timna-database.wikibase.cloud/entity/Q566
Site_037,34.96076031,29.73875402,-37,324,Mining,https://timna-database.wikibase.cloud/entity/Q566
Site_037,34.96076031,29.73875402,638,1099,Mining,https://timna-database.wikibase.cloud/entity/Q566
Site_087,34.96081381,29.79785179,-37,324,Mining_Field,https://timna-database.wikibase.cloud/entity/Q571
Site_087,34.96081381,29.79785179,638,1099,Mining_Field,https://timna-database.wikibase.cloud/entity/Q571
Site_186,34.96791781,29.80297966,-1500,-1200,Stone_Feature,https://timna-database.wikibase.cloud/entity/Q579
Site_186,34.96791781,29.80297966,-1200,-1000,Stone_Feature,https://timna-database.wikibase.cloud/entity/Q579
Site_186,34.96791781,29.80297966,-37,324,Stone_Feature,https://timna-database.wikibase.cloud/entity/Q579
Site_186,34.96791781,29.80297966,638,1099,Stone_Feature,https://timna-database.wikibase.cloud/entity/Q579
Site_087,34.96081381,29.79785179,-37,324,Mining_Shaft,https://timna-database.wikibase.cloud/entity/Q571
Site_087,34.96081381,29.79785179,638,1099,Mining_Shaft,https://timna-database.wikibase.cloud/entity/Q571
Site_037,34.96076031,29.73875402,-5800,-3600,Stone_Feature,https://timna-database.wikibase.cloud/entity/Q566
Site_037,34.96076031,29.73875402,-37,324,Stone_Feature,https://timna-database.wikibase.cloud/entity/Q566
Site_037,34.96076031,29.73875402,638,1099,Stone_Feature,https://timna-database.wikibase.cloud/entity/Q566
Site_029,34.97850049,29.75638585,-5800,-3600,Unknown,https://timna-database.wikibase.cloud/entity/Q563
Site_095,34.93965871,29.74805044,-5800,-3600,Pottery_Scatter,https://timna-database.wikibase.cloud/entity/Q574
Site_095,34.93965871,29.74805044,-3600,-2000,Pottery_Scatter,https://timna-database.wikibase.cloud/entity/Q574
Site_095,34.93965871,29.74805044,-1500,-1200,Pottery_Scatter,https://timna-database.wikibase.cloud/entity/Q574
Site_095,34.93965871,29.74805044,-1200,-1000,Pottery_Scatter,https://timna-database.wikibase.cloud/entity/Q574
Site_095,34.93965871,29.74805044,-37,324,Pottery_Scatter,https://timna-database.wikibase.cloud/entity/Q574
Site_017,34.97115398,29.79019344,-1200,-1000,Burial,https://timna-database.wikibase.cloud/entity/Q564
Site_017,34.97115398,29.79019344,-1000,-586,Burial,https://timna-database.wikibase.cloud/entity/Q564
Site_095,34.93965871,29.74805044,-5800,-3600,Mining_Field,https://timna-database.wikibase.cloud/entity/Q574
Site_095,34.93965871,29.74805044,-3600,-2000,Mining_Field,https://timna-database.wikibase.cloud/entity/Q574
Site_095,34.93965871,29.74805044,-1500,-1200,Mining_Field,https://timna-database.wikibase.cloud/entity/Q574
Site_095,34.93965871,29.74805044,-1200,-1000,Mining_Field,https://timna-database.wikibase.cloud/entity/Q574
Site_095,34.93965871,29.74805044,-37,324,Mining_Field,https://timna-database.wikibase.cloud/entity/Q574
Site_042,34.98047531,29.74703422,-5800,-3600,Mining,https://timna-database.wikibase.cloud/entity/Q569
Site_042,34.98047531,29.74703422,-1500,-1200,Mining,https://timna-database.wikibase.cloud/entity/Q569
Site_042,34.98047531,29.74703422,-1200,-1000,Mining,https://timna-database.wikibase.cloud/entity/Q569
Site_095,34.93965871,29.74805044,-5800,-3600,Flint_Scatter,https://timna-database.wikibase.cloud/entity/Q574
Site_095,34.93965871,29.74805044,-3600,-2000,Flint_Scatter,https://timna-database.wikibase.cloud/entity/Q574
Site_095,34.93965871,29.74805044,-1500,-1200,Flint_Scatter,https://timna-database.wikibase.cloud/entity/Q574
Site_095,34.93965871,29.74805044,-1200,-1000,Flint_Scatter,https://timna-database.wikibase.cloud/entity/Q574
Site_095,34.93965871,29.74805044,-37,324,Flint_Scatter,https://timna-database.wikibase.cloud/entity/Q574
Site_066,34.938579,29.74978035,-5800,-3600,Mining_Field,https://timna-database.wikibase.cloud/entity/Q570
Site_066,34.938579,29.74978035,-3600,-2000,Mining_Field,https://timna-database.wikibase.cloud/entity/Q570
Site_095,34.93965871,29.74805044,-5800,-3600,Mining_Shaft,https://timna-database.wikibase.cloud/entity/Q574
Site_095,34.93965871,29.74805044,-3600,-2000,Mining_Shaft,https://timna-database.wikibase.cloud/entity/Q574
Site_095,34.93965871,29.74805044,-1500,-1200,Mining_Shaft,https://timna-database.wikibase.cloud/entity/Q574
Site_095,34.93965871,29.74805044,-1200,-1000,Mining_Shaft,https://timna-database.wikibase.cloud/entity/Q574
Site_095,34.93965871,29.74805044,-37,324,Mining_Shaft,https://timna-database.wikibase.cloud/entity/Q574
Site_066,34.938579,29.74978035,-5800,-3600,Mining_Shaft,https://timna-database.wikibase.cloud/entity/Q570
Site_066,34.938579,29.74978035,-3600,-2000,Mining_Shaft,https://timna-database.wikibase.cloud/entity/Q570
Site_095,34.93965871,29.74805044,-5800,-3600,Mining,https://timna-database.wikibase.cloud/entity/Q574
Site_095,34.93965871,29.74805044,-3600,-2000,Mining,https://timna-database.wikibase.cloud/entity/Q574
Site_095,34.93965871,29.74805044,-1500,-1200,Mining,https://timna-database.wikibase.cloud/entity/Q574
Site_095,34.93965871,29.74805044,-1200,-1000,Mining,https://timna-database.wikibase.cloud/entity/Q574
Site_095,34.93965871,29.74805044,-37,324,Mining,https://timna-database.wikibase.cloud/entity/Q574
Site_645,34.93189542,29.78606789,-1500,-1200,Cairn,https://timna-database.wikibase.cloud/entity/Q644
Site_645,34.93189542,29.78606789,-1200,-1000,Cairn,https://timna-database.wikibase.cloud/entity/Q644
Site_645,34.93189542,29.78606789,-37,324,Cairn,https://timna-database.wikibase.cloud/entity/Q644
Site_196,34.95930556,29.76913889,-1500,-1200,Stone_Feature,https://timna-database.wikibase.cloud/entity/Q584
Site_196,34.95930556,29.76913889,-1200,-1000,Stone_Feature,https://timna-database.wikibase.cloud/entity/Q584
Site_646,34.96285444,29.77935317,-1500,-1200,Burial,https://timna-database.wikibase.cloud/entity/Q645
Site_646,34.96285444,29.77935317,-1200,-1000,Burial,https://timna-database.wikibase.cloud/entity/Q645
Site_200,34.95638847,29.76786629,-5800,-3600,Stone_Feature,https://timna-database.wikibase.cloud/entity/Q588
Site_200,34.95638847,29.76786629,-1500,-1200,Stone_Feature,https://timna-database.wikibase.cloud/entity/Q588
Site_200,34.95638847,29.76786629,-1200,-1000,Stone_Feature,https://timna-database.wikibase.cloud/entity/Q588
Site_200,34.95638847,29.76786629,-37,324,Stone_Feature,https://timna-database.wikibase.cloud/entity/Q588
Site_701,34.94647261,29.79602938,-5800,-3600,Mining_Field,https://timna-database.wikibase.cloud/entity/Q649
Site_701,34.94647261,29.79602938,-1500,-1200,Mining_Field,https://timna-database.wikibase.cloud/entity/Q649
Site_701,34.94647261,29.79602938,-1200,-1000,Mining_Field,https://timna-database.wikibase.cloud/entity/Q649
Site_644,34.93187391,29.78637456,-1500,-1200,Burial,https://timna-database.wikibase.cloud/entity/Q643
Site_644,34.93187391,29.78637456,-1200,-1000,Burial,https://timna-database.wikibase.cloud/entity/Q643
Site_644,34.93187391,29.78637456,-37,324,Burial,https://timna-database.wikibase.cloud/entity/Q643
Site_701,34.94647261,29.79602938,-5800,-3600,Mining_Shaft,https://timna-database.wikibase.cloud/entity/Q649
Site_701,34.94647261,29.79602938,-1500,-1200,Mining_Shaft,https://timna-database.wikibase.cloud/entity/Q649
Site_701,34.94647261,29.79602938,-1200,-1000,Mining_Shaft,https://timna-database.wikibase.cloud/entity/Q649
Site_200,34.95638847,29.76786629,-5800,-3600,Rock_Inscription,https://timna-database.wikibase.cloud/entity/Q588
Site_200,34.95638847,29.76786629,-1500,-1200,Rock_Inscription,https://timna-database.wikibase.cloud/entity/Q588
Site_200,34.95638847,29.76786629,-1200,-1000,Rock_Inscription,https://timna-database.wikibase.cloud/entity/Q588
Site_200,34.95638847,29.76786629,-37,324,Rock_Inscription,https://timna-database.wikibase.cloud/entity/Q588
Site_645,34.93189542,29.78606789,-1500,-1200,Burial,https://timna-database.wikibase.cloud/entity/Q644
Site_645,34.93189542,29.78606789,-1200,-1000,Burial,https://timna-database.wikibase.cloud/entity/Q644
Site_645,34.93189542,29.78606789,-37,324,Burial,https://timna-database.wikibase.cloud/entity/Q644
Site_701,34.94647261,29.79602938,-5800,-3600,Mining,https://timna-database.wikibase.cloud/entity/Q649
Site_701,34.94647261,29.79602938,-1500,-1200,Mining,https://timna-database.wikibase.cloud/entity/Q649
Site_701,34.94647261,29.79602938,-1200,-1000,Mining,https://timna-database.wikibase.cloud/entity/Q649
Site_646,34.96285444,29.77935317,-1500,-1200,Stone_Feature,https://timna-database.wikibase.cloud/entity/Q645
Site_646,34.96285444,29.77935317,-1200,-1000,Stone_Feature,https://timna-database.wikibase.cloud/entity/Q645
Site_773-001,34.93208241,29.78193659,-1500,-1200,Mining,https://timna-database.wikibase.cloud/entity/Q652
Site_773-001,34.93208241,29.78193659,-1200,-1000,Mining,https://timna-database.wikibase.cloud/entity/Q652
Site_644,34.93187391,29.78637456,-1500,-1200,Stone_Feature,https://timna-database.wikibase.cloud/entity/Q643
Site_644,34.93187391,29.78637456,-1200,-1000,Stone_Feature,https://timna-database.wikibase.cloud/entity/Q643
Site_644,34.93187391,29.78637456,-37,324,Stone_Feature,https://timna-database.wikibase.cloud/entity/Q643
Site_646,34.96285444,29.77935317,-1500,-1200,Tumulus,https://timna-database.wikibase.cloud/entity/Q645
Site_646,34.96285444,29.77935317,-1200,-1000,Tumulus,https://timna-database.wikibase.cloud/entity/Q645
Site_644,34.93187391,29.78637456,-1500,-1200,Tumulus,https://timna-database.wikibase.cloud/entity/Q643
Site_644,34.93187391,29.78637456,-1200,-1000,Tumulus,https://timna-database.wikibase.cloud/entity/Q643
Site_644,34.93187391,29.78637456,-37,324,Tumulus,https://timna-database.wikibase.cloud/entity/Q643
Site_645,34.93189542,29.78606789,-1500,-1200,Stone_Feature,https://timna-database.wikibase.cloud/entity/Q644
Site_645,34.93189542,29.78606789,-1200,-1000,Stone_Feature,https://timna-database.wikibase.cloud/entity/Q644
Site_645,34.93189542,29.78606789,-37,324,Stone_Feature,https://timna-database.wikibase.cloud/entity/Q644
Site_773-001,34.93208241,29.78193659,-1500,-1200,Stone_Feature,https://timna-database.wikibase.cloud/entity/Q652
Site_773-001,34.93208241,29.78193659,-1200,-1000,Stone_Feature,https://timna-database.wikibase.cloud/entity/Q652
Site_645,34.93189542,29.78606789,-1500,-1200,Tumulus,https://timna-database.wikibase.cloud/entity/Q644
Site_645,34.93189542,29.78606789,-1200,-1000,Tumulus,https://timna-database.wikibase.cloud/entity/Q644
Site_645,34.93189542,29.78606789,-37,324,Tumulus,https://timna-database.wikibase.cloud/entity/Q644
Site_646,34.96285444,29.77935317,-1500,-1200,Pottery_Scatter,https://timna-database.wikibase.cloud/entity/Q645
Site_646,34.96285444,29.77935317,-1200,-1000,Pottery_Scatter,https://timna-database.wikibase.cloud/entity/Q645
Site_646,34.96285444,29.77935317,-1500,-1200,Cairn,https://timna-database.wikibase.cloud/entity/Q645
Site_646,34.96285444,29.77935317,-1200,-1000,Cairn,https://timna-database.wikibase.cloud/entity/Q645
Site_644,34.93187391,29.78637456,-1500,-1200,Cairn,https://timna-database.wikibase.cloud/entity/Q643
Site_644,34.93187391,29.78637456,-1200,-1000,Cairn,https://timna-database.wikibase.cloud/entity/Q643
Site_644,34.93187391,29.78637456,-37,324,Cairn,https://timna-database.wikibase.cloud/entity/Q643
Site_200,34.95638847,29.76786629,-5800,-3600,Flint_Scatter,https://timna-database.wikibase.cloud/entity/Q588
Site_200,34.95638847,29.76786629,-1500,-1200,Flint_Scatter,https://timna-database.wikibase.cloud/entity/Q588
Site_200,34.95638847,29.76786629,-1200,-1000,Flint_Scatter,https://timna-database.wikibase.cloud/entity/Q588
Site_200,34.95638847,29.76786629,-37,324,Flint_Scatter,https://timna-database.wikibase.cloud/entity/Q588
Site_701,34.94647261,29.79602938,-5800,-3600,Mining_Field_Placer,https://timna-database.wikibase.cloud/entity/Q649
Site_701,34.94647261,29.79602938,-1500,-1200,Mining_Field_Placer,https://timna-database.wikibase.cloud/entity/Q649
Site_701,34.94647261,29.79602938,-1200,-1000,Mining_Field_Placer,https://timna-database.wikibase.cloud/entity/Q649
Site_200,34.95638847,29.76786629,-5800,-3600,Petroglyph,https://timna-database.wikibase.cloud/entity/Q588
Site_200,34.95638847,29.76786629,-1500,-1200,Petroglyph,https://timna-database.wikibase.cloud/entity/Q588
Site_200,34.95638847,29.76786629,-1200,-1000,Petroglyph,https://timna-database.wikibase.cloud/entity/Q588
Site_200,34.95638847,29.76786629,-37,324,Petroglyph,https://timna-database.wikibase.cloud/entity/Q588
Site_185,34.96168613,29.77067268,-1500,-1200,Flint_Scatter,https://timna-database.wikibase.cloud/entity/Q525
Site_254-C,34.94848759,29.77237085,-1500,-1200,Stone_Feature,https://timna-database.wikibase.cloud/entity/Q528
Site_254-C,34.94848759,29.77237085,-1200,-1000,Stone_Feature,https://timna-database.wikibase.cloud/entity/Q528
Site_704,34.95402038,29.78458705,-1500,-1200,Pottery_Scatter,https://timna-database.wikibase.cloud/entity/Q532
Site_713,34.95360453,29.78131159,-1500,-1200,Stone_Feature,https://timna-database.wikibase.cloud/entity/Q533
Site_713,34.95360453,29.78131159,-1200,-1000,Stone_Feature,https://timna-database.wikibase.cloud/entity/Q533
Site_024-A,34.94566589,29.80004221,-37,324,Pottery_Scatter,https://timna-database.wikibase.cloud/entity/Q556
Site_024,34.94115967,29.79871623,-1500,-1200,Stone_Feature,https://timna-database.wikibase.cloud/entity/Q555
Site_024,34.94115967,29.79871623,-1200,-1000,Stone_Feature,https://timna-database.wikibase.cloud/entity/Q555
Site_012,34.94860148,29.77638548,-1500,-1200,Smelting,https://timna-database.wikibase.cloud/entity/Q509
Site_012,34.94860148,29.77638548,-1200,-1000,Smelting,https://timna-database.wikibase.cloud/entity/Q509
Site_013,34.95599624,29.78434721,-1200,-1000,Pottery_Scatter,https://timna-database.wikibase.cloud/entity/Q510
Site_003,34.95282736,29.77780089,-1500,-1200,Stone_Feature,https://timna-database.wikibase.cloud/entity/Q508
Site_014,34.95604803,29.78012541,-1500,-1200,Stone_Feature,https://timna-database.wikibase.cloud/entity/Q511
Site_014,34.95604803,29.78012541,-1200,-1000,Stone_Feature,https://timna-database.wikibase.cloud/entity/Q511
Site_255,34.95098221,29.78778377,-1500,-1200,Smelting,https://timna-database.wikibase.cloud/entity/Q529
Site_255,34.95098221,29.78778377,638,1099,Smelting,https://timna-database.wikibase.cloud/entity/Q529
Site_012,34.94860148,29.77638548,-1500,-1200,Workshop,https://timna-database.wikibase.cloud/entity/Q509
Site_012,34.94860148,29.77638548,-1200,-1000,Workshop,https://timna-database.wikibase.cloud/entity/Q509
Site_003,34.95282736,29.77780089,-1500,-1200,Slag_Scatter,https://timna-database.wikibase.cloud/entity/Q508
Site_012,34.94860148,29.77638548,-1500,-1200,Flint_Scatter,https://timna-database.wikibase.cloud/entity/Q509
Site_012,34.94860148,29.77638548,-1200,-1000,Flint_Scatter,https://timna-database.wikibase.cloud/entity/Q509
Site_255,34.95098221,29.78778377,-1500,-1200,Workshop,https://timna-database.wikibase.cloud/entity/Q529
Site_255,34.95098221,29.78778377,638,1099,Workshop,https://timna-database.wikibase.cloud/entity/Q529
Site_013,34.95599624,29.78434721,-1200,-1000,Cairn,https://timna-database.wikibase.cloud/entity/Q510
Site_015,34.95787498,29.78575802,-1200,-1000,Stone_Feature,https://timna-database.wikibase.cloud/entity/Q512
Site_185,34.96168613,29.77067268,-1500,-1200,Stone_Feature,https://timna-database.wikibase.cloud/entity/Q525
Site_012,34.94860148,29.77638548,-1500,-1200,Burial,https://timna-database.wikibase.cloud/entity/Q509
Site_012,34.94860148,29.77638548,-1200,-1000,Burial,https://timna-database.wikibase.cloud/entity/Q509
Site_419,34.95567939,29.78701687,-1500,-1200,Stone_Feature,https://timna-database.wikibase.cloud/entity/Q531
Site_003,34.95282736,29.77780089,-1500,-1200,Tumulus,https://timna-database.wikibase.cloud/entity/Q508
Site_036,34.98295936,29.7362761,638,1099,Stone_Feature,https://timna-database.wikibase.cloud/entity/Q560
Site_185,34.96168613,29.77067268,-1500,-1200,Slag_Scatter,https://timna-database.wikibase.cloud/entity/Q525
Site_254-C,34.94848759,29.77237085,-1500,-1200,Pottery_Scatter,https://timna-database.wikibase.cloud/entity/Q528
Site_254-C,34.94848759,29.77237085,-1200,-1000,Pottery_Scatter,https://timna-database.wikibase.cloud/entity/Q528
Site_015,34.95787498,29.78575802,-1200,-1000,Tumulus,https://timna-database.wikibase.cloud/entity/Q512
Site_704,34.95402038,29.78458705,-1500,-1200,Flint_Scatter,https://timna-database.wikibase.cloud/entity/Q532
Site_024-A,34.94566589,29.80004221,-37,324,Mining_Shaft,https://timna-database.wikibase.cloud/entity/Q556
Site_013,34.95599624,29.78434721,-1200,-1000,Smelting,https://timna-database.wikibase.cloud/entity/Q510
Site_013,34.95599624,29.78434721,-1200,-1000,Workshop,https://timna-database.wikibase.cloud/entity/Q510
Site_025,34.94839757,29.79963255,-1500,-1200,Mining_Shaft,https://timna-database.wikibase.cloud/entity/Q557
Site_025,34.94839757,29.79963255,-1200,-1000,Mining_Shaft,https://timna-database.wikibase.cloud/entity/Q557
Site_012,34.94860148,29.77638548,-1500,-1200,Stone_Feature,https://timna-database.wikibase.cloud/entity/Q509
Site_012,34.94860148,29.77638548,-1200,-1000,Stone_Feature,https://timna-database.wikibase.cloud/entity/Q509
Site_013,34.95599624,29.78434721,-1200,-1000,Flint_Scatter,https://timna-database.wikibase.cloud/entity/Q510
Site_003,34.95282736,29.77780089,-1500,-1200,Pottery_Scatter,https://timna-database.wikibase.cloud/entity/Q508
Site_014,34.95604803,29.78012541,-1500,-1200,Pottery_Scatter,https://timna-database.wikibase.cloud/entity/Q511
Site_014,34.95604803,29.78012541,-1200,-1000,Pottery_Scatter,https://timna-database.wikibase.cloud/entity/Q511
Site_255,34.95098221,29.78778377,-1500,-1200,Stone_Feature,https://timna-database.wikibase.cloud/entity/Q529
Site_255,34.95098221,29.78778377,638,1099,Stone_Feature,https://timna-database.wikibase.cloud/entity/Q529
Site_007,34.93117748,29.78767217,-37,324,Petroglyph,https://timna-database.wikibase.cloud/entity/Q544
Site_007,34.93117748,29.78767217,324,638,Petroglyph,https://timna-database.wikibase.cloud/entity/Q544
Site_025,34.94839757,29.79963255,-1500,-1200,Petroglyph,https://timna-database.wikibase.cloud/entity/Q557
Site_025,34.94839757,29.79963255,-1200,-1000,Petroglyph,https://timna-database.wikibase.cloud/entity/Q557
Site_024-A,34.94566589,29.80004221,-37,324,Mining,https://timna-database.wikibase.cloud/entity/Q556
Site_015,34.95787498,29.78575802,-1200,-1000,Pottery_Scatter,https://timna-database.wikibase.cloud/entity/Q512
Site_003,34.95282736,29.77780089,-1500,-1200,Cairn,https://timna-database.wikibase.cloud/entity/Q508
Site_025,34.94839757,29.79963255,-1500,-1200,Mining,https://timna-database.wikibase.cloud/entity/Q557
Site_025,34.94839757,29.79963255,-1200,-1000,Mining,https://timna-database.wikibase.cloud/entity/Q557
Site_012,34.94860148,29.77638548,-1500,-1200,Tumulus,https://timna-database.wikibase.cloud/entity/Q509
Site_012,34.94860148,29.77638548,-1200,-1000,Tumulus,https://timna-database.wikibase.cloud/entity/Q509
Site_254-C,34.94848759,29.77237085,-1500,-1200,Smelting,https://timna-database.wikibase.cloud/entity/Q528
Site_254-C,34.94848759,29.77237085,-1200,-1000,Smelting,https://timna-database.wikibase.cloud/entity/Q528
Site_015,34.95787498,29.78575802,-1200,-1000,Cairn,https://timna-database.wikibase.cloud/entity/Q512
Site_704,34.95402038,29.78458705,-1500,-1200,Stone_Feature,https://timna-database.wikibase.cloud/entity/Q532
Site_713,34.95360453,29.78131159,-1500,-1200,Smelting,https://timna-database.wikibase.cloud/entity/Q533
Site_713,34.95360453,29.78131159,-1200,-1000,Smelting,https://timna-database.wikibase.cloud/entity/Q533
Site_704,34.95402038,29.78458705,-1500,-1200,Slag_Scatter,https://timna-database.wikibase.cloud/entity/Q532
Site_007,34.93117748,29.78767217,-37,324,Stone_Feature,https://timna-database.wikibase.cloud/entity/Q544
Site_007,34.93117748,29.78767217,324,638,Stone_Feature,https://timna-database.wikibase.cloud/entity/Q544
Site_013,34.95599624,29.78434721,-1200,-1000,Stone_Feature,https://timna-database.wikibase.cloud/entity/Q510
Site_024,34.94115967,29.79871623,-1500,-1200,Mining_Shaft,https://timna-database.wikibase.cloud/entity/Q555
Site_024,34.94115967,29.79871623,-1200,-1000,Mining_Shaft,https://timna-database.wikibase.cloud/entity/Q555
Site_014,34.95604803,29.78012541,-1500,-1200,Smelting,https://timna-database.wikibase.cloud/entity/Q511
Site_014,34.95604803,29.78012541,-1200,-1000,Smelting,https://timna-database.wikibase.cloud/entity/Q511
Site_034-H,34.95054029,29.77027287,-1200,-1000,Petroglyph,https://timna-database.wikibase.cloud/entity/Q559
Site_012,34.94860148,29.77638548,-1500,-1200,Pottery_Scatter,https://timna-database.wikibase.cloud/entity/Q509
Site_012,34.94860148,29.77638548,-1200,-1000,Pottery_Scatter,https://timna-database.wikibase.cloud/entity/Q509
Site_015,34.95787498,29.78575802,-1200,-1000,Smelting,https://timna-database.wikibase.cloud/entity/Q512
Site_255,34.95098221,29.78778377,-1500,-1200,Pottery_Scatter,https://timna-database.wikibase.cloud/entity/Q529
Site_255,34.95098221,29.78778377,638,1099,Pottery_Scatter,https://timna-database.wikibase.cloud/entity/Q529
Site_015,34.95787498,29.78575802,-1200,-1000,Workshop,https://timna-database.wikibase.cloud/entity/Q512
Site_012,34.94860148,29.77638548,-1500,-1200,Cairn,https://timna-database.wikibase.cloud/entity/Q509
Site_012,34.94860148,29.77638548,-1200,-1000,Cairn,https://timna-database.wikibase.cloud/entity/Q509
Site_419,34.95567939,29.78701687,-1500,-1200,Smelting,https://timna-database.wikibase.cloud/entity/Q531
Site_013,34.95599624,29.78434721,-1200,-1000,Tumulus,https://timna-database.wikibase.cloud/entity/Q510
Site_015,34.95787498,29.78575802,-1200,-1000,Flint_Scatter,https://timna-database.wikibase.cloud/entity/Q512
Site_024,34.94115967,29.79871623,-1500,-1200,Mining,https://timna-database.wikibase.cloud/entity/Q555
Site_024,34.94115967,29.79871623,-1200,-1000,Mining,https://timna-database.wikibase.cloud/entity/Q555
Site_185,34.96168613,29.77067268,-1500,-1200,Workshop,https://timna-database.wikibase.cloud/entity/Q525
Site_609,34.97115398,29.79019344,-1200,-1000,Burial,https://timna-database.wikibase.cloud/entity/Q828
Site_609,34.97115398,29.79019344,-1000,-586,Burial,https://timna-database.wikibase.cloud/entity/Q828
Site_646-004,34.96195498,29.77926131,1917,2026,Stone_Feature,https://timna-database.wikibase.cloud/entity/Q729
Site_025-002,34.948103,29.800874,-1500,-1200,Petroglyph,https://timna-database.wikibase.cloud/entity/Q1389
Site_025-003,34.948009,29.800593,-1500,-1200,Petroglyph,https://timna-database.wikibase.cloud/entity/NA9
Site_831,34.97525168,29.80741292,-1500,-1200,Stone_Feature,https://timna-database.wikibase.cloud/entity/Q1183
Site_831,34.97525168,29.80741292,-1200,-1000,Stone_Feature,https://timna-database.wikibase.cloud/entity/Q1183
Site_609,34.97115398,29.79019344,-1200,-1000,Stone_Feature,https://timna-database.wikibase.cloud/entity/Q828
Site_609,34.97115398,29.79019344,-1000,-586,Stone_Feature,https://timna-database.wikibase.cloud/entity/Q828
Site_039-C,34.993889,29.763246,-5800,-3600,Flint_Scatter,https://timna-database.wikibase.cloud/entity/Q825
Site_039-C,34.993889,29.763246,-3600,-2000,Flint_Scatter,https://timna-database.wikibase.cloud/entity/Q825
Site_609,34.97115398,29.79019344,-1200,-1000,Tumulus,https://timna-database.wikibase.cloud/entity/Q828
Site_609,34.97115398,29.79019344,-1000,-586,Tumulus,https://timna-database.wikibase.cloud/entity/Q828
Site_875,34.958994,29.77104,-1500,-1200,Burial,https://timna-database.wikibase.cloud/entity/Q1157
Site_875,34.958994,29.77104,-1200,-1000,Burial,https://timna-database.wikibase.cloud/entity/Q1157
Site_878,34.931416,29.791313,-5800,-3600,Mining_Shaft,https://timna-database.wikibase.cloud/entity/Q1160
Site_878,34.931416,29.791313,-3600,-2000,Mining_Shaft,https://timna-database.wikibase.cloud/entity/Q1160
Site_878,34.931416,29.791313,-1500,-1200,Mining_Shaft,https://timna-database.wikibase.cloud/entity/Q1160
Site_878,34.931416,29.791313,-1200,-1000,Mining_Shaft,https://timna-database.wikibase.cloud/entity/Q1160
Site_646-004,34.96195498,29.77926131,1917,2026,Quarrying,https://timna-database.wikibase.cloud/entity/Q729
Site_831,34.97525168,29.80741292,-1500,-1200,Cairn,https://timna-database.wikibase.cloud/entity/Q1183
Site_831,34.97525168,29.80741292,-1200,-1000,Cairn,https://timna-database.wikibase.cloud/entity/Q1183
Site_025-001,34.94751,29.801096,-1200,-1000,Petroglyph,https://timna-database.wikibase.cloud/entity/Q1381
Site_039-C,34.993889,29.763246,-5800,-3600,Slag_Scatter,https://timna-database.wikibase.cloud/entity/Q825
Site_039-C,34.993889,29.763246,-3600,-2000,Slag_Scatter,https://timna-database.wikibase.cloud/entity/Q825
Site_M102,34.97880209,29.79712592,1917,2026,Quarrying,https://timna-database.wikibase.cloud/entity/Q728
Site_609,34.97115398,29.79019344,-1200,-1000,Cairn,https://timna-database.wikibase.cloud/entity/Q828
Site_609,34.97115398,29.79019344,-1000,-586,Cairn,https://timna-database.wikibase.cloud/entity/Q828
Site_611,34.97547335,29.7918248,-1500,-1200,Cairn,https://timna-database.wikibase.cloud/entity/Q609
Site_611,34.97547335,29.7918248,-1200,-1000,Cairn,https://timna-database.wikibase.cloud/entity/Q609
Site_612,34.97533901,29.79177946,-1500,-1200,Cairn,https://timna-database.wikibase.cloud/entity/Q610
Site_612,34.97533901,29.79177946,-1200,-1000,Cairn,https://timna-database.wikibase.cloud/entity/Q610
Site_607,34.96961298,29.79019072,-1500,-1200,Stone_Feature,https://timna-database.wikibase.cloud/entity/Q606
Site_607,34.96961298,29.79019072,-1200,-1000,Stone_Feature,https://timna-database.wikibase.cloud/entity/Q606
Site_608,34.97043057,29.78995762,-1500,-1200,Tumulus,https://timna-database.wikibase.cloud/entity/Q607
Site_608,34.97043057,29.78995762,-1200,-1000,Tumulus,https://timna-database.wikibase.cloud/entity/Q607
Site_605,34.9686197,29.79036937,-1500,-1200,Stone_Feature,https://timna-database.wikibase.cloud/entity/Q604
Site_605,34.9686197,29.79036937,-1200,-1000,Stone_Feature,https://timna-database.wikibase.cloud/entity/Q604
Site_615,34.94543801,29.780078,-1500,-1200,Stone_Feature,https://timna-database.wikibase.cloud/entity/Q613
Site_615,34.94543801,29.780078,-1200,-1000,Stone_Feature,https://timna-database.wikibase.cloud/entity/Q613
Site_607,34.96961298,29.79019072,-1500,-1200,Tumulus,https://timna-database.wikibase.cloud/entity/Q606
Site_607,34.96961298,29.79019072,-1200,-1000,Tumulus,https://timna-database.wikibase.cloud/entity/Q606
Site_603,34.9671921,29.79052018,-1500,-1200,Burial,https://timna-database.wikibase.cloud/entity/Q602
Site_603,34.9671921,29.79052018,-1200,-1000,Burial,https://timna-database.wikibase.cloud/entity/Q602
Site_616,34.94563463,29.78002426,-1500,-1200,Stone_Feature,https://timna-database.wikibase.cloud/entity/Q614
Site_616,34.94563463,29.78002426,-1200,-1000,Stone_Feature,https://timna-database.wikibase.cloud/entity/Q614
Site_605,34.9686197,29.79036937,-1500,-1200,Tumulus,https://timna-database.wikibase.cloud/entity/Q604
Site_605,34.9686197,29.79036937,-1200,-1000,Tumulus,https://timna-database.wikibase.cloud/entity/Q604
Site_615,34.94543801,29.780078,-1500,-1200,Tumulus,https://timna-database.wikibase.cloud/entity/Q613
Site_615,34.94543801,29.780078,-1200,-1000,Tumulus,https://timna-database.wikibase.cloud/entity/Q613
Site_614,34.94586123,29.78037652,-1500,-1200,Cairn,https://timna-database.wikibase.cloud/entity/Q612
Site_614,34.94586123,29.78037652,-1200,-1000,Cairn,https://timna-database.wikibase.cloud/entity/Q612
Site_618,34.94567613,29.77997021,-1500,-1200,Burial,https://timna-database.wikibase.cloud/entity/Q616
Site_618,34.94567613,29.77997021,-1200,-1000,Burial,https://timna-database.wikibase.cloud/entity/Q616
Site_604,34.96803,29.79044951,-1500,-1200,Cairn,https://timna-database.wikibase.cloud/entity/Q603
Site_604,34.96803,29.79044951,-1200,-1000,Cairn,https://timna-database.wikibase.cloud/entity/Q603
Site_617,34.94561399,29.78000617,-1500,-1200,Burial,https://timna-database.wikibase.cloud/entity/Q615
Site_617,34.94561399,29.78000617,-1200,-1000,Burial,https://timna-database.wikibase.cloud/entity/Q615
Site_616,34.94563463,29.78002426,-1500,-1200,Tumulus,https://timna-database.wikibase.cloud/entity/Q614
Site_616,34.94563463,29.78002426,-1200,-1000,Tumulus,https://timna-database.wikibase.cloud/entity/Q614
Site_606,34.96884738,29.79030663,-1500,-1200,Cairn,https://timna-database.wikibase.cloud/entity/Q605
Site_606,34.96884738,29.79030663,-1200,-1000,Cairn,https://timna-database.wikibase.cloud/entity/Q605
Site_611,34.97547335,29.7918248,-1500,-1200,Burial,https://timna-database.wikibase.cloud/entity/Q609
Site_611,34.97547335,29.7918248,-1200,-1000,Burial,https://timna-database.wikibase.cloud/entity/Q609
Site_612,34.97533901,29.79177946,-1500,-1200,Burial,https://timna-database.wikibase.cloud/entity/Q610
Site_612,34.97533901,29.79177946,-1200,-1000,Burial,https://timna-database.wikibase.cloud/entity/Q610
Site_608,34.97043057,29.78995762,-1500,-1200,Cairn,https://timna-database.wikibase.cloud/entity/Q607
Site_608,34.97043057,29.78995762,-1200,-1000,Cairn,https://timna-database.wikibase.cloud/entity/Q607
Site_607,34.96961298,29.79019072,-1500,-1200,Cairn,https://timna-database.wikibase.cloud/entity/Q606
Site_607,34.96961298,29.79019072,-1200,-1000,Cairn,https://timna-database.wikibase.cloud/entity/Q606
Site_618,34.94567613,29.77997021,-1500,-1200,Stone_Feature,https://timna-database.wikibase.cloud/entity/Q616
Site_618,34.94567613,29.77997021,-1200,-1000,Stone_Feature,https://timna-database.wikibase.cloud/entity/Q616
Site_603,34.9671921,29.79052018,-1500,-1200,Tumulus,https://timna-database.wikibase.cloud/entity/Q602
Site_603,34.9671921,29.79052018,-1200,-1000,Tumulus,https://timna-database.wikibase.cloud/entity/Q602
Site_605,34.9686197,29.79036937,-1500,-1200,Cairn,https://timna-database.wikibase.cloud/entity/Q604
Site_605,34.9686197,29.79036937,-1200,-1000,Cairn,https://timna-database.wikibase.cloud/entity/Q604
Site_615,34.94543801,29.780078,-1500,-1200,Cairn,https://timna-database.wikibase.cloud/entity/Q613
Site_615,34.94543801,29.780078,-1200,-1000,Cairn,https://timna-database.wikibase.cloud/entity/Q613
Site_617,34.94561399,29.78000617,-1500,-1200,Stone_Feature,https://timna-database.wikibase.cloud/entity/Q615
Site_617,34.94561399,29.78000617,-1200,-1000,Stone_Feature,https://timna-database.wikibase.cloud/entity/Q615
Site_614,34.94586123,29.78037652,-1500,-1200,Burial,https://timna-database.wikibase.cloud/entity/Q612
Site_614,34.94586123,29.78037652,-1200,-1000,Burial,https://timna-database.wikibase.cloud/entity/Q612
Site_616,34.94563463,29.78002426,-1500,-1200,Cairn,https://timna-database.wikibase.cloud/entity/Q614
Site_616,34.94563463,29.78002426,-1200,-1000,Cairn,https://timna-database.wikibase.cloud/entity/Q614
Site_618,34.94567613,29.77997021,-1500,-1200,Tumulus,https://timna-database.wikibase.cloud/entity/Q616
Site_618,34.94567613,29.77997021,-1200,-1000,Tumulus,https://timna-database.wikibase.cloud/entity/Q616
Site_604,34.96803,29.79044951,-1500,-1200,Burial,https://timna-database.wikibase.cloud/entity/Q603
Site_604,34.96803,29.79044951,-1200,-1000,Burial,https://timna-database.wikibase.cloud/entity/Q603
Site_611,34.97547335,29.7918248,-1500,-1200,Stone_Feature,https://timna-database.wikibase.cloud/entity/Q609
Site_611,34.97547335,29.7918248,-1200,-1000,Stone_Feature,https://timna-database.wikibase.cloud/entity/Q609
Site_617,34.94561399,29.78000617,-1500,-1200,Tumulus,https://timna-database.wikibase.cloud/entity/Q615
Site_617,34.94561399,29.78000617,-1200,-1000,Tumulus,https://timna-database.wikibase.cloud/entity/Q615
Site_612,34.97533901,29.79177946,-1500,-1200,Stone_Feature,https://timna-database.wikibase.cloud/entity/Q610
Site_612,34.97533901,29.79177946,-1200,-1000,Stone_Feature,https://timna-database.wikibase.cloud/entity/Q610
Site_606,34.96884738,29.79030663,-1500,-1200,Burial,https://timna-database.wikibase.cloud/entity/Q605
Site_606,34.96884738,29.79030663,-1200,-1000,Burial,https://timna-database.wikibase.cloud/entity/Q605
Site_611,34.97547335,29.7918248,-1500,-1200,Tumulus,https://timna-database.wikibase.cloud/entity/Q609
Site_611,34.97547335,29.7918248,-1200,-1000,Tumulus,https://timna-database.wikibase.cloud/entity/Q609
Site_612,34.97533901,29.79177946,-1500,-1200,Tumulus,https://timna-database.wikibase.cloud/entity/Q610
Site_612,34.97533901,29.79177946,-1200,-1000,Tumulus,https://timna-database.wikibase.cloud/entity/Q610
Site_608,34.97043057,29.78995762,-1500,-1200,Burial,https://timna-database.wikibase.cloud/entity/Q607
Site_608,34.97043057,29.78995762,-1200,-1000,Burial,https://timna-database.wikibase.cloud/entity/Q607
Site_607,34.96961298,29.79019072,-1500,-1200,Burial,https://timna-database.wikibase.cloud/entity/Q606
Site_607,34.96961298,29.79019072,-1200,-1000,Burial,https://timna-database.wikibase.cloud/entity/Q606
Site_614,34.94586123,29.78037652,-1500,-1200,Stone_Feature,https://timna-database.wikibase.cloud/entity/Q612
Site_614,34.94586123,29.78037652,-1200,-1000,Stone_Feature,https://timna-database.wikibase.cloud/entity/Q612
Site_604,34.96803,29.79044951,-1500,-1200,Stone_Feature,https://timna-database.wikibase.cloud/entity/Q603
Site_604,34.96803,29.79044951,-1200,-1000,Stone_Feature,https://timna-database.wikibase.cloud/entity/Q603
Site_605,34.9686197,29.79036937,-1500,-1200,Burial,https://timna-database.wikibase.cloud/entity/Q604
Site_605,34.9686197,29.79036937,-1200,-1000,Burial,https://timna-database.wikibase.cloud/entity/Q604
Site_615,34.94543801,29.780078,-1500,-1200,Burial,https://timna-database.wikibase.cloud/entity/Q613
Site_615,34.94543801,29.780078,-1200,-1000,Burial,https://timna-database.wikibase.cloud/entity/Q613
Site_618,34.94567613,29.77997021,-1500,-1200,Cairn,https://timna-database.wikibase.cloud/entity/Q616
Site_618,34.94567613,29.77997021,-1200,-1000,Cairn,https://timna-database.wikibase.cloud/entity/Q616
Site_606,34.96884738,29.79030663,-1500,-1200,Stone_Feature,https://timna-database.wikibase.cloud/entity/Q605
Site_606,34.96884738,29.79030663,-1200,-1000,Stone_Feature,https://timna-database.wikibase.cloud/entity/Q605
Site_617,34.94561399,29.78000617,-1500,-1200,Cairn,https://timna-database.wikibase.cloud/entity/Q615
Site_617,34.94561399,29.78000617,-1200,-1000,Cairn,https://timna-database.wikibase.cloud/entity/Q615
Site_614,34.94586123,29.78037652,-1500,-1200,Tumulus,https://timna-database.wikibase.cloud/entity/Q612
Site_614,34.94586123,29.78037652,-1200,-1000,Tumulus,https://timna-database.wikibase.cloud/entity/Q612
Site_616,34.94563463,29.78002426,-1500,-1200,Burial,https://timna-database.wikibase.cloud/entity/Q614
Site_616,34.94563463,29.78002426,-1200,-1000,Burial,https://timna-database.wikibase.cloud/entity/Q614
Site_604,34.96803,29.79044951,-1500,-1200,Tumulus,https://timna-database.wikibase.cloud/entity/Q603
Site_604,34.96803,29.79044951,-1200,-1000,Tumulus,https://timna-database.wikibase.cloud/entity/Q603
Site_608,34.97043057,29.78995762,-1500,-1200,Stone_Feature,https://timna-database.wikibase.cloud/entity/Q607
Site_608,34.97043057,29.78995762,-1200,-1000,Stone_Feature,https://timna-database.wikibase.cloud/entity/Q607
Site_606,34.96884738,29.79030663,-1500,-1200,Tumulus,https://timna-database.wikibase.cloud/entity/Q605
Site_606,34.96884738,29.79030663,-1200,-1000,Tumulus,https://timna-database.wikibase.cloud/entity/Q605
Site_254-A,34.94761897,29.77237819,-1500,-1200,Pottery_Scatter,https://timna-database.wikibase.cloud/entity/Q596
Site_211,34.93187832,29.79238264,-1500,-1200,Stone_Feature,https://timna-database.wikibase.cloud/entity/Q590
Site_211,34.93187832,29.79238264,-1200,-1000,Stone_Feature,https://timna-database.wikibase.cloud/entity/Q590
Site_088,34.96391026,29.80056379,-1500,-1200,Mining_Shaft,https://timna-database.wikibase.cloud/entity/Q572
Site_088,34.96391026,29.80056379,-1200,-1000,Mining_Shaft,https://timna-database.wikibase.cloud/entity/Q572
Site_602,34.96681927,29.79073602,-1500,-1200,Stone_Feature,https://timna-database.wikibase.cloud/entity/Q601
Site_602,34.96681927,29.79073602,-1200,-1000,Stone_Feature,https://timna-database.wikibase.cloud/entity/Q601
Site_601,34.96634295,29.79097873,-1500,-1200,Tumulus,https://timna-database.wikibase.cloud/entity/Q600
Site_601,34.96634295,29.79097873,-1200,-1000,Tumulus,https://timna-database.wikibase.cloud/entity/Q600
Site_198,34.95985728,29.77010098,-1500,-1200,Pottery_Scatter,https://timna-database.wikibase.cloud/entity/Q586
Site_198,34.95985728,29.77010098,-1200,-1000,Pottery_Scatter,https://timna-database.wikibase.cloud/entity/Q586
Site_088,34.96391026,29.80056379,-1500,-1200,Mining,https://timna-database.wikibase.cloud/entity/Q572
Site_088,34.96391026,29.80056379,-1200,-1000,Mining,https://timna-database.wikibase.cloud/entity/Q572
Site_603,34.9671921,29.79052018,-1500,-1200,Cairn,https://timna-database.wikibase.cloud/entity/Q602
Site_603,34.9671921,29.79052018,-1200,-1000,Cairn,https://timna-database.wikibase.cloud/entity/Q602
Site_602,34.96681927,29.79073602,-1500,-1200,Tumulus,https://timna-database.wikibase.cloud/entity/Q601
Site_602,34.96681927,29.79073602,-1200,-1000,Tumulus,https://timna-database.wikibase.cloud/entity/Q601
Site_198,34.95985728,29.77010098,-1500,-1200,Cultic,https://timna-database.wikibase.cloud/entity/Q586
Site_198,34.95985728,29.77010098,-1200,-1000,Cultic,https://timna-database.wikibase.cloud/entity/Q586
Site_117,34.93398075,29.77975737,-5800,-3600,Mining_Field_Placer,https://timna-database.wikibase.cloud/entity/Q577
Site_117,34.93398075,29.77975737,-3600,-2000,Mining_Field_Placer,https://timna-database.wikibase.cloud/entity/Q577
Site_195,34.95922222,29.76944444,-1500,-1200,Stone_Feature,https://timna-database.wikibase.cloud/entity/Q583
Site_195,34.95922222,29.76944444,-1200,-1000,Stone_Feature,https://timna-database.wikibase.cloud/entity/Q583
Site_254-A,34.94761897,29.77237819,-1500,-1200,Workshop,https://timna-database.wikibase.cloud/entity/Q596
Site_140,34.94121092,29.78308272,-5800,-3600,Mining_Field_Placer,https://timna-database.wikibase.cloud/entity/Q578
Site_753,34.94368221,29.75126095,-1500,-1200,Mining,https://timna-database.wikibase.cloud/entity/Q696
Site_753,34.94368221,29.75126095,-1200,-1000,Mining,https://timna-database.wikibase.cloud/entity/Q696
Site_642,34.95450986,29.77071345,-1500,-1200,Burial,https://timna-database.wikibase.cloud/entity/Q641
Site_642,34.95450986,29.77071345,-1200,-1000,Burial,https://timna-database.wikibase.cloud/entity/Q641
Site_637,34.95441774,29.77033438,-1500,-1200,Stone_Feature,https://timna-database.wikibase.cloud/entity/Q635
Site_637,34.95441774,29.77033438,-1200,-1000,Stone_Feature,https://timna-database.wikibase.cloud/entity/Q635
Site_722,34.93732389,29.79424308,-1500,-1200,Stone_Feature,https://timna-database.wikibase.cloud/entity/Q666
Site_722,34.93732389,29.79424308,-1200,-1000,Stone_Feature,https://timna-database.wikibase.cloud/entity/Q666
Site_637,34.95441774,29.77033438,-1500,-1200,Tumulus,https://timna-database.wikibase.cloud/entity/Q635
Site_637,34.95441774,29.77033438,-1200,-1000,Tumulus,https://timna-database.wikibase.cloud/entity/Q635
Site_642,34.95450986,29.77071345,-1500,-1200,Stone_Feature,https://timna-database.wikibase.cloud/entity/Q641
Site_642,34.95450986,29.77071345,-1200,-1000,Stone_Feature,https://timna-database.wikibase.cloud/entity/Q641
Site_724,34.9363797,29.79536881,-1500,-1200,Mining_Field,https://timna-database.wikibase.cloud/entity/Q668
Site_724,34.9363797,29.79536881,-1200,-1000,Mining_Field,https://timna-database.wikibase.cloud/entity/Q668
Site_642,34.95450986,29.77071345,-1500,-1200,Tumulus,https://timna-database.wikibase.cloud/entity/Q641
Site_642,34.95450986,29.77071345,-1200,-1000,Tumulus,https://timna-database.wikibase.cloud/entity/Q641
Site_724,34.9363797,29.79536881,-1500,-1200,Mining_Shaft,https://timna-database.wikibase.cloud/entity/Q668
Site_724,34.9363797,29.79536881,-1200,-1000,Mining_Shaft,https://timna-database.wikibase.cloud/entity/Q668
Site_724,34.9363797,29.79536881,-1500,-1200,Mining,https://timna-database.wikibase.cloud/entity/Q668
Site_724,34.9363797,29.79536881,-1200,-1000,Mining,https://timna-database.wikibase.cloud/entity/Q668
Site_637,34.95441774,29.77033438,-1500,-1200,Cairn,https://timna-database.wikibase.cloud/entity/Q635
Site_637,34.95441774,29.77033438,-1200,-1000,Cairn,https://timna-database.wikibase.cloud/entity/Q635
Site_723,34.92860087,29.7919699,-1500,-1200,Mining_Field,https://timna-database.wikibase.cloud/entity/Q667
Site_723,34.92860087,29.7919699,-1200,-1000,Mining_Field,https://timna-database.wikibase.cloud/entity/Q667
Site_723,34.92860087,29.7919699,-1500,-1200,Mining_Shaft,https://timna-database.wikibase.cloud/entity/Q667
Site_723,34.92860087,29.7919699,-1200,-1000,Mining_Shaft,https://timna-database.wikibase.cloud/entity/Q667
Site_724,34.9363797,29.79536881,-1500,-1200,Stone_Feature,https://timna-database.wikibase.cloud/entity/Q668
Site_724,34.9363797,29.79536881,-1200,-1000,Stone_Feature,https://timna-database.wikibase.cloud/entity/Q668
Site_642,34.95450986,29.77071345,-1500,-1200,Cairn,https://timna-database.wikibase.cloud/entity/Q641
Site_642,34.95450986,29.77071345,-1200,-1000,Cairn,https://timna-database.wikibase.cloud/entity/Q641
Site_707,34.95794444,29.76780556,-1500,-1200,Burial,https://timna-database.wikibase.cloud/entity/Q653
Site_707,34.95794444,29.76780556,-1200,-1000,Burial,https://timna-database.wikibase.cloud/entity/Q653
Site_723,34.92860087,29.7919699,-1500,-1200,Mining,https://timna-database.wikibase.cloud/entity/Q667
Site_723,34.92860087,29.7919699,-1200,-1000,Mining,https://timna-database.wikibase.cloud/entity/Q667
Site_707,34.95794444,29.76780556,-1500,-1200,Unknown,https://timna-database.wikibase.cloud/entity/Q653
Site_707,34.95794444,29.76780556,-1200,-1000,Unknown,https://timna-database.wikibase.cloud/entity/Q653
Site_722,34.93732389,29.79424308,-1500,-1200,Mining_Field,https://timna-database.wikibase.cloud/entity/Q666
Site_722,34.93732389,29.79424308,-1200,-1000,Mining_Field,https://timna-database.wikibase.cloud/entity/Q666
Site_753,34.94368221,29.75126095,-1500,-1200,Mining_Field,https://timna-database.wikibase.cloud/entity/Q696
Site_753,34.94368221,29.75126095,-1200,-1000,Mining_Field,https://timna-database.wikibase.cloud/entity/Q696
Site_723,34.92860087,29.7919699,-1500,-1200,Stone_Feature,https://timna-database.wikibase.cloud/entity/Q667
Site_723,34.92860087,29.7919699,-1200,-1000,Stone_Feature,https://timna-database.wikibase.cloud/entity/Q667
Site_637,34.95441774,29.77033438,-1500,-1200,Burial,https://timna-database.wikibase.cloud/entity/Q635
Site_637,34.95441774,29.77033438,-1200,-1000,Burial,https://timna-database.wikibase.cloud/entity/Q635
Site_722,34.93732389,29.79424308,-1500,-1200,Mining_Shaft,https://timna-database.wikibase.cloud/entity/Q666
Site_722,34.93732389,29.79424308,-1200,-1000,Mining_Shaft,https://timna-database.wikibase.cloud/entity/Q666
Site_753,34.94368221,29.75126095,-1500,-1200,Mining_Shaft,https://timna-database.wikibase.cloud/entity/Q696
Site_753,34.94368221,29.75126095,-1200,-1000,Mining_Shaft,https://timna-database.wikibase.cloud/entity/Q696
Site_707,34.95794444,29.76780556,-1500,-1200,Stone_Feature,https://timna-database.wikibase.cloud/entity/Q653
Site_707,34.95794444,29.76780556,-1200,-1000,Stone_Feature,https://timna-database.wikibase.cloud/entity/Q653
Site_722,34.93732389,29.79424308,-1500,-1200,Mining,https://timna-database.wikibase.cloud/entity/Q666
Site_722,34.93732389,29.79424308,-1200,-1000,Mining,https://timna-database.wikibase.cloud/entity/Q666
Site_412,34.99910639,29.79160198,-5800,-3600,Stone_Feature,https://timna-database.wikibase.cloud/entity/Q598
Site_412,34.99910639,29.79160198,-3600,-2000,Stone_Feature,https://timna-database.wikibase.cloud/entity/Q598
Site_601,34.96634295,29.79097873,-1500,-1200,Cairn,https://timna-database.wikibase.cloud/entity/Q600
Site_601,34.96634295,29.79097873,-1200,-1000,Cairn,https://timna-database.wikibase.cloud/entity/Q600
Site_254-B,34.948,29.77238889,-1500,-1200,Stone_Feature,https://timna-database.wikibase.cloud/entity/Q597
Site_602,34.96681927,29.79073602,-1500,-1200,Cairn,https://timna-database.wikibase.cloud/entity/Q601
Site_602,34.96681927,29.79073602,-1200,-1000,Cairn,https://timna-database.wikibase.cloud/entity/Q601
Site_117,34.93398075,29.77975737,-5800,-3600,Mining_Field,https://timna-database.wikibase.cloud/entity/Q577
Site_117,34.93398075,29.77975737,-3600,-2000,Mining_Field,https://timna-database.wikibase.cloud/entity/Q577
Site_253,34.94704816,29.79341438,-37,324,Petroglyph,https://timna-database.wikibase.cloud/entity/Q595
Site_253,34.94704816,29.79341438,324,638,Petroglyph,https://timna-database.wikibase.cloud/entity/Q595
Site_212,34.932915,29.79148266,-5800,-3600,Mining_Field,https://timna-database.wikibase.cloud/entity/Q591
Site_212,34.932915,29.79148266,-3600,-2000,Mining_Field,https://timna-database.wikibase.cloud/entity/Q591
Site_212,34.932915,29.79148266,-1500,-1200,Mining_Field,https://timna-database.wikibase.cloud/entity/Q591
Site_212,34.932915,29.79148266,-1200,-1000,Mining_Field,https://timna-database.wikibase.cloud/entity/Q591
Site_117,34.93398075,29.77975737,-5800,-3600,Mining,https://timna-database.wikibase.cloud/entity/Q577
Site_117,34.93398075,29.77975737,-3600,-2000,Mining,https://timna-database.wikibase.cloud/entity/Q577
Site_194,34.95963889,29.76958333,-1500,-1200,Stone_Feature,https://timna-database.wikibase.cloud/entity/Q582
Site_194,34.95963889,29.76958333,-1200,-1000,Stone_Feature,https://timna-database.wikibase.cloud/entity/Q582
Site_088,34.96391026,29.80056379,-1500,-1200,Pottery_Scatter,https://timna-database.wikibase.cloud/entity/Q572
Site_088,34.96391026,29.80056379,-1200,-1000,Pottery_Scatter,https://timna-database.wikibase.cloud/entity/Q572
Site_140,34.94121092,29.78308272,-5800,-3600,Mining_Field,https://timna-database.wikibase.cloud/entity/Q578
Site_254-A,34.94761897,29.77237819,-1500,-1200,Stone_Feature,https://timna-database.wikibase.cloud/entity/Q596
Site_199,34.95955556,29.771,-1500,-1200,Burial,https://timna-database.wikibase.cloud/entity/Q587
Site_199,34.95955556,29.771,-1200,-1000,Burial,https://timna-database.wikibase.cloud/entity/Q587
Site_210,34.93291013,29.79328688,-1500,-1200,Mining_Field,https://timna-database.wikibase.cloud/entity/Q589
Site_210,34.93291013,29.79328688,-1200,-1000,Mining_Field,https://timna-database.wikibase.cloud/entity/Q589
Site_211,34.93187832,29.79238264,-1500,-1200,Mining_Field,https://timna-database.wikibase.cloud/entity/Q590
Site_211,34.93187832,29.79238264,-1200,-1000,Mining_Field,https://timna-database.wikibase.cloud/entity/Q590
Site_212,34.932915,29.79148266,-5800,-3600,Mining,https://timna-database.wikibase.cloud/entity/Q591
Site_212,34.932915,29.79148266,-3600,-2000,Mining,https://timna-database.wikibase.cloud/entity/Q591
Site_212,34.932915,29.79148266,-1500,-1200,Mining,https://timna-database.wikibase.cloud/entity/Q591
Site_212,34.932915,29.79148266,-1200,-1000,Mining,https://timna-database.wikibase.cloud/entity/Q591
Site_199,34.95955556,29.771,-1500,-1200,Unknown,https://timna-database.wikibase.cloud/entity/Q587
Site_199,34.95955556,29.771,-1200,-1000,Unknown,https://timna-database.wikibase.cloud/entity/Q587
Site_210,34.93291013,29.79328688,-1500,-1200,Mining_Shaft,https://timna-database.wikibase.cloud/entity/Q589
Site_210,34.93291013,29.79328688,-1200,-1000,Mining_Shaft,https://timna-database.wikibase.cloud/entity/Q589
Site_603,34.9671921,29.79052018,-1500,-1200,Stone_Feature,https://timna-database.wikibase.cloud/entity/Q602
Site_603,34.9671921,29.79052018,-1200,-1000,Stone_Feature,https://timna-database.wikibase.cloud/entity/Q602
Site_601,34.96634295,29.79097873,-1500,-1200,Burial,https://timna-database.wikibase.cloud/entity/Q600
Site_601,34.96634295,29.79097873,-1200,-1000,Burial,https://timna-database.wikibase.cloud/entity/Q600
Site_198,34.95985728,29.77010098,-1500,-1200,Stone_Feature,https://timna-database.wikibase.cloud/entity/Q586
Site_198,34.95985728,29.77010098,-1200,-1000,Stone_Feature,https://timna-database.wikibase.cloud/entity/Q586
Site_253,34.94704816,29.79341438,-37,324,Stone_Feature,https://timna-database.wikibase.cloud/entity/Q595
Site_253,34.94704816,29.79341438,324,638,Stone_Feature,https://timna-database.wikibase.cloud/entity/Q595
Site_602,34.96681927,29.79073602,-1500,-1200,Burial,https://timna-database.wikibase.cloud/entity/Q601
Site_602,34.96681927,29.79073602,-1200,-1000,Burial,https://timna-database.wikibase.cloud/entity/Q601
Site_412,34.99910639,29.79160198,-5800,-3600,Cultic,https://timna-database.wikibase.cloud/entity/Q598
Site_412,34.99910639,29.79160198,-3600,-2000,Cultic,https://timna-database.wikibase.cloud/entity/Q598
Site_117,34.93398075,29.77975737,-5800,-3600,Stone_Feature,https://timna-database.wikibase.cloud/entity/Q577
Site_117,34.93398075,29.77975737,-3600,-2000,Stone_Feature,https://timna-database.wikibase.cloud/entity/Q577
Site_140,34.94121092,29.78308272,-5800,-3600,Mining,https://timna-database.wikibase.cloud/entity/Q578
Site_210,34.93291013,29.79328688,-1500,-1200,Mining,https://timna-database.wikibase.cloud/entity/Q589
Site_210,34.93291013,29.79328688,-1200,-1000,Mining,https://timna-database.wikibase.cloud/entity/Q589
Site_211,34.93187832,29.79238264,-1500,-1200,Mining,https://timna-database.wikibase.cloud/entity/Q590
Site_211,34.93187832,29.79238264,-1200,-1000,Mining,https://timna-database.wikibase.cloud/entity/Q590
Site_212,34.932915,29.79148266,-5800,-3600,Stone_Feature,https://timna-database.wikibase.cloud/entity/Q591
Site_212,34.932915,29.79148266,-3600,-2000,Stone_Feature,https://timna-database.wikibase.cloud/entity/Q591
Site_212,34.932915,29.79148266,-1500,-1200,Stone_Feature,https://timna-database.wikibase.cloud/entity/Q591
Site_212,34.932915,29.79148266,-1200,-1000,Stone_Feature,https://timna-database.wikibase.cloud/entity/Q591
Site_088,34.96391026,29.80056379,-1500,-1200,Mining_Field,https://timna-database.wikibase.cloud/entity/Q572
Site_088,34.96391026,29.80056379,-1200,-1000,Mining_Field,https://timna-database.wikibase.cloud/entity/Q572
Site_601,34.96634295,29.79097873,-1500,-1200,Stone_Feature,https://timna-database.wikibase.cloud/entity/Q600
Site_601,34.96634295,29.79097873,-1200,-1000,Stone_Feature,https://timna-database.wikibase.cloud/entity/Q600
Site_140,34.94121092,29.78308272,-5800,-3600,Stone_Feature,https://timna-database.wikibase.cloud/entity/Q578
Site_088,34.96391026,29.80056379,-1500,-1200,Flint_Scatter,https://timna-database.wikibase.cloud/entity/Q572
Site_088,34.96391026,29.80056379,-1200,-1000,Flint_Scatter,https://timna-database.wikibase.cloud/entity/Q572
Site_210,34.93291013,29.79328688,-1500,-1200,Stone_Feature,https://timna-database.wikibase.cloud/entity/Q589
Site_210,34.93291013,29.79328688,-1200,-1000,Stone_Feature,https://timna-database.wikibase.cloud/entity/Q589
Site_628,34.94986083,29.78135856,-1500,-1200,Tumulus,https://timna-database.wikibase.cloud/entity/Q626
Site_628,34.94986083,29.78135856,-1200,-1000,Tumulus,https://timna-database.wikibase.cloud/entity/Q626
Site_624,34.94679146,29.78056778,-1500,-1200,Stone_Feature,https://timna-database.wikibase.cloud/entity/Q622
Site_624,34.94679146,29.78056778,-1200,-1000,Stone_Feature,https://timna-database.wikibase.cloud/entity/Q622
Site_702,34.94774454,29.80018158,-5800,-3600,Mining,https://timna-database.wikibase.cloud/entity/Q650
Site_702,34.94774454,29.80018158,-3600,-2000,Mining,https://timna-database.wikibase.cloud/entity/Q650
Site_630,34.95175879,29.78329273,-1500,-1200,Tumulus,https://timna-database.wikibase.cloud/entity/Q628
Site_630,34.95175879,29.78329273,-1200,-1000,Tumulus,https://timna-database.wikibase.cloud/entity/Q628
Site_629,34.94976748,29.78146664,-1500,-1200,Tumulus,https://timna-database.wikibase.cloud/entity/Q627
Site_629,34.94976748,29.78146664,-1200,-1000,Tumulus,https://timna-database.wikibase.cloud/entity/Q627
Site_632,34.9528342,29.78333988,-1500,-1200,Burial,https://timna-database.wikibase.cloud/entity/Q630
Site_632,34.9528342,29.78333988,-1200,-1000,Burial,https://timna-database.wikibase.cloud/entity/Q630
Site_626,34.94867215,29.78113074,-1500,-1200,Burial,https://timna-database.wikibase.cloud/entity/Q624
Site_626,34.94867215,29.78113074,-1200,-1000,Burial,https://timna-database.wikibase.cloud/entity/Q624
Site_624,34.94679146,29.78056778,-1500,-1200,Tumulus,https://timna-database.wikibase.cloud/entity/Q622
Site_624,34.94679146,29.78056778,-1200,-1000,Tumulus,https://timna-database.wikibase.cloud/entity/Q622
Site_643,34.96367721,29.79421249,-1500,-1200,Cairn,https://timna-database.wikibase.cloud/entity/Q642
Site_643,34.96367721,29.79421249,-1200,-1000,Cairn,https://timna-database.wikibase.cloud/entity/Q642
Site_627,34.9496441,29.78118675,-1500,-1200,Cairn,https://timna-database.wikibase.cloud/entity/Q625
Site_627,34.9496441,29.78118675,-1200,-1000,Cairn,https://timna-database.wikibase.cloud/entity/Q625
Site_702,34.94774454,29.80018158,-5800,-3600,Stone_Feature,https://timna-database.wikibase.cloud/entity/Q650
Site_702,34.94774454,29.80018158,-3600,-2000,Stone_Feature,https://timna-database.wikibase.cloud/entity/Q650
Site_631,34.95252413,29.78326712,-1500,-1200,Burial,https://timna-database.wikibase.cloud/entity/Q629
Site_631,34.95252413,29.78326712,-1200,-1000,Burial,https://timna-database.wikibase.cloud/entity/Q629
Site_625,34.94815667,29.78050729,-1500,-1200,Cairn,https://timna-database.wikibase.cloud/entity/Q623
Site_625,34.94815667,29.78050729,-1200,-1000,Cairn,https://timna-database.wikibase.cloud/entity/Q623
Site_718,34.93579685,29.79673884,-1500,-1200,Stone_Feature,https://timna-database.wikibase.cloud/entity/Q662
Site_718,34.93579685,29.79673884,-1200,-1000,Stone_Feature,https://timna-database.wikibase.cloud/entity/Q662
Site_623,34.94675046,29.78042336,-1500,-1200,Burial,https://timna-database.wikibase.cloud/entity/Q621
Site_623,34.94675046,29.78042336,-1200,-1000,Burial,https://timna-database.wikibase.cloud/entity/Q621
Site_628,34.94986083,29.78135856,-1500,-1200,Cairn,https://timna-database.wikibase.cloud/entity/Q626
Site_628,34.94986083,29.78135856,-1200,-1000,Cairn,https://timna-database.wikibase.cloud/entity/Q626
Site_632,34.9528342,29.78333988,-1500,-1200,Stone_Feature,https://timna-database.wikibase.cloud/entity/Q630
Site_632,34.9528342,29.78333988,-1200,-1000,Stone_Feature,https://timna-database.wikibase.cloud/entity/Q630
Site_630,34.95175879,29.78329273,-1500,-1200,Cairn,https://timna-database.wikibase.cloud/entity/Q628
Site_630,34.95175879,29.78329273,-1200,-1000,Cairn,https://timna-database.wikibase.cloud/entity/Q628
Site_626,34.94867215,29.78113074,-1500,-1200,Stone_Feature,https://timna-database.wikibase.cloud/entity/Q624
Site_626,34.94867215,29.78113074,-1200,-1000,Stone_Feature,https://timna-database.wikibase.cloud/entity/Q624
Site_629,34.94976748,29.78146664,-1500,-1200,Cairn,https://timna-database.wikibase.cloud/entity/Q627
Site_629,34.94976748,29.78146664,-1200,-1000,Cairn,https://timna-database.wikibase.cloud/entity/Q627
Site_624,34.94679146,29.78056778,-1500,-1200,Cairn,https://timna-database.wikibase.cloud/entity/Q622
Site_624,34.94679146,29.78056778,-1200,-1000,Cairn,https://timna-database.wikibase.cloud/entity/Q622
Site_631,34.95252413,29.78326712,-1500,-1200,Stone_Feature,https://timna-database.wikibase.cloud/entity/Q629
Site_631,34.95252413,29.78326712,-1200,-1000,Stone_Feature,https://timna-database.wikibase.cloud/entity/Q629
Site_632,34.9528342,29.78333988,-1500,-1200,Tumulus,https://timna-database.wikibase.cloud/entity/Q630
Site_632,34.9528342,29.78333988,-1200,-1000,Tumulus,https://timna-database.wikibase.cloud/entity/Q630
Site_626,34.94867215,29.78113074,-1500,-1200,Tumulus,https://timna-database.wikibase.cloud/entity/Q624
Site_626,34.94867215,29.78113074,-1200,-1000,Tumulus,https://timna-database.wikibase.cloud/entity/Q624
Site_643,34.96367721,29.79421249,-1500,-1200,Burial,https://timna-database.wikibase.cloud/entity/Q642
Site_643,34.96367721,29.79421249,-1200,-1000,Burial,https://timna-database.wikibase.cloud/entity/Q642
Site_627,34.9496441,29.78118675,-1500,-1200,Burial,https://timna-database.wikibase.cloud/entity/Q625
Site_627,34.9496441,29.78118675,-1200,-1000,Burial,https://timna-database.wikibase.cloud/entity/Q625
Site_631,34.95252413,29.78326712,-1500,-1200,Tumulus,https://timna-database.wikibase.cloud/entity/Q629
Site_631,34.95252413,29.78326712,-1200,-1000,Tumulus,https://timna-database.wikibase.cloud/entity/Q629
Site_625,34.94815667,29.78050729,-1500,-1200,Burial,https://timna-database.wikibase.cloud/entity/Q623
Site_625,34.94815667,29.78050729,-1200,-1000,Burial,https://timna-database.wikibase.cloud/entity/Q623
Site_623,34.94675046,29.78042336,-1500,-1200,Tumulus,https://timna-database.wikibase.cloud/entity/Q621
Site_623,34.94675046,29.78042336,-1200,-1000,Tumulus,https://timna-database.wikibase.cloud/entity/Q621
Site_628,34.94986083,29.78135856,-1500,-1200,Burial,https://timna-database.wikibase.cloud/entity/Q626
Site_628,34.94986083,29.78135856,-1200,-1000,Burial,https://timna-database.wikibase.cloud/entity/Q626
Site_630,34.95175879,29.78329273,-1500,-1200,Burial,https://timna-database.wikibase.cloud/entity/Q628
Site_630,34.95175879,29.78329273,-1200,-1000,Burial,https://timna-database.wikibase.cloud/entity/Q628
Site_629,34.94976748,29.78146664,-1500,-1200,Burial,https://timna-database.wikibase.cloud/entity/Q627
Site_629,34.94976748,29.78146664,-1200,-1000,Burial,https://timna-database.wikibase.cloud/entity/Q627
Site_632,34.9528342,29.78333988,-1500,-1200,Cairn,https://timna-database.wikibase.cloud/entity/Q630
Site_632,34.9528342,29.78333988,-1200,-1000,Cairn,https://timna-database.wikibase.cloud/entity/Q630
Site_626,34.94867215,29.78113074,-1500,-1200,Cairn,https://timna-database.wikibase.cloud/entity/Q624
Site_626,34.94867215,29.78113074,-1200,-1000,Cairn,https://timna-database.wikibase.cloud/entity/Q624
Site_624,34.94679146,29.78056778,-1500,-1200,Burial,https://timna-database.wikibase.cloud/entity/Q622
Site_624,34.94679146,29.78056778,-1200,-1000,Burial,https://timna-database.wikibase.cloud/entity/Q622
Site_643,34.96367721,29.79421249,-1500,-1200,Stone_Feature,https://timna-database.wikibase.cloud/entity/Q642
Site_643,34.96367721,29.79421249,-1200,-1000,Stone_Feature,https://timna-database.wikibase.cloud/entity/Q642
Site_627,34.9496441,29.78118675,-1500,-1200,Stone_Feature,https://timna-database.wikibase.cloud/entity/Q625
Site_627,34.9496441,29.78118675,-1200,-1000,Stone_Feature,https://timna-database.wikibase.cloud/entity/Q625
Site_625,34.94815667,29.78050729,-1500,-1200,Stone_Feature,https://timna-database.wikibase.cloud/entity/Q623
Site_625,34.94815667,29.78050729,-1200,-1000,Stone_Feature,https://timna-database.wikibase.cloud/entity/Q623
Site_631,34.95252413,29.78326712,-1500,-1200,Cairn,https://timna-database.wikibase.cloud/entity/Q629
Site_631,34.95252413,29.78326712,-1200,-1000,Cairn,https://timna-database.wikibase.cloud/entity/Q629
Site_643,34.96367721,29.79421249,-1500,-1200,Tumulus,https://timna-database.wikibase.cloud/entity/Q642
Site_643,34.96367721,29.79421249,-1200,-1000,Tumulus,https://timna-database.wikibase.cloud/entity/Q642
Site_627,34.9496441,29.78118675,-1500,-1200,Tumulus,https://timna-database.wikibase.cloud/entity/Q625
Site_627,34.9496441,29.78118675,-1200,-1000,Tumulus,https://timna-database.wikibase.cloud/entity/Q625
Site_628,34.94986083,29.78135856,-1500,-1200,Stone_Feature,https://timna-database.wikibase.cloud/entity/Q626
Site_628,34.94986083,29.78135856,-1200,-1000,Stone_Feature,https://timna-database.wikibase.cloud/entity/Q626
Site_625,34.94815667,29.78050729,-1500,-1200,Tumulus,https://timna-database.wikibase.cloud/entity/Q623
Site_625,34.94815667,29.78050729,-1200,-1000,Tumulus,https://timna-database.wikibase.cloud/entity/Q623
Site_702,34.94774454,29.80018158,-5800,-3600,Mining_Shaft,https://timna-database.wikibase.cloud/entity/Q650
Site_702,34.94774454,29.80018158,-3600,-2000,Mining_Shaft,https://timna-database.wikibase.cloud/entity/Q650
Site_630,34.95175879,29.78329273,-1500,-1200,Stone_Feature,https://timna-database.wikibase.cloud/entity/Q628
Site_630,34.95175879,29.78329273,-1200,-1000,Stone_Feature,https://timna-database.wikibase.cloud/entity/Q628
Site_629,34.94976748,29.78146664,-1500,-1200,Stone_Feature,https://timna-database.wikibase.cloud/entity/Q627
Site_629,34.94976748,29.78146664,-1200,-1000,Stone_Feature,https://timna-database.wikibase.cloud/entity/Q627
Site_613,34.97525622,29.79179736,-1500,-1200,Tumulus,https://timna-database.wikibase.cloud/entity/Q611
Site_613,34.97525622,29.79179736,-1200,-1000,Tumulus,https://timna-database.wikibase.cloud/entity/Q611
Site_620,34.94621374,29.78002539,-1500,-1200,Tumulus,https://timna-database.wikibase.cloud/entity/Q618
Site_620,34.94621374,29.78002539,-1200,-1000,Tumulus,https://timna-database.wikibase.cloud/entity/Q618
Site_622,34.94657506,29.78026966,-1500,-1200,Tumulus,https://timna-database.wikibase.cloud/entity/Q620
Site_622,34.94657506,29.78026966,-1200,-1000,Tumulus,https://timna-database.wikibase.cloud/entity/Q620
Site_636,34.95311466,29.78284425,-1500,-1200,Cairn,https://timna-database.wikibase.cloud/entity/Q634
Site_636,34.95311466,29.78284425,-1200,-1000,Cairn,https://timna-database.wikibase.cloud/entity/Q634
Site_639,34.95469164,29.77246389,-1500,-1200,Stone_Feature,https://timna-database.wikibase.cloud/entity/Q637
Site_639,34.95469164,29.77246389,-1200,-1000,Stone_Feature,https://timna-database.wikibase.cloud/entity/Q637
Site_634,34.95347497,29.78350348,-1500,-1200,Cairn,https://timna-database.wikibase.cloud/entity/Q632
Site_634,34.95347497,29.78350348,-1200,-1000,Cairn,https://timna-database.wikibase.cloud/entity/Q632
Site_633,34.96359903,29.78366664,-1500,-1200,Burial,https://timna-database.wikibase.cloud/entity/Q631
Site_633,34.96359903,29.78366664,-1200,-1000,Burial,https://timna-database.wikibase.cloud/entity/Q631
Site_641,34.95362763,29.77203789,-1500,-1200,Cairn,https://timna-database.wikibase.cloud/entity/Q639
Site_641,34.95362763,29.77203789,-1200,-1000,Cairn,https://timna-database.wikibase.cloud/entity/Q639
Site_638,34.95449623,29.77203953,-1500,-1200,Burial,https://timna-database.wikibase.cloud/entity/Q636
Site_638,34.95449623,29.77203953,-1200,-1000,Burial,https://timna-database.wikibase.cloud/entity/Q636
Site_621,34.94623419,29.78011564,-1500,-1200,Stone_Feature,https://timna-database.wikibase.cloud/entity/Q619
Site_621,34.94623419,29.78011564,-1200,-1000,Stone_Feature,https://timna-database.wikibase.cloud/entity/Q619
Site_619,34.94593455,29.78001582,-1500,-1200,Burial,https://timna-database.wikibase.cloud/entity/Q617
Site_619,34.94593455,29.78001582,-1200,-1000,Burial,https://timna-database.wikibase.cloud/entity/Q617
Site_639,34.95469164,29.77246389,-1500,-1200,Tumulus,https://timna-database.wikibase.cloud/entity/Q637
Site_639,34.95469164,29.77246389,-1200,-1000,Tumulus,https://timna-database.wikibase.cloud/entity/Q637
Site_635,34.95325807,29.78339482,-1500,-1200,Burial,https://timna-database.wikibase.cloud/entity/Q633
Site_635,34.95325807,29.78339482,-1200,-1000,Burial,https://timna-database.wikibase.cloud/entity/Q633
Site_621,34.94623419,29.78011564,-1500,-1200,Tumulus,https://timna-database.wikibase.cloud/entity/Q619
Site_621,34.94623419,29.78011564,-1200,-1000,Tumulus,https://timna-database.wikibase.cloud/entity/Q619
Site_613,34.97525622,29.79179736,-1500,-1200,Cairn,https://timna-database.wikibase.cloud/entity/Q611
Site_613,34.97525622,29.79179736,-1200,-1000,Cairn,https://timna-database.wikibase.cloud/entity/Q611
Site_620,34.94621374,29.78002539,-1500,-1200,Cairn,https://timna-database.wikibase.cloud/entity/Q618
Site_620,34.94621374,29.78002539,-1200,-1000,Cairn,https://timna-database.wikibase.cloud/entity/Q618
Site_622,34.94657506,29.78026966,-1500,-1200,Cairn,https://timna-database.wikibase.cloud/entity/Q620
Site_622,34.94657506,29.78026966,-1200,-1000,Cairn,https://timna-database.wikibase.cloud/entity/Q620
Site_633,34.96359903,29.78366664,-1500,-1200,Stone_Feature,https://timna-database.wikibase.cloud/entity/Q631
Site_633,34.96359903,29.78366664,-1200,-1000,Stone_Feature,https://timna-database.wikibase.cloud/entity/Q631
Site_638,34.95449623,29.77203953,-1500,-1200,Stone_Feature,https://timna-database.wikibase.cloud/entity/Q636
Site_638,34.95449623,29.77203953,-1200,-1000,Stone_Feature,https://timna-database.wikibase.cloud/entity/Q636
Site_619,34.94593455,29.78001582,-1500,-1200,Stone_Feature,https://timna-database.wikibase.cloud/entity/Q617
Site_619,34.94593455,29.78001582,-1200,-1000,Stone_Feature,https://timna-database.wikibase.cloud/entity/Q617
Site_636,34.95311466,29.78284425,-1500,-1200,Burial,https://timna-database.wikibase.cloud/entity/Q634
Site_636,34.95311466,29.78284425,-1200,-1000,Burial,https://timna-database.wikibase.cloud/entity/Q634
Site_634,34.95347497,29.78350348,-1500,-1200,Burial,https://timna-database.wikibase.cloud/entity/Q632
Site_634,34.95347497,29.78350348,-1200,-1000,Burial,https://timna-database.wikibase.cloud/entity/Q632
Site_635,34.95325807,29.78339482,-1500,-1200,Stone_Feature,https://timna-database.wikibase.cloud/entity/Q633
Site_635,34.95325807,29.78339482,-1200,-1000,Stone_Feature,https://timna-database.wikibase.cloud/entity/Q633
Site_633,34.96359903,29.78366664,-1500,-1200,Tumulus,https://timna-database.wikibase.cloud/entity/Q631
Site_633,34.96359903,29.78366664,-1200,-1000,Tumulus,https://timna-database.wikibase.cloud/entity/Q631
Site_641,34.95362763,29.77203789,-1500,-1200,Burial,https://timna-database.wikibase.cloud/entity/Q639
Site_641,34.95362763,29.77203789,-1200,-1000,Burial,https://timna-database.wikibase.cloud/entity/Q639
Site_639,34.95469164,29.77246389,-1500,-1200,Cairn,https://timna-database.wikibase.cloud/entity/Q637
Site_639,34.95469164,29.77246389,-1200,-1000,Cairn,https://timna-database.wikibase.cloud/entity/Q637
Site_638,34.95449623,29.77203953,-1500,-1200,Tumulus,https://timna-database.wikibase.cloud/entity/Q636
Site_638,34.95449623,29.77203953,-1200,-1000,Tumulus,https://timna-database.wikibase.cloud/entity/Q636
Site_619,34.94593455,29.78001582,-1500,-1200,Tumulus,https://timna-database.wikibase.cloud/entity/Q617
Site_619,34.94593455,29.78001582,-1200,-1000,Tumulus,https://timna-database.wikibase.cloud/entity/Q617
Site_623,34.94675046,29.78042336,-1500,-1200,Stone_Feature,https://timna-database.wikibase.cloud/entity/Q621
Site_623,34.94675046,29.78042336,-1200,-1000,Stone_Feature,https://timna-database.wikibase.cloud/entity/Q621
Site_621,34.94623419,29.78011564,-1500,-1200,Cairn,https://timna-database.wikibase.cloud/entity/Q619
Site_621,34.94623419,29.78011564,-1200,-1000,Cairn,https://timna-database.wikibase.cloud/entity/Q619
Site_635,34.95325807,29.78339482,-1500,-1200,Tumulus,https://timna-database.wikibase.cloud/entity/Q633
Site_635,34.95325807,29.78339482,-1200,-1000,Tumulus,https://timna-database.wikibase.cloud/entity/Q633
Site_613,34.97525622,29.79179736,-1500,-1200,Burial,https://timna-database.wikibase.cloud/entity/Q611
Site_613,34.97525622,29.79179736,-1200,-1000,Burial,https://timna-database.wikibase.cloud/entity/Q611
Site_620,34.94621374,29.78002539,-1500,-1200,Burial,https://timna-database.wikibase.cloud/entity/Q618
Site_620,34.94621374,29.78002539,-1200,-1000,Burial,https://timna-database.wikibase.cloud/entity/Q618
Site_636,34.95311466,29.78284425,-1500,-1200,Stone_Feature,https://timna-database.wikibase.cloud/entity/Q634
Site_636,34.95311466,29.78284425,-1200,-1000,Stone_Feature,https://timna-database.wikibase.cloud/entity/Q634
Site_634,34.95347497,29.78350348,-1500,-1200,Stone_Feature,https://timna-database.wikibase.cloud/entity/Q632
Site_634,34.95347497,29.78350348,-1200,-1000,Stone_Feature,https://timna-database.wikibase.cloud/entity/Q632
Site_622,34.94657506,29.78026966,-1500,-1200,Burial,https://timna-database.wikibase.cloud/entity/Q620
Site_622,34.94657506,29.78026966,-1200,-1000,Burial,https://timna-database.wikibase.cloud/entity/Q620
Site_641,34.95362763,29.77203789,-1500,-1200,Stone_Feature,https://timna-database.wikibase.cloud/entity/Q639
Site_641,34.95362763,29.77203789,-1200,-1000,Stone_Feature,https://timna-database.wikibase.cloud/entity/Q639
Site_636,34.95311466,29.78284425,-1500,-1200,Tumulus,https://timna-database.wikibase.cloud/entity/Q634
Site_636,34.95311466,29.78284425,-1200,-1000,Tumulus,https://timna-database.wikibase.cloud/entity/Q634
Site_633,34.96359903,29.78366664,-1500,-1200,Cairn,https://timna-database.wikibase.cloud/entity/Q631
Site_633,34.96359903,29.78366664,-1200,-1000,Cairn,https://timna-database.wikibase.cloud/entity/Q631
Site_634,34.95347497,29.78350348,-1500,-1200,Tumulus,https://timna-database.wikibase.cloud/entity/Q632
Site_634,34.95347497,29.78350348,-1200,-1000,Tumulus,https://timna-database.wikibase.cloud/entity/Q632
Site_638,34.95449623,29.77203953,-1500,-1200,Cairn,https://timna-database.wikibase.cloud/entity/Q636
Site_638,34.95449623,29.77203953,-1200,-1000,Cairn,https://timna-database.wikibase.cloud/entity/Q636
Site_619,34.94593455,29.78001582,-1500,-1200,Cairn,https://timna-database.wikibase.cloud/entity/Q617
Site_619,34.94593455,29.78001582,-1200,-1000,Cairn,https://timna-database.wikibase.cloud/entity/Q617
Site_641,34.95362763,29.77203789,-1500,-1200,Tumulus,https://timna-database.wikibase.cloud/entity/Q639
Site_641,34.95362763,29.77203789,-1200,-1000,Tumulus,https://timna-database.wikibase.cloud/entity/Q639
Site_639,34.95469164,29.77246389,-1500,-1200,Burial,https://timna-database.wikibase.cloud/entity/Q637
Site_639,34.95469164,29.77246389,-1200,-1000,Burial,https://timna-database.wikibase.cloud/entity/Q637
Site_613,34.97525622,29.79179736,-1500,-1200,Stone_Feature,https://timna-database.wikibase.cloud/entity/Q611
Site_613,34.97525622,29.79179736,-1200,-1000,Stone_Feature,https://timna-database.wikibase.cloud/entity/Q611
Site_635,34.95325807,29.78339482,-1500,-1200,Cairn,https://timna-database.wikibase.cloud/entity/Q633
Site_635,34.95325807,29.78339482,-1200,-1000,Cairn,https://timna-database.wikibase.cloud/entity/Q633
Site_620,34.94621374,29.78002539,-1500,-1200,Stone_Feature,https://timna-database.wikibase.cloud/entity/Q618
Site_620,34.94621374,29.78002539,-1200,-1000,Stone_Feature,https://timna-database.wikibase.cloud/entity/Q618
Site_621,34.94623419,29.78011564,-1500,-1200,Burial,https://timna-database.wikibase.cloud/entity/Q619
Site_621,34.94623419,29.78011564,-1200,-1000,Burial,https://timna-database.wikibase.cloud/entity/Q619
Site_622,34.94657506,29.78026966,-1500,-1200,Stone_Feature,https://timna-database.wikibase.cloud/entity/Q620
Site_622,34.94657506,29.78026966,-1200,-1000,Stone_Feature,https://timna-database.wikibase.cloud/entity/Q620
Site_623,34.94675046,29.78042336,-1500,-1200,Cairn,https://timna-database.wikibase.cloud/entity/Q621
Site_623,34.94675046,29.78042336,-1200,-1000,Cairn,https://timna-database.wikibase.cloud/entity/Q621
Site_764,34.93157414,29.79013575,-1500,-1200,Mining_Field,https://timna-database.wikibase.cloud/entity/Q706
Site_764,34.93157414,29.79013575,-1200,-1000,Mining_Field,https://timna-database.wikibase.cloud/entity/Q706
Site_737-003,34.97612345,29.80615148,-1500,-1200,Stone_Feature,https://timna-database.wikibase.cloud/entity/Q680
Site_737-003,34.97612345,29.80615148,-1200,-1000,Stone_Feature,https://timna-database.wikibase.cloud/entity/Q680
Site_773,34.93244456,29.78186517,-1500,-1200,Mining,https://timna-database.wikibase.cloud/entity/Q717
Site_773,34.93244456,29.78186517,-1200,-1000,Mining,https://timna-database.wikibase.cloud/entity/Q717
Site_758,34.95857043,29.80164553,-1500,-1200,Stone_Feature,https://timna-database.wikibase.cloud/entity/Q701
Site_758,34.95857043,29.80164553,-1200,-1000,Stone_Feature,https://timna-database.wikibase.cloud/entity/Q701
Site_718,34.93579685,29.79673884,-1500,-1200,Mining,https://timna-database.wikibase.cloud/entity/Q662
Site_718,34.93579685,29.79673884,-1200,-1000,Mining,https://timna-database.wikibase.cloud/entity/Q662
Site_764,34.93157414,29.79013575,-1500,-1200,Mining_Shaft,https://timna-database.wikibase.cloud/entity/Q706
Site_764,34.93157414,29.79013575,-1200,-1000,Mining_Shaft,https://timna-database.wikibase.cloud/entity/Q706
Site_M101,34.98032389,29.79650605,1917,2026,Stone_Feature,https://timna-database.wikibase.cloud/entity/Q727
Site_750,34.92613413,29.77890213,-1500,-1200,Mining_Field,https://timna-database.wikibase.cloud/entity/Q693
Site_750,34.92613413,29.77890213,-1200,-1000,Mining_Field,https://timna-database.wikibase.cloud/entity/Q693
Site_764,34.93157414,29.79013575,-1500,-1200,Mining,https://timna-database.wikibase.cloud/entity/Q706
Site_764,34.93157414,29.79013575,-1200,-1000,Mining,https://timna-database.wikibase.cloud/entity/Q706
Site_750,34.92613413,29.77890213,-1500,-1200,Mining_Shaft,https://timna-database.wikibase.cloud/entity/Q693
Site_750,34.92613413,29.77890213,-1200,-1000,Mining_Shaft,https://timna-database.wikibase.cloud/entity/Q693
Site_773,34.93244456,29.78186517,-1500,-1200,Stone_Feature,https://timna-database.wikibase.cloud/entity/Q717
Site_773,34.93244456,29.78186517,-1200,-1000,Stone_Feature,https://timna-database.wikibase.cloud/entity/Q717
Site_720,34.93659412,29.7964157,-1500,-1200,Mining_Shaft,https://timna-database.wikibase.cloud/entity/Q664
Site_720,34.93659412,29.7964157,-1200,-1000,Mining_Shaft,https://timna-database.wikibase.cloud/entity/Q664
Site_757,34.95865863,29.80364838,-1500,-1200,Mining_Field,https://timna-database.wikibase.cloud/entity/Q700
Site_757,34.95865863,29.80364838,-1200,-1000,Mining_Field,https://timna-database.wikibase.cloud/entity/Q700
Site_M102,34.97880209,29.79712592,1917,2026,Stone_Feature,https://timna-database.wikibase.cloud/entity/Q728
Site_757,34.95865863,29.80364838,-1500,-1200,Mining_Shaft,https://timna-database.wikibase.cloud/entity/Q700
Site_757,34.95865863,29.80364838,-1200,-1000,Mining_Shaft,https://timna-database.wikibase.cloud/entity/Q700
Site_750,34.92613413,29.77890213,-1500,-1200,Mining,https://timna-database.wikibase.cloud/entity/Q693
Site_750,34.92613413,29.77890213,-1200,-1000,Mining,https://timna-database.wikibase.cloud/entity/Q693
Site_720,34.93659412,29.7964157,-1500,-1200,Mining,https://timna-database.wikibase.cloud/entity/Q664
Site_720,34.93659412,29.7964157,-1200,-1000,Mining,https://timna-database.wikibase.cloud/entity/Q664
Site_759,34.93836661,29.79495785,-1500,-1200,Mining_Field,https://timna-database.wikibase.cloud/entity/Q702
Site_759,34.93836661,29.79495785,-1200,-1000,Mining_Field,https://timna-database.wikibase.cloud/entity/Q702
Site_764,34.93157414,29.79013575,-1500,-1200,Stone_Feature,https://timna-database.wikibase.cloud/entity/Q706
Site_764,34.93157414,29.79013575,-1200,-1000,Stone_Feature,https://timna-database.wikibase.cloud/entity/Q706
Site_759,34.93836661,29.79495785,-1500,-1200,Mining_Shaft,https://timna-database.wikibase.cloud/entity/Q702
Site_759,34.93836661,29.79495785,-1200,-1000,Mining_Shaft,https://timna-database.wikibase.cloud/entity/Q702
Site_757,34.95865863,29.80364838,-1500,-1200,Mining,https://timna-database.wikibase.cloud/entity/Q700
Site_757,34.95865863,29.80364838,-1200,-1000,Mining,https://timna-database.wikibase.cloud/entity/Q700
Site_719,34.93604565,29.79652284,-1500,-1200,Mining_Shaft,https://timna-database.wikibase.cloud/entity/Q663
Site_719,34.93604565,29.79652284,-1200,-1000,Mining_Shaft,https://timna-database.wikibase.cloud/entity/Q663
Site_759,34.93836661,29.79495785,-1500,-1200,Mining,https://timna-database.wikibase.cloud/entity/Q702
Site_759,34.93836661,29.79495785,-1200,-1000,Mining,https://timna-database.wikibase.cloud/entity/Q702
Site_719,34.93604565,29.79652284,-1500,-1200,Mining,https://timna-database.wikibase.cloud/entity/Q663
Site_719,34.93604565,29.79652284,-1200,-1000,Mining,https://timna-database.wikibase.cloud/entity/Q663
Site_750,34.92613413,29.77890213,-1500,-1200,Stone_Feature,https://timna-database.wikibase.cloud/entity/Q693
Site_750,34.92613413,29.77890213,-1200,-1000,Stone_Feature,https://timna-database.wikibase.cloud/entity/Q693
Site_720,34.93659412,29.7964157,-1500,-1200,Stone_Feature,https://timna-database.wikibase.cloud/entity/Q664
Site_720,34.93659412,29.7964157,-1200,-1000,Stone_Feature,https://timna-database.wikibase.cloud/entity/Q664
Site_763,34.93047223,29.78840142,-1500,-1200,Mining_Field,https://timna-database.wikibase.cloud/entity/Q705
Site_763,34.93047223,29.78840142,-1200,-1000,Mining_Field,https://timna-database.wikibase.cloud/entity/Q705
Site_757,34.95865863,29.80364838,-1500,-1200,Stone_Feature,https://timna-database.wikibase.cloud/entity/Q700
Site_757,34.95865863,29.80364838,-1200,-1000,Stone_Feature,https://timna-database.wikibase.cloud/entity/Q700
Site_763,34.93047223,29.78840142,-1500,-1200,Mining_Shaft,https://timna-database.wikibase.cloud/entity/Q705
Site_763,34.93047223,29.78840142,-1200,-1000,Mining_Shaft,https://timna-database.wikibase.cloud/entity/Q705
Site_M101,34.98032389,29.79650605,1917,2026,Quarrying,https://timna-database.wikibase.cloud/entity/Q727
Site_751,34.92723476,29.77728064,-1500,-1200,Mining_Field,https://timna-database.wikibase.cloud/entity/Q694
Site_751,34.92723476,29.77728064,-1200,-1000,Mining_Field,https://timna-database.wikibase.cloud/entity/Q694
Site_759,34.93836661,29.79495785,-1500,-1200,Stone_Feature,https://timna-database.wikibase.cloud/entity/Q702
Site_759,34.93836661,29.79495785,-1200,-1000,Stone_Feature,https://timna-database.wikibase.cloud/entity/Q702
Site_719,34.93604565,29.79652284,-1500,-1200,Stone_Feature,https://timna-database.wikibase.cloud/entity/Q663
Site_719,34.93604565,29.79652284,-1200,-1000,Stone_Feature,https://timna-database.wikibase.cloud/entity/Q663
Site_751,34.92723476,29.77728064,-1500,-1200,Mining_Shaft,https://timna-database.wikibase.cloud/entity/Q694
Site_751,34.92723476,29.77728064,-1200,-1000,Mining_Shaft,https://timna-database.wikibase.cloud/entity/Q694
Site_763,34.93047223,29.78840142,-1500,-1200,Mining,https://timna-database.wikibase.cloud/entity/Q705
Site_763,34.93047223,29.78840142,-1200,-1000,Mining,https://timna-database.wikibase.cloud/entity/Q705
Site_758,34.95857043,29.80164553,-1500,-1200,Mining_Field,https://timna-database.wikibase.cloud/entity/Q701
Site_758,34.95857043,29.80164553,-1200,-1000,Mining_Field,https://timna-database.wikibase.cloud/entity/Q701
Site_758,34.95857043,29.80164553,-1500,-1200,Mining_Shaft,https://timna-database.wikibase.cloud/entity/Q701
Site_758,34.95857043,29.80164553,-1200,-1000,Mining_Shaft,https://timna-database.wikibase.cloud/entity/Q701
Site_751,34.92723476,29.77728064,-1500,-1200,Mining,https://timna-database.wikibase.cloud/entity/Q694
Site_751,34.92723476,29.77728064,-1200,-1000,Mining,https://timna-database.wikibase.cloud/entity/Q694
Site_763,34.93047223,29.78840142,-1500,-1200,Stone_Feature,https://timna-database.wikibase.cloud/entity/Q705
Site_763,34.93047223,29.78840142,-1200,-1000,Stone_Feature,https://timna-database.wikibase.cloud/entity/Q705
Site_758,34.95857043,29.80164553,-1500,-1200,Mining,https://timna-database.wikibase.cloud/entity/Q701
Site_758,34.95857043,29.80164553,-1200,-1000,Mining,https://timna-database.wikibase.cloud/entity/Q701
Site_718,34.93579685,29.79673884,-1500,-1200,Mining_Shaft,https://timna-database.wikibase.cloud/entity/Q662
Site_718,34.93579685,29.79673884,-1200,-1000,Mining_Shaft,https://timna-database.wikibase.cloud/entity/Q662
