location name,latitude,longitude,start year,end time,title,description
Site_710,29.7684146,34.96017158,-10000,-5800,Cultic,https://timna-database.wikibase.cloud/entity/Q655
Site_710,29.7684146,34.96017158,-1500,-1200,Cultic,https://timna-database.wikibase.cloud/entity/Q655
Site_710,29.7684146,34.96017158,-1200,-1000,Cultic,https://timna-database.wikibase.cloud/entity/Q655
Site_710,29.7684146,34.96017158,-10000,-5800,Burial,https://timna-database.wikibase.cloud/entity/Q655
Site_710,29.7684146,34.96017158,-1500,-1200,Burial,https://timna-database.wikibase.cloud/entity/Q655
Site_710,29.7684146,34.96017158,-1200,-1000,Burial,https://timna-database.wikibase.cloud/entity/Q655
Site_710,29.7684146,34.96017158,-10000,-5800,Petroglyph,https://timna-database.wikibase.cloud/entity/Q655
Site_710,29.7684146,34.96017158,-1500,-1200,Petroglyph,https://timna-database.wikibase.cloud/entity/Q655
Site_710,29.7684146,34.96017158,-1200,-1000,Petroglyph,https://timna-database.wikibase.cloud/entity/Q655
Site_710,29.7684146,34.96017158,-10000,-5800,Unknown,https://timna-database.wikibase.cloud/entity/Q655
Site_710,29.7684146,34.96017158,-1500,-1200,Unknown,https://timna-database.wikibase.cloud/entity/Q655
Site_710,29.7684146,34.96017158,-1200,-1000,Unknown,https://timna-database.wikibase.cloud/entity/Q655
Site_022,29.78245022,34.92745837,-10000,-5800,Mining_Shaft,https://timna-database.wikibase.cloud/entity/Q562
Site_022,29.78245022,34.92745837,-5800,-3600,Mining_Shaft,https://timna-database.wikibase.cloud/entity/Q562
Site_022,29.78245022,34.92745837,-3600,-2000,Mining_Shaft,https://timna-database.wikibase.cloud/entity/Q562
Site_022,29.78245022,34.92745837,-1500,-1200,Mining_Shaft,https://timna-database.wikibase.cloud/entity/Q562
Site_022,29.78245022,34.92745837,-1200,-1000,Mining_Shaft,https://timna-database.wikibase.cloud/entity/Q562
Site_022,29.78245022,34.92745837,-10000,-5800,Mining,https://timna-database.wikibase.cloud/entity/Q562
Site_022,29.78245022,34.92745837,-5800,-3600,Mining,https://timna-database.wikibase.cloud/entity/Q562
Site_022,29.78245022,34.92745837,-3600,-2000,Mining,https://timna-database.wikibase.cloud/entity/Q562
Site_022,29.78245022,34.92745837,-1500,-1200,Mining,https://timna-database.wikibase.cloud/entity/Q562
Site_022,29.78245022,34.92745837,-1200,-1000,Mining,https://timna-database.wikibase.cloud/entity/Q562
Site_710,29.7684146,34.96017158,-10000,-5800,Pottery_Scatter,https://timna-database.wikibase.cloud/entity/Q655
Site_710,29.7684146,34.96017158,-1500,-1200,Pottery_Scatter,https://timna-database.wikibase.cloud/entity/Q655
Site_710,29.7684146,34.96017158,-1200,-1000,Pottery_Scatter,https://timna-database.wikibase.cloud/entity/Q655
Site_710,29.7684146,34.96017158,-10000,-5800,Flint_Scatter,https://timna-database.wikibase.cloud/entity/Q655
Site_710,29.7684146,34.96017158,-1500,-1200,Flint_Scatter,https://timna-database.wikibase.cloud/entity/Q655
Site_710,29.7684146,34.96017158,-1200,-1000,Flint_Scatter,https://timna-database.wikibase.cloud/entity/Q655
Site_710,29.7684146,34.96017158,-10000,-5800,Stone_Feature,https://timna-database.wikibase.cloud/entity/Q655
Site_710,29.7684146,34.96017158,-1500,-1200,Stone_Feature,https://timna-database.wikibase.cloud/entity/Q655
Site_710,29.7684146,34.96017158,-1200,-1000,Stone_Feature,https://timna-database.wikibase.cloud/entity/Q655
Site_710,29.7684146,34.96017158,-10000,-5800,Unknown,https://timna-database.wikibase.cloud/entity/Q655
Site_710,29.7684146,34.96017158,-1500,-1200,Unknown,https://timna-database.wikibase.cloud/entity/Q655
Site_710,29.7684146,34.96017158,-1200,-1000,Unknown,https://timna-database.wikibase.cloud/entity/Q655
Site_022,29.78245022,34.92745837,-10000,-5800,Mining_Field,https://timna-database.wikibase.cloud/entity/Q562
Site_022,29.78245022,34.92745837,-5800,-3600,Mining_Field,https://timna-database.wikibase.cloud/entity/Q562
Site_022,29.78245022,34.92745837,-3600,-2000,Mining_Field,https://timna-database.wikibase.cloud/entity/Q562
Site_022,29.78245022,34.92745837,-1500,-1200,Mining_Field,https://timna-database.wikibase.cloud/entity/Q562
Site_022,29.78245022,34.92745837,-1200,-1000,Mining_Field,https://timna-database.wikibase.cloud/entity/Q562
Site_022,29.78245022,34.92745837,-10000,-5800,Stone_Feature,https://timna-database.wikibase.cloud/entity/Q562
Site_022,29.78245022,34.92745837,-5800,-3600,Stone_Feature,https://timna-database.wikibase.cloud/entity/Q562
Site_022,29.78245022,34.92745837,-3600,-2000,Stone_Feature,https://timna-database.wikibase.cloud/entity/Q562
Site_022,29.78245022,34.92745837,-1500,-1200,Stone_Feature,https://timna-database.wikibase.cloud/entity/Q562
Site_022,29.78245022,34.92745837,-1200,-1000,Stone_Feature,https://timna-database.wikibase.cloud/entity/Q562
Site_023,29.78786567,34.92878794,-1500,-1200,Mining_Field,https://timna-database.wikibase.cloud/entity/Q554
Site_023,29.78786567,34.92878794,-1200,-1000,Mining_Field,https://timna-database.wikibase.cloud/entity/Q554
Site_023,29.78786567,34.92878794,-1500,-1200,Mining_Shaft,https://timna-database.wikibase.cloud/entity/Q554
Site_023,29.78786567,34.92878794,-1200,-1000,Mining_Shaft,https://timna-database.wikibase.cloud/entity/Q554
Site_023,29.78786567,34.92878794,-1500,-1200,Mining,https://timna-database.wikibase.cloud/entity/Q554
Site_023,29.78786567,34.92878794,-1200,-1000,Mining,https://timna-database.wikibase.cloud/entity/Q554
Site_761,29.78403442,34.93010148,-5800,-3600,Stone_Feature,https://timna-database.wikibase.cloud/entity/Q704
Site_761,29.78403442,34.93010148,-3600,-2000,Stone_Feature,https://timna-database.wikibase.cloud/entity/Q704
Site_761,29.78403442,34.93010148,-1500,-1200,Stone_Feature,https://timna-database.wikibase.cloud/entity/Q704
Site_761,29.78403442,34.93010148,-1200,-1000,Stone_Feature,https://timna-database.wikibase.cloud/entity/Q704
Site_640,29.77295129,34.95482486,-1500,-1200,Cairn,https://timna-database.wikibase.cloud/entity/Q640
Site_640,29.77295129,34.95482486,-1200,-1000,Cairn,https://timna-database.wikibase.cloud/entity/Q640
Site_200,29.76786629,34.95638847,-5800,-3600,Shrine,https://timna-database.wikibase.cloud/entity/Q588
Site_200,29.76786629,34.95638847,-1500,-1200,Shrine,https://timna-database.wikibase.cloud/entity/Q588
Site_200,29.76786629,34.95638847,-1200,-1000,Shrine,https://timna-database.wikibase.cloud/entity/Q588
Site_200,29.76786629,34.95638847,-37,324,Shrine,https://timna-database.wikibase.cloud/entity/Q588
Site_087,29.79785179,34.96081381,-37,324,Mining,https://timna-database.wikibase.cloud/entity/Q571
Site_087,29.79785179,34.96081381,638,1099,Mining,https://timna-database.wikibase.cloud/entity/Q571
Site_640,29.77295129,34.95482486,-1500,-1200,Burial,https://timna-database.wikibase.cloud/entity/Q640
Site_640,29.77295129,34.95482486,-1200,-1000,Burial,https://timna-database.wikibase.cloud/entity/Q640
Site_761,29.78403442,34.93010148,-5800,-3600,Mining_Field,https://timna-database.wikibase.cloud/entity/Q704
Site_761,29.78403442,34.93010148,-3600,-2000,Mining_Field,https://timna-database.wikibase.cloud/entity/Q704
Site_761,29.78403442,34.93010148,-1500,-1200,Mining_Field,https://timna-database.wikibase.cloud/entity/Q704
Site_761,29.78403442,34.93010148,-1200,-1000,Mining_Field,https://timna-database.wikibase.cloud/entity/Q704
Site_640,29.77295129,34.95482486,-1500,-1200,Stone_Feature,https://timna-database.wikibase.cloud/entity/Q640
Site_640,29.77295129,34.95482486,-1200,-1000,Stone_Feature,https://timna-database.wikibase.cloud/entity/Q640
Site_200,29.76786629,34.95638847,-5800,-3600,Workshop,https://timna-database.wikibase.cloud/entity/Q588
Site_200,29.76786629,34.95638847,-1500,-1200,Workshop,https://timna-database.wikibase.cloud/entity/Q588
Site_200,29.76786629,34.95638847,-1200,-1000,Workshop,https://timna-database.wikibase.cloud/entity/Q588
Site_200,29.76786629,34.95638847,-37,324,Workshop,https://timna-database.wikibase.cloud/entity/Q588
Site_640,29.77295129,34.95482486,-1500,-1200,Tumulus,https://timna-database.wikibase.cloud/entity/Q640
Site_640,29.77295129,34.95482486,-1200,-1000,Tumulus,https://timna-database.wikibase.cloud/entity/Q640
Site_761,29.78403442,34.93010148,-5800,-3600,Mining,https://timna-database.wikibase.cloud/entity/Q704
Site_761,29.78403442,34.93010148,-3600,-2000,Mining,https://timna-database.wikibase.cloud/entity/Q704
Site_761,29.78403442,34.93010148,-1500,-1200,Mining,https://timna-database.wikibase.cloud/entity/Q704
Site_761,29.78403442,34.93010148,-1200,-1000,Mining,https://timna-database.wikibase.cloud/entity/Q704
Site_770,29.76456815,34.9441751,-37,324,Cairn,https://timna-database.wikibase.cloud/entity/Q714
Site_770,29.76456815,34.9441751,324,638,Cairn,https://timna-database.wikibase.cloud/entity/Q714
Site_770,29.76456815,34.9441751,-37,324,Mining_Shaft4,https://timna-database.wikibase.cloud/entity/Q714
Site_770,29.76456815,34.9441751,324,638,Mining_Shaft4,https://timna-database.wikibase.cloud/entity/Q714
Site_770,29.76456815,34.9441751,-37,324,Burial,https://timna-database.wikibase.cloud/entity/Q714
Site_770,29.76456815,34.9441751,324,638,Burial,https://timna-database.wikibase.cloud/entity/Q714
Site_761,29.78403442,34.93010148,-5800,-3600,Mining_Field_Placer,https://timna-database.wikibase.cloud/entity/Q704
Site_761,29.78403442,34.93010148,-3600,-2000,Mining_Field_Placer,https://timna-database.wikibase.cloud/entity/Q704
Site_761,29.78403442,34.93010148,-1500,-1200,Mining_Field_Placer,https://timna-database.wikibase.cloud/entity/Q704
Site_761,29.78403442,34.93010148,-1200,-1000,Mining_Field_Placer,https://timna-database.wikibase.cloud/entity/Q704
Site_770,29.76456815,34.9441751,-37,324,Stone_Feature,https://timna-database.wikibase.cloud/entity/Q714
Site_770,29.76456815,34.9441751,324,638,Stone_Feature,https://timna-database.wikibase.cloud/entity/Q714
Site_770,29.76456815,34.9441751,-37,324,Tumulus,https://timna-database.wikibase.cloud/entity/Q714
Site_770,29.76456815,34.9441751,324,638,Tumulus,https://timna-database.wikibase.cloud/entity/Q714
Site_025-004,29.800205,34.947736,-1500,-1200,Mining_Shaft,https://timna-database.wikibase.cloud/entity/Q1407
Site_M109,29.765537,34.945606,1917,2026,Mining,https://timna-database.wikibase.cloud/entity/Q1648
Site_770,29.76456815,34.9441751,-37,324,Pottery_Scatter,https://timna-database.wikibase.cloud/entity/Q714
Site_770,29.76456815,34.9441751,324,638,Pottery_Scatter,https://timna-database.wikibase.cloud/entity/Q714
Site_035,29.76626441,34.95366269,-1500,-1200,Stone_Feature,https://timna-database.wikibase.cloud/entity/Q518
Site_247,29.78782311,34.99974496,-3600,-2000,Stone_Feature,https://timna-database.wikibase.cloud/entity/Q526
Site_247,29.78782311,34.99974496,-37,324,Stone_Feature,https://timna-database.wikibase.cloud/entity/Q526
Site_002,29.78372222,34.94863889,-1500,-1200,Shrine,https://timna-database.wikibase.cloud/entity/Q507
Site_002,29.78372222,34.94863889,-1200,-1000,Shrine,https://timna-database.wikibase.cloud/entity/Q507
Site_002,29.78372222,34.94863889,638,1099,Shrine,https://timna-database.wikibase.cloud/entity/Q507
Site_002,29.78372222,34.94863889,-1500,-1200,Pottery_Scatter,https://timna-database.wikibase.cloud/entity/Q507
Site_002,29.78372222,34.94863889,-1200,-1000,Pottery_Scatter,https://timna-database.wikibase.cloud/entity/Q507
Site_002,29.78372222,34.94863889,638,1099,Pottery_Scatter,https://timna-database.wikibase.cloud/entity/Q507
Site_737-002,29.80669444,34.97586111,-1500,-1200,Stone_Feature,https://timna-database.wikibase.cloud/entity/Q536
Site_737-002,29.80669444,34.97586111,-1200,-1000,Stone_Feature,https://timna-database.wikibase.cloud/entity/Q536
Site_039-B,29.76343863,34.99382859,-5800,-3600,Flint_Scatter,https://timna-database.wikibase.cloud/entity/Q519
Site_039-B,29.76343863,34.99382859,-3600,-2000,Flint_Scatter,https://timna-database.wikibase.cloud/entity/Q519
Site_034,29.76906521,34.95115341,-1200,-1000,Pottery_Scatter,https://timna-database.wikibase.cloud/entity/Q515
Site_096,29.7440026,34.95022399,-5800,-3600,Stone_Feature,https://timna-database.wikibase.cloud/entity/Q523
Site_096,29.7440026,34.95022399,-3600,-2000,Stone_Feature,https://timna-database.wikibase.cloud/entity/Q523
Site_002,29.78372222,34.94863889,-1500,-1200,Cairn,https://timna-database.wikibase.cloud/entity/Q507
Site_002,29.78372222,34.94863889,-1200,-1000,Cairn,https://timna-database.wikibase.cloud/entity/Q507
Site_002,29.78372222,34.94863889,638,1099,Cairn,https://timna-database.wikibase.cloud/entity/Q507
Site_250-B,29.79892374,34.99691937,-5800,-3600,Smelting,https://timna-database.wikibase.cloud/entity/Q527
Site_250-B,29.79892374,34.99691937,-3600,-2000,Smelting,https://timna-database.wikibase.cloud/entity/Q527
Site_034,29.76906521,34.95115341,-1200,-1000,Cairn,https://timna-database.wikibase.cloud/entity/Q515
Site_034-C,29.77020025,34.95030265,638,1099,Smelting,https://timna-database.wikibase.cloud/entity/Q517
Site_149,29.79250987,35.00285889,-3600,-2000,Furnace_Smelting,https://timna-database.wikibase.cloud/entity/Q524
Site_034,29.76906521,34.95115341,-1200,-1000,Cultic,https://timna-database.wikibase.cloud/entity/Q515
Site_250-B,29.79892374,34.99691937,-5800,-3600,Flint_Scatter,https://timna-database.wikibase.cloud/entity/Q527
Site_250-B,29.79892374,34.99691937,-3600,-2000,Flint_Scatter,https://timna-database.wikibase.cloud/entity/Q527
Site_034-C,29.77020025,34.95030265,638,1099,Flint_Scatter,https://timna-database.wikibase.cloud/entity/Q517
Site_250-B,29.79892374,34.99691937,-5800,-3600,Mining_Shaft,https://timna-database.wikibase.cloud/entity/Q527
Site_250-B,29.79892374,34.99691937,-3600,-2000,Mining_Shaft,https://timna-database.wikibase.cloud/entity/Q527
Site_030,29.77098952,34.94792238,-1200,-1000,Stone_Feature,https://timna-database.wikibase.cloud/entity/Q513
Site_266,29.78573004,34.99389573,-3600,-2000,Smelting,https://timna-database.wikibase.cloud/entity/Q530
Site_250-B,29.79892374,34.99691937,-5800,-3600,Mining,https://timna-database.wikibase.cloud/entity/Q527
Site_250-B,29.79892374,34.99691937,-3600,-2000,Mining,https://timna-database.wikibase.cloud/entity/Q527
Site_039-B,29.76343863,34.99382859,-5800,-3600,Stone_Feature,https://timna-database.wikibase.cloud/entity/Q519
Site_039-B,29.76343863,34.99382859,-3600,-2000,Stone_Feature,https://timna-database.wikibase.cloud/entity/Q519
Site_034,29.76906521,34.95115341,-1200,-1000,Smelting,https://timna-database.wikibase.cloud/entity/Q515
Site_002,29.78372222,34.94863889,-1500,-1200,Flint_Scatter,https://timna-database.wikibase.cloud/entity/Q507
Site_002,29.78372222,34.94863889,-1200,-1000,Flint_Scatter,https://timna-database.wikibase.cloud/entity/Q507
Site_002,29.78372222,34.94863889,638,1099,Flint_Scatter,https://timna-database.wikibase.cloud/entity/Q507
Site_035,29.76626441,34.95366269,-1500,-1200,Cultic,https://timna-database.wikibase.cloud/entity/Q518
Site_149,29.79250987,35.00285889,-3600,-2000,Stone_Feature,https://timna-database.wikibase.cloud/entity/Q524
Site_039-B,29.76343863,34.99382859,-5800,-3600,Slag_Scatter,https://timna-database.wikibase.cloud/entity/Q519
Site_039-B,29.76343863,34.99382859,-3600,-2000,Slag_Scatter,https://timna-database.wikibase.cloud/entity/Q519
Site_034,29.76906521,34.95115341,-1200,-1000,Workshop,https://timna-database.wikibase.cloud/entity/Q515
Site_002,29.78372222,34.94863889,-1500,-1200,Furnace_Smelting,https://timna-database.wikibase.cloud/entity/Q507
Site_002,29.78372222,34.94863889,-1200,-1000,Furnace_Smelting,https://timna-database.wikibase.cloud/entity/Q507
Site_002,29.78372222,34.94863889,638,1099,Furnace_Smelting,https://timna-database.wikibase.cloud/entity/Q507
Site_034,29.76906521,34.95115341,-1200,-1000,Flint_Scatter,https://timna-database.wikibase.cloud/entity/Q515
Site_096,29.7440026,34.95022399,-5800,-3600,Pottery_Scatter,https://timna-database.wikibase.cloud/entity/Q523
Site_096,29.7440026,34.95022399,-3600,-2000,Pottery_Scatter,https://timna-database.wikibase.cloud/entity/Q523
Site_149,29.79250987,35.00285889,-3600,-2000,Slag_Scatter,https://timna-database.wikibase.cloud/entity/Q524
Site_096,29.7440026,34.95022399,-5800,-3600,Mining_Field_Placer,https://timna-database.wikibase.cloud/entity/Q523
Site_096,29.7440026,34.95022399,-3600,-2000,Mining_Field_Placer,https://timna-database.wikibase.cloud/entity/Q523
Site_250-B,29.79892374,34.99691937,-5800,-3600,Stone_Feature,https://timna-database.wikibase.cloud/entity/Q527
Site_250-B,29.79892374,34.99691937,-3600,-2000,Stone_Feature,https://timna-database.wikibase.cloud/entity/Q527
Site_034-C,29.77020025,34.95030265,638,1099,Stone_Feature,https://timna-database.wikibase.cloud/entity/Q517
Site_002,29.78372222,34.94863889,-1500,-1200,Slag_Mound,https://timna-database.wikibase.cloud/entity/Q507
Site_002,29.78372222,34.94863889,-1200,-1000,Slag_Mound,https://timna-database.wikibase.cloud/entity/Q507
Site_002,29.78372222,34.94863889,638,1099,Slag_Mound,https://timna-database.wikibase.cloud/entity/Q507
Site_034,29.76906521,34.95115341,-1200,-1000,Petroglyph,https://timna-database.wikibase.cloud/entity/Q515
Site_030,29.77098952,34.94792238,-1200,-1000,Pottery_Scatter,https://timna-database.wikibase.cloud/entity/Q513
Site_030,29.77098952,34.94792238,-1200,-1000,Cultic,https://timna-database.wikibase.cloud/entity/Q513
Site_035,29.76626441,34.95366269,-1500,-1200,Smelting,https://timna-database.wikibase.cloud/entity/Q518
Site_035,29.76626441,34.95366269,-1500,-1200,Workshop,https://timna-database.wikibase.cloud/entity/Q518
Site_247,29.78782311,34.99974496,-3600,-2000,Smelting,https://timna-database.wikibase.cloud/entity/Q526
Site_247,29.78782311,34.99974496,-37,324,Smelting,https://timna-database.wikibase.cloud/entity/Q526
Site_002,29.78372222,34.94863889,-1500,-1200,Stone_Feature,https://timna-database.wikibase.cloud/entity/Q507
Site_002,29.78372222,34.94863889,-1200,-1000,Stone_Feature,https://timna-database.wikibase.cloud/entity/Q507
Site_002,29.78372222,34.94863889,638,1099,Stone_Feature,https://timna-database.wikibase.cloud/entity/Q507
Site_034,29.76906521,34.95115341,-1200,-1000,Stone_Feature,https://timna-database.wikibase.cloud/entity/Q515
Site_002,29.78372222,34.94863889,-1500,-1200,Slag_Scatter,https://timna-database.wikibase.cloud/entity/Q507
Site_002,29.78372222,34.94863889,-1200,-1000,Slag_Scatter,https://timna-database.wikibase.cloud/entity/Q507
Site_002,29.78372222,34.94863889,638,1099,Slag_Scatter,https://timna-database.wikibase.cloud/entity/Q507
Site_035,29.76626441,34.95366269,-1500,-1200,Burial,https://timna-database.wikibase.cloud/entity/Q518
Site_096,29.7440026,34.95022399,-5800,-3600,Smelting,https://timna-database.wikibase.cloud/entity/Q523
Site_096,29.7440026,34.95022399,-3600,-2000,Smelting,https://timna-database.wikibase.cloud/entity/Q523
Site_247,29.78782311,34.99974496,-3600,-2000,Flint_Scatter,https://timna-database.wikibase.cloud/entity/Q526
Site_247,29.78782311,34.99974496,-37,324,Flint_Scatter,https://timna-database.wikibase.cloud/entity/Q526
Site_737-002,29.80669444,34.97586111,-1500,-1200,Flint_Scatter,https://timna-database.wikibase.cloud/entity/Q536
Site_737-002,29.80669444,34.97586111,-1200,-1000,Flint_Scatter,https://timna-database.wikibase.cloud/entity/Q536
Site_149,29.79250987,35.00285889,-3600,-2000,Stone_Wall,https://timna-database.wikibase.cloud/entity/Q524
Site_096,29.7440026,34.95022399,-5800,-3600,Mining_Field,https://timna-database.wikibase.cloud/entity/Q523
Site_096,29.7440026,34.95022399,-3600,-2000,Mining_Field,https://timna-database.wikibase.cloud/entity/Q523
Site_035,29.76626441,34.95366269,-1500,-1200,Unknown,https://timna-database.wikibase.cloud/entity/Q518
Site_002,29.78372222,34.94863889,-1500,-1200,Tumulus,https://timna-database.wikibase.cloud/entity/Q507
Site_002,29.78372222,34.94863889,-1200,-1000,Tumulus,https://timna-database.wikibase.cloud/entity/Q507
Site_002,29.78372222,34.94863889,638,1099,Tumulus,https://timna-database.wikibase.cloud/entity/Q507
Site_034-C,29.77020025,34.95030265,638,1099,Pottery_Scatter,https://timna-database.wikibase.cloud/entity/Q517
Site_030,29.77098952,34.94792238,-1200,-1000,Smelting,https://timna-database.wikibase.cloud/entity/Q513
Site_030,29.77098952,34.94792238,-1200,-1000,Flint_Scatter,https://timna-database.wikibase.cloud/entity/Q513
Site_096,29.7440026,34.95022399,-5800,-3600,Mining,https://timna-database.wikibase.cloud/entity/Q523
Site_096,29.7440026,34.95022399,-3600,-2000,Mining,https://timna-database.wikibase.cloud/entity/Q523
Site_030,29.77098952,34.94792238,-1200,-1000,Furnace_Smelting,https://timna-database.wikibase.cloud/entity/Q513
Site_016,29.78244434,34.92466619,-1500,-1200,Mining,https://timna-database.wikibase.cloud/entity/Q548
Site_016,29.78244434,34.92466619,-1200,-1000,Mining,https://timna-database.wikibase.cloud/entity/Q548
Site_019,29.78425074,34.92569533,-5800,-3600,Mining_Shaft,https://timna-database.wikibase.cloud/entity/Q551
Site_019,29.78425074,34.92569533,-3600,-2000,Mining_Shaft,https://timna-database.wikibase.cloud/entity/Q551
Site_019,29.78425074,34.92569533,-1500,-1200,Mining_Shaft,https://timna-database.wikibase.cloud/entity/Q551
Site_019,29.78425074,34.92569533,-1200,-1000,Mining_Shaft,https://timna-database.wikibase.cloud/entity/Q551
Site_250-A,29.79825766,34.99787231,-5800,-3600,Mining_Gallery,https://timna-database.wikibase.cloud/entity/Q593
Site_250-A,29.79825766,34.99787231,-3600,-2000,Mining_Gallery,https://timna-database.wikibase.cloud/entity/Q593
Site_252,29.81033461,34.99637861,-37,324,Mining_Gallery,https://timna-database.wikibase.cloud/entity/Q594
Site_737-001,29.80661111,34.97569444,-1500,-1200,Stone_Feature,https://timna-database.wikibase.cloud/entity/Q541
Site_737-001,29.80661111,34.97569444,-1200,-1000,Stone_Feature,https://timna-database.wikibase.cloud/entity/Q541
Site_009-018,29.78605713,34.92672452,-1500,-1200,Mining_Shaft,https://timna-database.wikibase.cloud/entity/Q550
Site_009-018,29.78605713,34.92672452,-1200,-1000,Mining_Shaft,https://timna-database.wikibase.cloud/entity/Q550
Site_737-001,29.80661111,34.97569444,-1500,-1200,Slag_Scatter,https://timna-database.wikibase.cloud/entity/Q541
Site_737-001,29.80661111,34.97569444,-1200,-1000,Slag_Scatter,https://timna-database.wikibase.cloud/entity/Q541
Site_250,29.79803142,34.99741768,-5800,-3600,Workshop,https://timna-database.wikibase.cloud/entity/Q592
Site_250,29.79803142,34.99741768,-3600,-2000,Workshop,https://timna-database.wikibase.cloud/entity/Q592
Site_250,29.79803142,34.99741768,-5800,-3600,Flint_Scatter,https://timna-database.wikibase.cloud/entity/Q592
Site_250,29.79803142,34.99741768,-3600,-2000,Flint_Scatter,https://timna-database.wikibase.cloud/entity/Q592
Site_737-002,29.80669444,34.97586111,-1500,-1200,Slag_Scatter,https://timna-database.wikibase.cloud/entity/Q536
Site_737-002,29.80669444,34.97586111,-1200,-1000,Slag_Scatter,https://timna-database.wikibase.cloud/entity/Q536
Site_023-N3,29.78921717,34.92798789,-5800,-3600,Smelting,https://timna-database.wikibase.cloud/entity/Q543
Site_019,29.78425074,34.92569533,-5800,-3600,Mining,https://timna-database.wikibase.cloud/entity/Q551
Site_019,29.78425074,34.92569533,-3600,-2000,Mining,https://timna-database.wikibase.cloud/entity/Q551
Site_019,29.78425074,34.92569533,-1500,-1200,Mining,https://timna-database.wikibase.cloud/entity/Q551
Site_019,29.78425074,34.92569533,-1200,-1000,Mining,https://timna-database.wikibase.cloud/entity/Q551
Site_009-018,29.78605713,34.92672452,-1500,-1200,Mining,https://timna-database.wikibase.cloud/entity/Q550
Site_009-018,29.78605713,34.92672452,-1200,-1000,Mining,https://timna-database.wikibase.cloud/entity/Q550
Site_016,29.78244434,34.92466619,-1500,-1200,Stone_Feature,https://timna-database.wikibase.cloud/entity/Q548
Site_016,29.78244434,34.92466619,-1200,-1000,Stone_Feature,https://timna-database.wikibase.cloud/entity/Q548
Site_009,29.78605277,34.92465616,-1500,-1200,Mining_Field,https://timna-database.wikibase.cloud/entity/Q546
Site_009,29.78605277,34.92465616,-1200,-1000,Mining_Field,https://timna-database.wikibase.cloud/entity/Q546
Site_019,29.78425074,34.92569533,-5800,-3600,Stone_Feature,https://timna-database.wikibase.cloud/entity/Q551
Site_019,29.78425074,34.92569533,-3600,-2000,Stone_Feature,https://timna-database.wikibase.cloud/entity/Q551
Site_019,29.78425074,34.92569533,-1500,-1200,Stone_Feature,https://timna-database.wikibase.cloud/entity/Q551
Site_019,29.78425074,34.92569533,-1200,-1000,Stone_Feature,https://timna-database.wikibase.cloud/entity/Q551
Site_F2,29.78250952,34.92994017,-1500,-1200,Smelting,https://timna-database.wikibase.cloud/entity/Q542
Site_F2,29.78250952,34.92994017,-1200,-1000,Smelting,https://timna-database.wikibase.cloud/entity/Q542
Site_009-018,29.78605713,34.92672452,-1500,-1200,Stone_Feature,https://timna-database.wikibase.cloud/entity/Q550
Site_009-018,29.78605713,34.92672452,-1200,-1000,Stone_Feature,https://timna-database.wikibase.cloud/entity/Q550
Site_009-J6,29.78561878,34.92419198,-1500,-1200,Mining_Shaft,https://timna-database.wikibase.cloud/entity/Q547
Site_009-J6,29.78561878,34.92419198,-1200,-1000,Mining_Shaft,https://timna-database.wikibase.cloud/entity/Q547
Site_737-001,29.80661111,34.97569444,-1500,-1200,Pottery_Scatter,https://timna-database.wikibase.cloud/entity/Q541
Site_737-001,29.80661111,34.97569444,-1200,-1000,Pottery_Scatter,https://timna-database.wikibase.cloud/entity/Q541
Site_021,29.77893646,34.92960866,-1500,-1200,Mining_Field,https://timna-database.wikibase.cloud/entity/Q552
Site_021,29.77893646,34.92960866,-1200,-1000,Mining_Field,https://timna-database.wikibase.cloud/entity/Q552
Site_250,29.79803142,34.99741768,-5800,-3600,Stone_Feature,https://timna-database.wikibase.cloud/entity/Q592
Site_250,29.79803142,34.99741768,-3600,-2000,Stone_Feature,https://timna-database.wikibase.cloud/entity/Q592
Site_252,29.81033461,34.99637861,-37,324,Quarrying,https://timna-database.wikibase.cloud/entity/Q594
Site_737-004,29.80644038,34.97625726,-1500,-1200,Stone_Feature,https://timna-database.wikibase.cloud/entity/Q537
Site_737-004,29.80644038,34.97625726,-1200,-1000,Stone_Feature,https://timna-database.wikibase.cloud/entity/Q537
Site_021,29.77893646,34.92960866,-1500,-1200,Mining_Shaft,https://timna-database.wikibase.cloud/entity/Q552
Site_021,29.77893646,34.92960866,-1200,-1000,Mining_Shaft,https://timna-database.wikibase.cloud/entity/Q552
Site_009-J6,29.78561878,34.92419198,-1500,-1200,Mining,https://timna-database.wikibase.cloud/entity/Q547
Site_009-J6,29.78561878,34.92419198,-1200,-1000,Mining,https://timna-database.wikibase.cloud/entity/Q547
Site_737-004,29.80644038,34.97625726,-1500,-1200,Slag_Scatter,https://timna-database.wikibase.cloud/entity/Q537
Site_737-004,29.80644038,34.97625726,-1200,-1000,Slag_Scatter,https://timna-database.wikibase.cloud/entity/Q537
Site_009,29.78605277,34.92465616,-1500,-1200,Stone_Feature,https://timna-database.wikibase.cloud/entity/Q546
Site_009,29.78605277,34.92465616,-1200,-1000,Stone_Feature,https://timna-database.wikibase.cloud/entity/Q546
Site_021,29.77893646,34.92960866,-1500,-1200,Mining,https://timna-database.wikibase.cloud/entity/Q552
Site_021,29.77893646,34.92960866,-1200,-1000,Mining,https://timna-database.wikibase.cloud/entity/Q552
Site_250-A,29.79825766,34.99787231,-5800,-3600,Flint_Scatter,https://timna-database.wikibase.cloud/entity/Q593
Site_250-A,29.79825766,34.99787231,-3600,-2000,Flint_Scatter,https://timna-database.wikibase.cloud/entity/Q593
Site_021,29.77893646,34.92960866,-1500,-1200,Stone_Feature,https://timna-database.wikibase.cloud/entity/Q552
Site_021,29.77893646,34.92960866,-1200,-1000,Stone_Feature,https://timna-database.wikibase.cloud/entity/Q552
Site_250-A,29.79825766,34.99787231,-5800,-3600,Petroglyph,https://timna-database.wikibase.cloud/entity/Q593
Site_250-A,29.79825766,34.99787231,-3600,-2000,Petroglyph,https://timna-database.wikibase.cloud/entity/Q593
Site_737-001,29.80661111,34.97569444,-1500,-1200,Flint_Scatter,https://timna-database.wikibase.cloud/entity/Q541
Site_737-001,29.80661111,34.97569444,-1200,-1000,Flint_Scatter,https://timna-database.wikibase.cloud/entity/Q541
Site_009-J6,29.78561878,34.92419198,-1500,-1200,Rock_Inscription,https://timna-database.wikibase.cloud/entity/Q547
Site_009-J6,29.78561878,34.92419198,-1200,-1000,Rock_Inscription,https://timna-database.wikibase.cloud/entity/Q547
Site_250-A,29.79825766,34.99787231,-5800,-3600,Mining,https://timna-database.wikibase.cloud/entity/Q593
Site_250-A,29.79825766,34.99787231,-3600,-2000,Mining,https://timna-database.wikibase.cloud/entity/Q593
Site_252,29.81033461,34.99637861,-37,324,Mining,https://timna-database.wikibase.cloud/entity/Q594
Site_023,29.78786567,34.92878794,-1500,-1200,Stone_Feature,https://timna-database.wikibase.cloud/entity/Q554
Site_023,29.78786567,34.92878794,-1200,-1000,Stone_Feature,https://timna-database.wikibase.cloud/entity/Q554
Site_737-004,29.80644038,34.97625726,-1500,-1200,Pottery_Scatter,https://timna-database.wikibase.cloud/entity/Q537
Site_737-004,29.80644038,34.97625726,-1200,-1000,Pottery_Scatter,https://timna-database.wikibase.cloud/entity/Q537
Site_016,29.78244434,34.92466619,-1500,-1200,Mining_Field,https://timna-database.wikibase.cloud/entity/Q548
Site_016,29.78244434,34.92466619,-1200,-1000,Mining_Field,https://timna-database.wikibase.cloud/entity/Q548
Site_016,29.78244434,34.92466619,-1500,-1200,Mining_Shaft,https://timna-database.wikibase.cloud/entity/Q548
Site_016,29.78244434,34.92466619,-1200,-1000,Mining_Shaft,https://timna-database.wikibase.cloud/entity/Q548
Site_250-A,29.79825766,34.99787231,-5800,-3600,Stone_Feature,https://timna-database.wikibase.cloud/entity/Q593
Site_250-A,29.79825766,34.99787231,-3600,-2000,Stone_Feature,https://timna-database.wikibase.cloud/entity/Q593
Site_252,29.81033461,34.99637861,-37,324,Stone_Feature,https://timna-database.wikibase.cloud/entity/Q594
Site_019,29.78425074,34.92569533,-5800,-3600,Mining_Field,https://timna-database.wikibase.cloud/entity/Q551
Site_019,29.78425074,34.92569533,-3600,-2000,Mining_Field,https://timna-database.wikibase.cloud/entity/Q551
Site_019,29.78425074,34.92569533,-1500,-1200,Mining_Field,https://timna-database.wikibase.cloud/entity/Q551
Site_019,29.78425074,34.92569533,-1200,-1000,Mining_Field,https://timna-database.wikibase.cloud/entity/Q551
Site_783,29.79088889,34.92769444,-1500,-1200,Mining_Gallery9,https://timna-database.wikibase.cloud/entity/Q732
Site_783,29.79088889,34.92769444,-1200,-1000,Mining_Gallery9,https://timna-database.wikibase.cloud/entity/Q732
Site_019-D12,29.78331017,34.92457071,-1500,-1200,Mining_Shaft,https://timna-database.wikibase.cloud/entity/Q721
Site_019-D12,29.78331017,34.92457071,-1200,-1000,Mining_Shaft,https://timna-database.wikibase.cloud/entity/Q721
Site_019-D12,29.78331017,34.92457071,-1500,-1200,Mining,https://timna-database.wikibase.cloud/entity/Q721
Site_019-D12,29.78331017,34.92457071,-1200,-1000,Mining,https://timna-database.wikibase.cloud/entity/Q721
Site_009-002,29.78594444,34.92708333,-1500,-1200,Mining_Shaft,https://timna-database.wikibase.cloud/entity/Q723
Site_009-002,29.78594444,34.92708333,-1200,-1000,Mining_Shaft,https://timna-database.wikibase.cloud/entity/Q723
Site_712,29.78133847,34.94879572,-1500,-1200,Cairn,https://timna-database.wikibase.cloud/entity/Q657
Site_712,29.78133847,34.94879572,-1200,-1000,Cairn,https://timna-database.wikibase.cloud/entity/Q657
Site_009-002,29.78594444,34.92708333,-1500,-1200,Mining,https://timna-database.wikibase.cloud/entity/Q723
Site_009-002,29.78594444,34.92708333,-1200,-1000,Mining,https://timna-database.wikibase.cloud/entity/Q723
Site_717,29.79460085,34.94028097,-1500,-1200,Mining_Field,https://timna-database.wikibase.cloud/entity/Q661
Site_717,29.79460085,34.94028097,-1200,-1000,Mining_Field,https://timna-database.wikibase.cloud/entity/Q661
Site_783,29.79088889,34.92769444,-1500,-1200,Workshop,https://timna-database.wikibase.cloud/entity/Q732
Site_783,29.79088889,34.92769444,-1200,-1000,Workshop,https://timna-database.wikibase.cloud/entity/Q732
Site_783,29.79088889,34.92769444,-1500,-1200,Mining_Shaft,https://timna-database.wikibase.cloud/entity/Q732
Site_783,29.79088889,34.92769444,-1200,-1000,Mining_Shaft,https://timna-database.wikibase.cloud/entity/Q732
Site_717,29.79460085,34.94028097,-1500,-1200,Mining_Shaft,https://timna-database.wikibase.cloud/entity/Q661
Site_717,29.79460085,34.94028097,-1200,-1000,Mining_Shaft,https://timna-database.wikibase.cloud/entity/Q661
Site_712,29.78133847,34.94879572,-1500,-1200,Burial,https://timna-database.wikibase.cloud/entity/Q657
Site_712,29.78133847,34.94879572,-1200,-1000,Burial,https://timna-database.wikibase.cloud/entity/Q657
Site_009-J5,29.78538889,34.92419444,-1500,-1200,Mining_Shaft,https://timna-database.wikibase.cloud/entity/Q724
Site_009-J5,29.78538889,34.92419444,-1200,-1000,Mining_Shaft,https://timna-database.wikibase.cloud/entity/Q724
Site_783,29.79088889,34.92769444,-1500,-1200,Mining,https://timna-database.wikibase.cloud/entity/Q732
Site_783,29.79088889,34.92769444,-1200,-1000,Mining,https://timna-database.wikibase.cloud/entity/Q732
Site_717,29.79460085,34.94028097,-1500,-1200,Mining,https://timna-database.wikibase.cloud/entity/Q661
Site_717,29.79460085,34.94028097,-1200,-1000,Mining,https://timna-database.wikibase.cloud/entity/Q661
Site_009-J5,29.78538889,34.92419444,-1500,-1200,Mining,https://timna-database.wikibase.cloud/entity/Q724
Site_009-J5,29.78538889,34.92419444,-1200,-1000,Mining,https://timna-database.wikibase.cloud/entity/Q724
Site_712,29.78133847,34.94879572,-1500,-1200,Stone_Feature,https://timna-database.wikibase.cloud/entity/Q657
Site_712,29.78133847,34.94879572,-1200,-1000,Stone_Feature,https://timna-database.wikibase.cloud/entity/Q657
Site_717,29.79460085,34.94028097,-1500,-1200,Stone_Feature,https://timna-database.wikibase.cloud/entity/Q661
Site_717,29.79460085,34.94028097,-1200,-1000,Stone_Feature,https://timna-database.wikibase.cloud/entity/Q661
Site_712,29.78133847,34.94879572,-1500,-1200,Tumulus,https://timna-database.wikibase.cloud/entity/Q657
Site_712,29.78133847,34.94879572,-1200,-1000,Tumulus,https://timna-database.wikibase.cloud/entity/Q657
Site_017,29.79019344,34.97115398,-1200,-1000,Stone_Feature,https://timna-database.wikibase.cloud/entity/Q564
Site_017,29.79019344,34.97115398,-1000,-586,Stone_Feature,https://timna-database.wikibase.cloud/entity/Q564
Site_066,29.74978035,34.938579,-5800,-3600,Mining,https://timna-database.wikibase.cloud/entity/Q570
Site_066,29.74978035,34.938579,-3600,-2000,Mining,https://timna-database.wikibase.cloud/entity/Q570
Site_186,29.80297966,34.96791781,-1500,-1200,Mining_Field,https://timna-database.wikibase.cloud/entity/Q579
Site_186,29.80297966,34.96791781,-1200,-1000,Mining_Field,https://timna-database.wikibase.cloud/entity/Q579
Site_186,29.80297966,34.96791781,-37,324,Mining_Field,https://timna-database.wikibase.cloud/entity/Q579
Site_186,29.80297966,34.96791781,638,1099,Mining_Field,https://timna-database.wikibase.cloud/entity/Q579
Site_193,29.76966667,34.95847222,-1500,-1200,Stone_Feature,https://timna-database.wikibase.cloud/entity/Q581
Site_193,29.76966667,34.95847222,-1200,-1000,Stone_Feature,https://timna-database.wikibase.cloud/entity/Q581
Site_042,29.74703422,34.98047531,-5800,-3600,Mining_Gallery,https://timna-database.wikibase.cloud/entity/Q569
Site_042,29.74703422,34.98047531,-1500,-1200,Mining_Gallery,https://timna-database.wikibase.cloud/entity/Q569
Site_042,29.74703422,34.98047531,-1200,-1000,Mining_Gallery,https://timna-database.wikibase.cloud/entity/Q569
Site_186,29.80297966,34.96791781,-1500,-1200,Flint_Scatter,https://timna-database.wikibase.cloud/entity/Q579
Site_186,29.80297966,34.96791781,-1200,-1000,Flint_Scatter,https://timna-database.wikibase.cloud/entity/Q579
Site_186,29.80297966,34.96791781,-37,324,Flint_Scatter,https://timna-database.wikibase.cloud/entity/Q579
Site_186,29.80297966,34.96791781,638,1099,Flint_Scatter,https://timna-database.wikibase.cloud/entity/Q579
Site_017,29.79019344,34.97115398,-1200,-1000,Tumulus,https://timna-database.wikibase.cloud/entity/Q564
Site_017,29.79019344,34.97115398,-1000,-586,Tumulus,https://timna-database.wikibase.cloud/entity/Q564
Site_186,29.80297966,34.96791781,-1500,-1200,Mining_Shaft,https://timna-database.wikibase.cloud/entity/Q579
Site_186,29.80297966,34.96791781,-1200,-1000,Mining_Shaft,https://timna-database.wikibase.cloud/entity/Q579
Site_186,29.80297966,34.96791781,-37,324,Mining_Shaft,https://timna-database.wikibase.cloud/entity/Q579
Site_186,29.80297966,34.96791781,638,1099,Mining_Shaft,https://timna-database.wikibase.cloud/entity/Q579
Site_037,29.73875402,34.96076031,-5800,-3600,Mining_Field,https://timna-database.wikibase.cloud/entity/Q566
Site_037,29.73875402,34.96076031,-37,324,Mining_Field,https://timna-database.wikibase.cloud/entity/Q566
Site_037,29.73875402,34.96076031,638,1099,Mining_Field,https://timna-database.wikibase.cloud/entity/Q566
Site_039-A,29.76246316,34.99308619,-5800,-3600,Stone_Feature,https://timna-database.wikibase.cloud/entity/Q567
Site_039-A,29.76246316,34.99308619,-3600,-2000,Stone_Feature,https://timna-database.wikibase.cloud/entity/Q567
Site_029,29.75638585,34.97850049,-5800,-3600,Workshop,https://timna-database.wikibase.cloud/entity/Q563
Site_095,29.74805044,34.93965871,-5800,-3600,Stone_Feature,https://timna-database.wikibase.cloud/entity/Q574
Site_095,29.74805044,34.93965871,-3600,-2000,Stone_Feature,https://timna-database.wikibase.cloud/entity/Q574
Site_095,29.74805044,34.93965871,-1500,-1200,Stone_Feature,https://timna-database.wikibase.cloud/entity/Q574
Site_095,29.74805044,34.93965871,-1200,-1000,Stone_Feature,https://timna-database.wikibase.cloud/entity/Q574
Site_095,29.74805044,34.93965871,-37,324,Stone_Feature,https://timna-database.wikibase.cloud/entity/Q574
Site_037,29.73875402,34.96076031,-5800,-3600,Mining_Shaft,https://timna-database.wikibase.cloud/entity/Q566
Site_037,29.73875402,34.96076031,-37,324,Mining_Shaft,https://timna-database.wikibase.cloud/entity/Q566
Site_037,29.73875402,34.96076031,638,1099,Mining_Shaft,https://timna-database.wikibase.cloud/entity/Q566
Site_094,29.73740643,34.95890293,-5800,-3600,Mining,https://timna-database.wikibase.cloud/entity/Q573
Site_029,29.75638585,34.97850049,-5800,-3600,Burial,https://timna-database.wikibase.cloud/entity/Q563
Site_186,29.80297966,34.96791781,-1500,-1200,Mining,https://timna-database.wikibase.cloud/entity/Q579
Site_186,29.80297966,34.96791781,-1200,-1000,Mining,https://timna-database.wikibase.cloud/entity/Q579
Site_186,29.80297966,34.96791781,-37,324,Mining,https://timna-database.wikibase.cloud/entity/Q579
Site_186,29.80297966,34.96791781,638,1099,Mining,https://timna-database.wikibase.cloud/entity/Q579
Site_188,29.77097222,35.00022222,-1500,-1200,Pottery_Scatter,https://timna-database.wikibase.cloud/entity/Q580
Site_188,29.77097222,35.00022222,-1200,-1000,Pottery_Scatter,https://timna-database.wikibase.cloud/entity/Q580
Site_037,29.73875402,34.96076031,-5800,-3600,Mining,https://timna-database.wikibase.cloud/entity/Q566
Site_037,29.73875402,34.96076031,-37,324,Mining,https://timna-database.wikibase.cloud/entity/Q566
Site_037,29.73875402,34.96076031,638,1099,Mining,https://timna-database.wikibase.cloud/entity/Q566
Site_087,29.79785179,34.96081381,-37,324,Mining_Field,https://timna-database.wikibase.cloud/entity/Q571
Site_087,29.79785179,34.96081381,638,1099,Mining_Field,https://timna-database.wikibase.cloud/entity/Q571
Site_186,29.80297966,34.96791781,-1500,-1200,Stone_Feature,https://timna-database.wikibase.cloud/entity/Q579
Site_186,29.80297966,34.96791781,-1200,-1000,Stone_Feature,https://timna-database.wikibase.cloud/entity/Q579
Site_186,29.80297966,34.96791781,-37,324,Stone_Feature,https://timna-database.wikibase.cloud/entity/Q579
Site_186,29.80297966,34.96791781,638,1099,Stone_Feature,https://timna-database.wikibase.cloud/entity/Q579
Site_087,29.79785179,34.96081381,-37,324,Mining_Shaft,https://timna-database.wikibase.cloud/entity/Q571
Site_087,29.79785179,34.96081381,638,1099,Mining_Shaft,https://timna-database.wikibase.cloud/entity/Q571
Site_037,29.73875402,34.96076031,-5800,-3600,Stone_Feature,https://timna-database.wikibase.cloud/entity/Q566
Site_037,29.73875402,34.96076031,-37,324,Stone_Feature,https://timna-database.wikibase.cloud/entity/Q566
Site_037,29.73875402,34.96076031,638,1099,Stone_Feature,https://timna-database.wikibase.cloud/entity/Q566
Site_029,29.75638585,34.97850049,-5800,-3600,Unknown,https://timna-database.wikibase.cloud/entity/Q563
Site_095,29.74805044,34.93965871,-5800,-3600,Pottery_Scatter,https://timna-database.wikibase.cloud/entity/Q574
Site_095,29.74805044,34.93965871,-3600,-2000,Pottery_Scatter,https://timna-database.wikibase.cloud/entity/Q574
Site_095,29.74805044,34.93965871,-1500,-1200,Pottery_Scatter,https://timna-database.wikibase.cloud/entity/Q574
Site_095,29.74805044,34.93965871,-1200,-1000,Pottery_Scatter,https://timna-database.wikibase.cloud/entity/Q574
Site_095,29.74805044,34.93965871,-37,324,Pottery_Scatter,https://timna-database.wikibase.cloud/entity/Q574
Site_017,29.79019344,34.97115398,-1200,-1000,Burial,https://timna-database.wikibase.cloud/entity/Q564
Site_017,29.79019344,34.97115398,-1000,-586,Burial,https://timna-database.wikibase.cloud/entity/Q564
Site_095,29.74805044,34.93965871,-5800,-3600,Mining_Field,https://timna-database.wikibase.cloud/entity/Q574
Site_095,29.74805044,34.93965871,-3600,-2000,Mining_Field,https://timna-database.wikibase.cloud/entity/Q574
Site_095,29.74805044,34.93965871,-1500,-1200,Mining_Field,https://timna-database.wikibase.cloud/entity/Q574
Site_095,29.74805044,34.93965871,-1200,-1000,Mining_Field,https://timna-database.wikibase.cloud/entity/Q574
Site_095,29.74805044,34.93965871,-37,324,Mining_Field,https://timna-database.wikibase.cloud/entity/Q574
Site_042,29.74703422,34.98047531,-5800,-3600,Mining,https://timna-database.wikibase.cloud/entity/Q569
Site_042,29.74703422,34.98047531,-1500,-1200,Mining,https://timna-database.wikibase.cloud/entity/Q569
Site_042,29.74703422,34.98047531,-1200,-1000,Mining,https://timna-database.wikibase.cloud/entity/Q569
Site_095,29.74805044,34.93965871,-5800,-3600,Flint_Scatter,https://timna-database.wikibase.cloud/entity/Q574
Site_095,29.74805044,34.93965871,-3600,-2000,Flint_Scatter,https://timna-database.wikibase.cloud/entity/Q574
Site_095,29.74805044,34.93965871,-1500,-1200,Flint_Scatter,https://timna-database.wikibase.cloud/entity/Q574
Site_095,29.74805044,34.93965871,-1200,-1000,Flint_Scatter,https://timna-database.wikibase.cloud/entity/Q574
Site_095,29.74805044,34.93965871,-37,324,Flint_Scatter,https://timna-database.wikibase.cloud/entity/Q574
Site_066,29.74978035,34.938579,-5800,-3600,Mining_Field,https://timna-database.wikibase.cloud/entity/Q570
Site_066,29.74978035,34.938579,-3600,-2000,Mining_Field,https://timna-database.wikibase.cloud/entity/Q570
Site_095,29.74805044,34.93965871,-5800,-3600,Mining_Shaft,https://timna-database.wikibase.cloud/entity/Q574
Site_095,29.74805044,34.93965871,-3600,-2000,Mining_Shaft,https://timna-database.wikibase.cloud/entity/Q574
Site_095,29.74805044,34.93965871,-1500,-1200,Mining_Shaft,https://timna-database.wikibase.cloud/entity/Q574
Site_095,29.74805044,34.93965871,-1200,-1000,Mining_Shaft,https://timna-database.wikibase.cloud/entity/Q574
Site_095,29.74805044,34.93965871,-37,324,Mining_Shaft,https://timna-database.wikibase.cloud/entity/Q574
Site_066,29.74978035,34.938579,-5800,-3600,Mining_Shaft,https://timna-database.wikibase.cloud/entity/Q570
Site_066,29.74978035,34.938579,-3600,-2000,Mining_Shaft,https://timna-database.wikibase.cloud/entity/Q570
Site_095,29.74805044,34.93965871,-5800,-3600,Mining,https://timna-database.wikibase.cloud/entity/Q574
Site_095,29.74805044,34.93965871,-3600,-2000,Mining,https://timna-database.wikibase.cloud/entity/Q574
Site_095,29.74805044,34.93965871,-1500,-1200,Mining,https://timna-database.wikibase.cloud/entity/Q574
Site_095,29.74805044,34.93965871,-1200,-1000,Mining,https://timna-database.wikibase.cloud/entity/Q574
Site_095,29.74805044,34.93965871,-37,324,Mining,https://timna-database.wikibase.cloud/entity/Q574
Site_645,29.78606789,34.93189542,-1500,-1200,Cairn,https://timna-database.wikibase.cloud/entity/Q644
Site_645,29.78606789,34.93189542,-1200,-1000,Cairn,https://timna-database.wikibase.cloud/entity/Q644
Site_645,29.78606789,34.93189542,-37,324,Cairn,https://timna-database.wikibase.cloud/entity/Q644
Site_196,29.76913889,34.95930556,-1500,-1200,Stone_Feature,https://timna-database.wikibase.cloud/entity/Q584
Site_196,29.76913889,34.95930556,-1200,-1000,Stone_Feature,https://timna-database.wikibase.cloud/entity/Q584
Site_646,29.77935317,34.96285444,-1500,-1200,Burial,https://timna-database.wikibase.cloud/entity/Q645
Site_646,29.77935317,34.96285444,-1200,-1000,Burial,https://timna-database.wikibase.cloud/entity/Q645
Site_200,29.76786629,34.95638847,-5800,-3600,Stone_Feature,https://timna-database.wikibase.cloud/entity/Q588
Site_200,29.76786629,34.95638847,-1500,-1200,Stone_Feature,https://timna-database.wikibase.cloud/entity/Q588
Site_200,29.76786629,34.95638847,-1200,-1000,Stone_Feature,https://timna-database.wikibase.cloud/entity/Q588
Site_200,29.76786629,34.95638847,-37,324,Stone_Feature,https://timna-database.wikibase.cloud/entity/Q588
Site_701,29.79602938,34.94647261,-5800,-3600,Mining_Field,https://timna-database.wikibase.cloud/entity/Q649
Site_701,29.79602938,34.94647261,-1500,-1200,Mining_Field,https://timna-database.wikibase.cloud/entity/Q649
Site_701,29.79602938,34.94647261,-1200,-1000,Mining_Field,https://timna-database.wikibase.cloud/entity/Q649
Site_644,29.78637456,34.93187391,-1500,-1200,Burial,https://timna-database.wikibase.cloud/entity/Q643
Site_644,29.78637456,34.93187391,-1200,-1000,Burial,https://timna-database.wikibase.cloud/entity/Q643
Site_644,29.78637456,34.93187391,-37,324,Burial,https://timna-database.wikibase.cloud/entity/Q643
Site_701,29.79602938,34.94647261,-5800,-3600,Mining_Shaft,https://timna-database.wikibase.cloud/entity/Q649
Site_701,29.79602938,34.94647261,-1500,-1200,Mining_Shaft,https://timna-database.wikibase.cloud/entity/Q649
Site_701,29.79602938,34.94647261,-1200,-1000,Mining_Shaft,https://timna-database.wikibase.cloud/entity/Q649
Site_200,29.76786629,34.95638847,-5800,-3600,Rock_Inscription,https://timna-database.wikibase.cloud/entity/Q588
Site_200,29.76786629,34.95638847,-1500,-1200,Rock_Inscription,https://timna-database.wikibase.cloud/entity/Q588
Site_200,29.76786629,34.95638847,-1200,-1000,Rock_Inscription,https://timna-database.wikibase.cloud/entity/Q588
Site_200,29.76786629,34.95638847,-37,324,Rock_Inscription,https://timna-database.wikibase.cloud/entity/Q588
Site_645,29.78606789,34.93189542,-1500,-1200,Burial,https://timna-database.wikibase.cloud/entity/Q644
Site_645,29.78606789,34.93189542,-1200,-1000,Burial,https://timna-database.wikibase.cloud/entity/Q644
Site_645,29.78606789,34.93189542,-37,324,Burial,https://timna-database.wikibase.cloud/entity/Q644
Site_701,29.79602938,34.94647261,-5800,-3600,Mining,https://timna-database.wikibase.cloud/entity/Q649
Site_701,29.79602938,34.94647261,-1500,-1200,Mining,https://timna-database.wikibase.cloud/entity/Q649
Site_701,29.79602938,34.94647261,-1200,-1000,Mining,https://timna-database.wikibase.cloud/entity/Q649
Site_646,29.77935317,34.96285444,-1500,-1200,Stone_Feature,https://timna-database.wikibase.cloud/entity/Q645
Site_646,29.77935317,34.96285444,-1200,-1000,Stone_Feature,https://timna-database.wikibase.cloud/entity/Q645
Site_773-001,29.78193659,34.93208241,-1500,-1200,Mining,https://timna-database.wikibase.cloud/entity/Q652
Site_773-001,29.78193659,34.93208241,-1200,-1000,Mining,https://timna-database.wikibase.cloud/entity/Q652
Site_644,29.78637456,34.93187391,-1500,-1200,Stone_Feature,https://timna-database.wikibase.cloud/entity/Q643
Site_644,29.78637456,34.93187391,-1200,-1000,Stone_Feature,https://timna-database.wikibase.cloud/entity/Q643
Site_644,29.78637456,34.93187391,-37,324,Stone_Feature,https://timna-database.wikibase.cloud/entity/Q643
Site_646,29.77935317,34.96285444,-1500,-1200,Tumulus,https://timna-database.wikibase.cloud/entity/Q645
Site_646,29.77935317,34.96285444,-1200,-1000,Tumulus,https://timna-database.wikibase.cloud/entity/Q645
Site_644,29.78637456,34.93187391,-1500,-1200,Tumulus,https://timna-database.wikibase.cloud/entity/Q643
Site_644,29.78637456,34.93187391,-1200,-1000,Tumulus,https://timna-database.wikibase.cloud/entity/Q643
Site_644,29.78637456,34.93187391,-37,324,Tumulus,https://timna-database.wikibase.cloud/entity/Q643
Site_645,29.78606789,34.93189542,-1500,-1200,Stone_Feature,https://timna-database.wikibase.cloud/entity/Q644
Site_645,29.78606789,34.93189542,-1200,-1000,Stone_Feature,https://timna-database.wikibase.cloud/entity/Q644
Site_645,29.78606789,34.93189542,-37,324,Stone_Feature,https://timna-database.wikibase.cloud/entity/Q644
Site_773-001,29.78193659,34.93208241,-1500,-1200,Stone_Feature,https://timna-database.wikibase.cloud/entity/Q652
Site_773-001,29.78193659,34.93208241,-1200,-1000,Stone_Feature,https://timna-database.wikibase.cloud/entity/Q652
Site_645,29.78606789,34.93189542,-1500,-1200,Tumulus,https://timna-database.wikibase.cloud/entity/Q644
Site_645,29.78606789,34.93189542,-1200,-1000,Tumulus,https://timna-database.wikibase.cloud/entity/Q644
Site_645,29.78606789,34.93189542,-37,324,Tumulus,https://timna-database.wikibase.cloud/entity/Q644
Site_646,29.77935317,34.96285444,-1500,-1200,Pottery_Scatter,https://timna-database.wikibase.cloud/entity/Q645
Site_646,29.77935317,34.96285444,-1200,-1000,Pottery_Scatter,https://timna-database.wikibase.cloud/entity/Q645
Site_646,29.77935317,34.96285444,-1500,-1200,Cairn,https://timna-database.wikibase.cloud/entity/Q645
Site_646,29.77935317,34.96285444,-1200,-1000,Cairn,https://timna-database.wikibase.cloud/entity/Q645
Site_644,29.78637456,34.93187391,-1500,-1200,Cairn,https://timna-database.wikibase.cloud/entity/Q643
Site_644,29.78637456,34.93187391,-1200,-1000,Cairn,https://timna-database.wikibase.cloud/entity/Q643
Site_644,29.78637456,34.93187391,-37,324,Cairn,https://timna-database.wikibase.cloud/entity/Q643
Site_200,29.76786629,34.95638847,-5800,-3600,Flint_Scatter,https://timna-database.wikibase.cloud/entity/Q588
Site_200,29.76786629,34.95638847,-1500,-1200,Flint_Scatter,https://timna-database.wikibase.cloud/entity/Q588
Site_200,29.76786629,34.95638847,-1200,-1000,Flint_Scatter,https://timna-database.wikibase.cloud/entity/Q588
Site_200,29.76786629,34.95638847,-37,324,Flint_Scatter,https://timna-database.wikibase.cloud/entity/Q588
Site_701,29.79602938,34.94647261,-5800,-3600,Mining_Field_Placer,https://timna-database.wikibase.cloud/entity/Q649
Site_701,29.79602938,34.94647261,-1500,-1200,Mining_Field_Placer,https://timna-database.wikibase.cloud/entity/Q649
Site_701,29.79602938,34.94647261,-1200,-1000,Mining_Field_Placer,https://timna-database.wikibase.cloud/entity/Q649
Site_200,29.76786629,34.95638847,-5800,-3600,Petroglyph,https://timna-database.wikibase.cloud/entity/Q588
Site_200,29.76786629,34.95638847,-1500,-1200,Petroglyph,https://timna-database.wikibase.cloud/entity/Q588
Site_200,29.76786629,34.95638847,-1200,-1000,Petroglyph,https://timna-database.wikibase.cloud/entity/Q588
Site_200,29.76786629,34.95638847,-37,324,Petroglyph,https://timna-database.wikibase.cloud/entity/Q588
Site_185,29.77067268,34.96168613,-1500,-1200,Flint_Scatter,https://timna-database.wikibase.cloud/entity/Q525
Site_254-C,29.77237085,34.94848759,-1500,-1200,Stone_Feature,https://timna-database.wikibase.cloud/entity/Q528
Site_254-C,29.77237085,34.94848759,-1200,-1000,Stone_Feature,https://timna-database.wikibase.cloud/entity/Q528
Site_704,29.78458705,34.95402038,-1500,-1200,Pottery_Scatter,https://timna-database.wikibase.cloud/entity/Q532
Site_713,29.78131159,34.95360453,-1500,-1200,Stone_Feature,https://timna-database.wikibase.cloud/entity/Q533
Site_713,29.78131159,34.95360453,-1200,-1000,Stone_Feature,https://timna-database.wikibase.cloud/entity/Q533
Site_024-A,29.80004221,34.94566589,-37,324,Pottery_Scatter,https://timna-database.wikibase.cloud/entity/Q556
Site_024,29.79871623,34.94115967,-1500,-1200,Stone_Feature,https://timna-database.wikibase.cloud/entity/Q555
Site_024,29.79871623,34.94115967,-1200,-1000,Stone_Feature,https://timna-database.wikibase.cloud/entity/Q555
Site_012,29.77638548,34.94860148,-1500,-1200,Smelting,https://timna-database.wikibase.cloud/entity/Q509
Site_012,29.77638548,34.94860148,-1200,-1000,Smelting,https://timna-database.wikibase.cloud/entity/Q509
Site_013,29.78434721,34.95599624,-1200,-1000,Pottery_Scatter,https://timna-database.wikibase.cloud/entity/Q510
Site_003,29.77780089,34.95282736,-1500,-1200,Stone_Feature,https://timna-database.wikibase.cloud/entity/Q508
Site_014,29.78012541,34.95604803,-1500,-1200,Stone_Feature,https://timna-database.wikibase.cloud/entity/Q511
Site_014,29.78012541,34.95604803,-1200,-1000,Stone_Feature,https://timna-database.wikibase.cloud/entity/Q511
Site_255,29.78778377,34.95098221,-1500,-1200,Smelting,https://timna-database.wikibase.cloud/entity/Q529
Site_255,29.78778377,34.95098221,638,1099,Smelting,https://timna-database.wikibase.cloud/entity/Q529
Site_012,29.77638548,34.94860148,-1500,-1200,Workshop,https://timna-database.wikibase.cloud/entity/Q509
Site_012,29.77638548,34.94860148,-1200,-1000,Workshop,https://timna-database.wikibase.cloud/entity/Q509
Site_003,29.77780089,34.95282736,-1500,-1200,Slag_Scatter,https://timna-database.wikibase.cloud/entity/Q508
Site_012,29.77638548,34.94860148,-1500,-1200,Flint_Scatter,https://timna-database.wikibase.cloud/entity/Q509
Site_012,29.77638548,34.94860148,-1200,-1000,Flint_Scatter,https://timna-database.wikibase.cloud/entity/Q509
Site_255,29.78778377,34.95098221,-1500,-1200,Workshop,https://timna-database.wikibase.cloud/entity/Q529
Site_255,29.78778377,34.95098221,638,1099,Workshop,https://timna-database.wikibase.cloud/entity/Q529
Site_013,29.78434721,34.95599624,-1200,-1000,Cairn,https://timna-database.wikibase.cloud/entity/Q510
Site_015,29.78575802,34.95787498,-1200,-1000,Stone_Feature,https://timna-database.wikibase.cloud/entity/Q512
Site_185,29.77067268,34.96168613,-1500,-1200,Stone_Feature,https://timna-database.wikibase.cloud/entity/Q525
Site_012,29.77638548,34.94860148,-1500,-1200,Burial,https://timna-database.wikibase.cloud/entity/Q509
Site_012,29.77638548,34.94860148,-1200,-1000,Burial,https://timna-database.wikibase.cloud/entity/Q509
Site_419,29.78701687,34.95567939,-1500,-1200,Stone_Feature,https://timna-database.wikibase.cloud/entity/Q531
Site_003,29.77780089,34.95282736,-1500,-1200,Tumulus,https://timna-database.wikibase.cloud/entity/Q508
Site_036,29.7362761,34.98295936,638,1099,Stone_Feature,https://timna-database.wikibase.cloud/entity/Q560
Site_185,29.77067268,34.96168613,-1500,-1200,Slag_Scatter,https://timna-database.wikibase.cloud/entity/Q525
Site_254-C,29.77237085,34.94848759,-1500,-1200,Pottery_Scatter,https://timna-database.wikibase.cloud/entity/Q528
Site_254-C,29.77237085,34.94848759,-1200,-1000,Pottery_Scatter,https://timna-database.wikibase.cloud/entity/Q528
Site_015,29.78575802,34.95787498,-1200,-1000,Tumulus,https://timna-database.wikibase.cloud/entity/Q512
Site_704,29.78458705,34.95402038,-1500,-1200,Flint_Scatter,https://timna-database.wikibase.cloud/entity/Q532
Site_024-A,29.80004221,34.94566589,-37,324,Mining_Shaft,https://timna-database.wikibase.cloud/entity/Q556
Site_013,29.78434721,34.95599624,-1200,-1000,Smelting,https://timna-database.wikibase.cloud/entity/Q510
Site_013,29.78434721,34.95599624,-1200,-1000,Workshop,https://timna-database.wikibase.cloud/entity/Q510
Site_025,29.79963255,34.94839757,-1500,-1200,Mining_Shaft,https://timna-database.wikibase.cloud/entity/Q557
Site_025,29.79963255,34.94839757,-1200,-1000,Mining_Shaft,https://timna-database.wikibase.cloud/entity/Q557
Site_012,29.77638548,34.94860148,-1500,-1200,Stone_Feature,https://timna-database.wikibase.cloud/entity/Q509
Site_012,29.77638548,34.94860148,-1200,-1000,Stone_Feature,https://timna-database.wikibase.cloud/entity/Q509
Site_013,29.78434721,34.95599624,-1200,-1000,Flint_Scatter,https://timna-database.wikibase.cloud/entity/Q510
Site_003,29.77780089,34.95282736,-1500,-1200,Pottery_Scatter,https://timna-database.wikibase.cloud/entity/Q508
Site_014,29.78012541,34.95604803,-1500,-1200,Pottery_Scatter,https://timna-database.wikibase.cloud/entity/Q511
Site_014,29.78012541,34.95604803,-1200,-1000,Pottery_Scatter,https://timna-database.wikibase.cloud/entity/Q511
Site_255,29.78778377,34.95098221,-1500,-1200,Stone_Feature,https://timna-database.wikibase.cloud/entity/Q529
Site_255,29.78778377,34.95098221,638,1099,Stone_Feature,https://timna-database.wikibase.cloud/entity/Q529
Site_007,29.78767217,34.93117748,-37,324,Petroglyph,https://timna-database.wikibase.cloud/entity/Q544
Site_007,29.78767217,34.93117748,324,638,Petroglyph,https://timna-database.wikibase.cloud/entity/Q544
Site_025,29.79963255,34.94839757,-1500,-1200,Petroglyph,https://timna-database.wikibase.cloud/entity/Q557
Site_025,29.79963255,34.94839757,-1200,-1000,Petroglyph,https://timna-database.wikibase.cloud/entity/Q557
Site_024-A,29.80004221,34.94566589,-37,324,Mining,https://timna-database.wikibase.cloud/entity/Q556
Site_015,29.78575802,34.95787498,-1200,-1000,Pottery_Scatter,https://timna-database.wikibase.cloud/entity/Q512
Site_003,29.77780089,34.95282736,-1500,-1200,Cairn,https://timna-database.wikibase.cloud/entity/Q508
Site_025,29.79963255,34.94839757,-1500,-1200,Mining,https://timna-database.wikibase.cloud/entity/Q557
Site_025,29.79963255,34.94839757,-1200,-1000,Mining,https://timna-database.wikibase.cloud/entity/Q557
Site_012,29.77638548,34.94860148,-1500,-1200,Tumulus,https://timna-database.wikibase.cloud/entity/Q509
Site_012,29.77638548,34.94860148,-1200,-1000,Tumulus,https://timna-database.wikibase.cloud/entity/Q509
Site_254-C,29.77237085,34.94848759,-1500,-1200,Smelting,https://timna-database.wikibase.cloud/entity/Q528
Site_254-C,29.77237085,34.94848759,-1200,-1000,Smelting,https://timna-database.wikibase.cloud/entity/Q528
Site_015,29.78575802,34.95787498,-1200,-1000,Cairn,https://timna-database.wikibase.cloud/entity/Q512
Site_704,29.78458705,34.95402038,-1500,-1200,Stone_Feature,https://timna-database.wikibase.cloud/entity/Q532
Site_713,29.78131159,34.95360453,-1500,-1200,Smelting,https://timna-database.wikibase.cloud/entity/Q533
Site_713,29.78131159,34.95360453,-1200,-1000,Smelting,https://timna-database.wikibase.cloud/entity/Q533
Site_704,29.78458705,34.95402038,-1500,-1200,Slag_Scatter,https://timna-database.wikibase.cloud/entity/Q532
Site_007,29.78767217,34.93117748,-37,324,Stone_Feature,https://timna-database.wikibase.cloud/entity/Q544
Site_007,29.78767217,34.93117748,324,638,Stone_Feature,https://timna-database.wikibase.cloud/entity/Q544
Site_013,29.78434721,34.95599624,-1200,-1000,Stone_Feature,https://timna-database.wikibase.cloud/entity/Q510
Site_024,29.79871623,34.94115967,-1500,-1200,Mining_Shaft,https://timna-database.wikibase.cloud/entity/Q555
Site_024,29.79871623,34.94115967,-1200,-1000,Mining_Shaft,https://timna-database.wikibase.cloud/entity/Q555
Site_014,29.78012541,34.95604803,-1500,-1200,Smelting,https://timna-database.wikibase.cloud/entity/Q511
Site_014,29.78012541,34.95604803,-1200,-1000,Smelting,https://timna-database.wikibase.cloud/entity/Q511
Site_034-H,29.77027287,34.95054029,-1200,-1000,Petroglyph,https://timna-database.wikibase.cloud/entity/Q559
Site_012,29.77638548,34.94860148,-1500,-1200,Pottery_Scatter,https://timna-database.wikibase.cloud/entity/Q509
Site_012,29.77638548,34.94860148,-1200,-1000,Pottery_Scatter,https://timna-database.wikibase.cloud/entity/Q509
Site_015,29.78575802,34.95787498,-1200,-1000,Smelting,https://timna-database.wikibase.cloud/entity/Q512
Site_255,29.78778377,34.95098221,-1500,-1200,Pottery_Scatter,https://timna-database.wikibase.cloud/entity/Q529
Site_255,29.78778377,34.95098221,638,1099,Pottery_Scatter,https://timna-database.wikibase.cloud/entity/Q529
Site_015,29.78575802,34.95787498,-1200,-1000,Workshop,https://timna-database.wikibase.cloud/entity/Q512
Site_012,29.77638548,34.94860148,-1500,-1200,Cairn,https://timna-database.wikibase.cloud/entity/Q509
Site_012,29.77638548,34.94860148,-1200,-1000,Cairn,https://timna-database.wikibase.cloud/entity/Q509
Site_419,29.78701687,34.95567939,-1500,-1200,Smelting,https://timna-database.wikibase.cloud/entity/Q531
Site_013,29.78434721,34.95599624,-1200,-1000,Tumulus,https://timna-database.wikibase.cloud/entity/Q510
Site_015,29.78575802,34.95787498,-1200,-1000,Flint_Scatter,https://timna-database.wikibase.cloud/entity/Q512
Site_024,29.79871623,34.94115967,-1500,-1200,Mining,https://timna-database.wikibase.cloud/entity/Q555
Site_024,29.79871623,34.94115967,-1200,-1000,Mining,https://timna-database.wikibase.cloud/entity/Q555
Site_185,29.77067268,34.96168613,-1500,-1200,Workshop,https://timna-database.wikibase.cloud/entity/Q525
Site_609,29.79019344,34.97115398,-1200,-1000,Burial,https://timna-database.wikibase.cloud/entity/Q828
Site_609,29.79019344,34.97115398,-1000,-586,Burial,https://timna-database.wikibase.cloud/entity/Q828
Site_646-004,29.77926131,34.96195498,1917,2026,Stone_Feature,https://timna-database.wikibase.cloud/entity/Q729
Site_025-002,29.800874,34.948103,-1500,-1200,Petroglyph,https://timna-database.wikibase.cloud/entity/Q1389
Site_025-003,29.800593,34.948009,-1500,-1200,Petroglyph,https://timna-database.wikibase.cloud/entity/NA9
Site_831,29.80741292,34.97525168,-1500,-1200,Stone_Feature,https://timna-database.wikibase.cloud/entity/Q1183
Site_831,29.80741292,34.97525168,-1200,-1000,Stone_Feature,https://timna-database.wikibase.cloud/entity/Q1183
Site_609,29.79019344,34.97115398,-1200,-1000,Stone_Feature,https://timna-database.wikibase.cloud/entity/Q828
Site_609,29.79019344,34.97115398,-1000,-586,Stone_Feature,https://timna-database.wikibase.cloud/entity/Q828
Site_039-C,29.763246,34.993889,-5800,-3600,Flint_Scatter,https://timna-database.wikibase.cloud/entity/Q825
Site_039-C,29.763246,34.993889,-3600,-2000,Flint_Scatter,https://timna-database.wikibase.cloud/entity/Q825
Site_609,29.79019344,34.97115398,-1200,-1000,Tumulus,https://timna-database.wikibase.cloud/entity/Q828
Site_609,29.79019344,34.97115398,-1000,-586,Tumulus,https://timna-database.wikibase.cloud/entity/Q828
Site_875,29.77104,34.958994,-1500,-1200,Burial,https://timna-database.wikibase.cloud/entity/Q1157
Site_875,29.77104,34.958994,-1200,-1000,Burial,https://timna-database.wikibase.cloud/entity/Q1157
Site_878,29.791313,34.931416,-5800,-3600,Mining_Shaft,https://timna-database.wikibase.cloud/entity/Q1160
Site_878,29.791313,34.931416,-3600,-2000,Mining_Shaft,https://timna-database.wikibase.cloud/entity/Q1160
Site_878,29.791313,34.931416,-1500,-1200,Mining_Shaft,https://timna-database.wikibase.cloud/entity/Q1160
Site_878,29.791313,34.931416,-1200,-1000,Mining_Shaft,https://timna-database.wikibase.cloud/entity/Q1160
Site_646-004,29.77926131,34.96195498,1917,2026,Quarrying,https://timna-database.wikibase.cloud/entity/Q729
Site_831,29.80741292,34.97525168,-1500,-1200,Cairn,https://timna-database.wikibase.cloud/entity/Q1183
Site_831,29.80741292,34.97525168,-1200,-1000,Cairn,https://timna-database.wikibase.cloud/entity/Q1183
Site_025-001,29.801096,34.94751,-1200,-1000,Petroglyph,https://timna-database.wikibase.cloud/entity/Q1381
Site_039-C,29.763246,34.993889,-5800,-3600,Slag_Scatter,https://timna-database.wikibase.cloud/entity/Q825
Site_039-C,29.763246,34.993889,-3600,-2000,Slag_Scatter,https://timna-database.wikibase.cloud/entity/Q825
Site_M102,29.79712592,34.97880209,1917,2026,Quarrying,https://timna-database.wikibase.cloud/entity/Q728
Site_609,29.79019344,34.97115398,-1200,-1000,Cairn,https://timna-database.wikibase.cloud/entity/Q828
Site_609,29.79019344,34.97115398,-1000,-586,Cairn,https://timna-database.wikibase.cloud/entity/Q828
Site_611,29.7918248,34.97547335,-1500,-1200,Cairn,https://timna-database.wikibase.cloud/entity/Q609
Site_611,29.7918248,34.97547335,-1200,-1000,Cairn,https://timna-database.wikibase.cloud/entity/Q609
Site_612,29.79177946,34.97533901,-1500,-1200,Cairn,https://timna-database.wikibase.cloud/entity/Q610
Site_612,29.79177946,34.97533901,-1200,-1000,Cairn,https://timna-database.wikibase.cloud/entity/Q610
Site_607,29.79019072,34.96961298,-1500,-1200,Stone_Feature,https://timna-database.wikibase.cloud/entity/Q606
Site_607,29.79019072,34.96961298,-1200,-1000,Stone_Feature,https://timna-database.wikibase.cloud/entity/Q606
Site_608,29.78995762,34.97043057,-1500,-1200,Tumulus,https://timna-database.wikibase.cloud/entity/Q607
Site_608,29.78995762,34.97043057,-1200,-1000,Tumulus,https://timna-database.wikibase.cloud/entity/Q607
Site_605,29.79036937,34.9686197,-1500,-1200,Stone_Feature,https://timna-database.wikibase.cloud/entity/Q604
Site_605,29.79036937,34.9686197,-1200,-1000,Stone_Feature,https://timna-database.wikibase.cloud/entity/Q604
Site_615,29.780078,34.94543801,-1500,-1200,Stone_Feature,https://timna-database.wikibase.cloud/entity/Q613
Site_615,29.780078,34.94543801,-1200,-1000,Stone_Feature,https://timna-database.wikibase.cloud/entity/Q613
Site_607,29.79019072,34.96961298,-1500,-1200,Tumulus,https://timna-database.wikibase.cloud/entity/Q606
Site_607,29.79019072,34.96961298,-1200,-1000,Tumulus,https://timna-database.wikibase.cloud/entity/Q606
Site_603,29.79052018,34.9671921,-1500,-1200,Burial,https://timna-database.wikibase.cloud/entity/Q602
Site_603,29.79052018,34.9671921,-1200,-1000,Burial,https://timna-database.wikibase.cloud/entity/Q602
Site_616,29.78002426,34.94563463,-1500,-1200,Stone_Feature,https://timna-database.wikibase.cloud/entity/Q614
Site_616,29.78002426,34.94563463,-1200,-1000,Stone_Feature,https://timna-database.wikibase.cloud/entity/Q614
Site_605,29.79036937,34.9686197,-1500,-1200,Tumulus,https://timna-database.wikibase.cloud/entity/Q604
Site_605,29.79036937,34.9686197,-1200,-1000,Tumulus,https://timna-database.wikibase.cloud/entity/Q604
Site_615,29.780078,34.94543801,-1500,-1200,Tumulus,https://timna-database.wikibase.cloud/entity/Q613
Site_615,29.780078,34.94543801,-1200,-1000,Tumulus,https://timna-database.wikibase.cloud/entity/Q613
Site_614,29.78037652,34.94586123,-1500,-1200,Cairn,https://timna-database.wikibase.cloud/entity/Q612
Site_614,29.78037652,34.94586123,-1200,-1000,Cairn,https://timna-database.wikibase.cloud/entity/Q612
Site_618,29.77997021,34.94567613,-1500,-1200,Burial,https://timna-database.wikibase.cloud/entity/Q616
Site_618,29.77997021,34.94567613,-1200,-1000,Burial,https://timna-database.wikibase.cloud/entity/Q616
Site_604,29.79044951,34.96803,-1500,-1200,Cairn,https://timna-database.wikibase.cloud/entity/Q603
Site_604,29.79044951,34.96803,-1200,-1000,Cairn,https://timna-database.wikibase.cloud/entity/Q603
Site_617,29.78000617,34.94561399,-1500,-1200,Burial,https://timna-database.wikibase.cloud/entity/Q615
Site_617,29.78000617,34.94561399,-1200,-1000,Burial,https://timna-database.wikibase.cloud/entity/Q615
Site_616,29.78002426,34.94563463,-1500,-1200,Tumulus,https://timna-database.wikibase.cloud/entity/Q614
Site_616,29.78002426,34.94563463,-1200,-1000,Tumulus,https://timna-database.wikibase.cloud/entity/Q614
Site_606,29.79030663,34.96884738,-1500,-1200,Cairn,https://timna-database.wikibase.cloud/entity/Q605
Site_606,29.79030663,34.96884738,-1200,-1000,Cairn,https://timna-database.wikibase.cloud/entity/Q605
Site_611,29.7918248,34.97547335,-1500,-1200,Burial,https://timna-database.wikibase.cloud/entity/Q609
Site_611,29.7918248,34.97547335,-1200,-1000,Burial,https://timna-database.wikibase.cloud/entity/Q609
Site_612,29.79177946,34.97533901,-1500,-1200,Burial,https://timna-database.wikibase.cloud/entity/Q610
Site_612,29.79177946,34.97533901,-1200,-1000,Burial,https://timna-database.wikibase.cloud/entity/Q610
Site_608,29.78995762,34.97043057,-1500,-1200,Cairn,https://timna-database.wikibase.cloud/entity/Q607
Site_608,29.78995762,34.97043057,-1200,-1000,Cairn,https://timna-database.wikibase.cloud/entity/Q607
Site_607,29.79019072,34.96961298,-1500,-1200,Cairn,https://timna-database.wikibase.cloud/entity/Q606
Site_607,29.79019072,34.96961298,-1200,-1000,Cairn,https://timna-database.wikibase.cloud/entity/Q606
Site_618,29.77997021,34.94567613,-1500,-1200,Stone_Feature,https://timna-database.wikibase.cloud/entity/Q616
Site_618,29.77997021,34.94567613,-1200,-1000,Stone_Feature,https://timna-database.wikibase.cloud/entity/Q616
Site_603,29.79052018,34.9671921,-1500,-1200,Tumulus,https://timna-database.wikibase.cloud/entity/Q602
Site_603,29.79052018,34.9671921,-1200,-1000,Tumulus,https://timna-database.wikibase.cloud/entity/Q602
Site_605,29.79036937,34.9686197,-1500,-1200,Cairn,https://timna-database.wikibase.cloud/entity/Q604
Site_605,29.79036937,34.9686197,-1200,-1000,Cairn,https://timna-database.wikibase.cloud/entity/Q604
Site_615,29.780078,34.94543801,-1500,-1200,Cairn,https://timna-database.wikibase.cloud/entity/Q613
Site_615,29.780078,34.94543801,-1200,-1000,Cairn,https://timna-database.wikibase.cloud/entity/Q613
Site_617,29.78000617,34.94561399,-1500,-1200,Stone_Feature,https://timna-database.wikibase.cloud/entity/Q615
Site_617,29.78000617,34.94561399,-1200,-1000,Stone_Feature,https://timna-database.wikibase.cloud/entity/Q615
Site_614,29.78037652,34.94586123,-1500,-1200,Burial,https://timna-database.wikibase.cloud/entity/Q612
Site_614,29.78037652,34.94586123,-1200,-1000,Burial,https://timna-database.wikibase.cloud/entity/Q612
Site_616,29.78002426,34.94563463,-1500,-1200,Cairn,https://timna-database.wikibase.cloud/entity/Q614
Site_616,29.78002426,34.94563463,-1200,-1000,Cairn,https://timna-database.wikibase.cloud/entity/Q614
Site_618,29.77997021,34.94567613,-1500,-1200,Tumulus,https://timna-database.wikibase.cloud/entity/Q616
Site_618,29.77997021,34.94567613,-1200,-1000,Tumulus,https://timna-database.wikibase.cloud/entity/Q616
Site_604,29.79044951,34.96803,-1500,-1200,Burial,https://timna-database.wikibase.cloud/entity/Q603
Site_604,29.79044951,34.96803,-1200,-1000,Burial,https://timna-database.wikibase.cloud/entity/Q603
Site_611,29.7918248,34.97547335,-1500,-1200,Stone_Feature,https://timna-database.wikibase.cloud/entity/Q609
Site_611,29.7918248,34.97547335,-1200,-1000,Stone_Feature,https://timna-database.wikibase.cloud/entity/Q609
Site_617,29.78000617,34.94561399,-1500,-1200,Tumulus,https://timna-database.wikibase.cloud/entity/Q615
Site_617,29.78000617,34.94561399,-1200,-1000,Tumulus,https://timna-database.wikibase.cloud/entity/Q615
Site_612,29.79177946,34.97533901,-1500,-1200,Stone_Feature,https://timna-database.wikibase.cloud/entity/Q610
Site_612,29.79177946,34.97533901,-1200,-1000,Stone_Feature,https://timna-database.wikibase.cloud/entity/Q610
Site_606,29.79030663,34.96884738,-1500,-1200,Burial,https://timna-database.wikibase.cloud/entity/Q605
Site_606,29.79030663,34.96884738,-1200,-1000,Burial,https://timna-database.wikibase.cloud/entity/Q605
Site_611,29.7918248,34.97547335,-1500,-1200,Tumulus,https://timna-database.wikibase.cloud/entity/Q609
Site_611,29.7918248,34.97547335,-1200,-1000,Tumulus,https://timna-database.wikibase.cloud/entity/Q609
Site_612,29.79177946,34.97533901,-1500,-1200,Tumulus,https://timna-database.wikibase.cloud/entity/Q610
Site_612,29.79177946,34.97533901,-1200,-1000,Tumulus,https://timna-database.wikibase.cloud/entity/Q610
Site_608,29.78995762,34.97043057,-1500,-1200,Burial,https://timna-database.wikibase.cloud/entity/Q607
Site_608,29.78995762,34.97043057,-1200,-1000,Burial,https://timna-database.wikibase.cloud/entity/Q607
Site_607,29.79019072,34.96961298,-1500,-1200,Burial,https://timna-database.wikibase.cloud/entity/Q606
Site_607,29.79019072,34.96961298,-1200,-1000,Burial,https://timna-database.wikibase.cloud/entity/Q606
Site_614,29.78037652,34.94586123,-1500,-1200,Stone_Feature,https://timna-database.wikibase.cloud/entity/Q612
Site_614,29.78037652,34.94586123,-1200,-1000,Stone_Feature,https://timna-database.wikibase.cloud/entity/Q612
Site_604,29.79044951,34.96803,-1500,-1200,Stone_Feature,https://timna-database.wikibase.cloud/entity/Q603
Site_604,29.79044951,34.96803,-1200,-1000,Stone_Feature,https://timna-database.wikibase.cloud/entity/Q603
Site_605,29.79036937,34.9686197,-1500,-1200,Burial,https://timna-database.wikibase.cloud/entity/Q604
Site_605,29.79036937,34.9686197,-1200,-1000,Burial,https://timna-database.wikibase.cloud/entity/Q604
Site_615,29.780078,34.94543801,-1500,-1200,Burial,https://timna-database.wikibase.cloud/entity/Q613
Site_615,29.780078,34.94543801,-1200,-1000,Burial,https://timna-database.wikibase.cloud/entity/Q613
Site_618,29.77997021,34.94567613,-1500,-1200,Cairn,https://timna-database.wikibase.cloud/entity/Q616
Site_618,29.77997021,34.94567613,-1200,-1000,Cairn,https://timna-database.wikibase.cloud/entity/Q616
Site_606,29.79030663,34.96884738,-1500,-1200,Stone_Feature,https://timna-database.wikibase.cloud/entity/Q605
Site_606,29.79030663,34.96884738,-1200,-1000,Stone_Feature,https://timna-database.wikibase.cloud/entity/Q605
Site_617,29.78000617,34.94561399,-1500,-1200,Cairn,https://timna-database.wikibase.cloud/entity/Q615
Site_617,29.78000617,34.94561399,-1200,-1000,Cairn,https://timna-database.wikibase.cloud/entity/Q615
Site_614,29.78037652,34.94586123,-1500,-1200,Tumulus,https://timna-database.wikibase.cloud/entity/Q612
Site_614,29.78037652,34.94586123,-1200,-1000,Tumulus,https://timna-database.wikibase.cloud/entity/Q612
Site_616,29.78002426,34.94563463,-1500,-1200,Burial,https://timna-database.wikibase.cloud/entity/Q614
Site_616,29.78002426,34.94563463,-1200,-1000,Burial,https://timna-database.wikibase.cloud/entity/Q614
Site_604,29.79044951,34.96803,-1500,-1200,Tumulus,https://timna-database.wikibase.cloud/entity/Q603
Site_604,29.79044951,34.96803,-1200,-1000,Tumulus,https://timna-database.wikibase.cloud/entity/Q603
Site_608,29.78995762,34.97043057,-1500,-1200,Stone_Feature,https://timna-database.wikibase.cloud/entity/Q607
Site_608,29.78995762,34.97043057,-1200,-1000,Stone_Feature,https://timna-database.wikibase.cloud/entity/Q607
Site_606,29.79030663,34.96884738,-1500,-1200,Tumulus,https://timna-database.wikibase.cloud/entity/Q605
Site_606,29.79030663,34.96884738,-1200,-1000,Tumulus,https://timna-database.wikibase.cloud/entity/Q605
Site_254-A,29.77237819,34.94761897,-1500,-1200,Pottery_Scatter,https://timna-database.wikibase.cloud/entity/Q596
Site_211,29.79238264,34.93187832,-1500,-1200,Stone_Feature,https://timna-database.wikibase.cloud/entity/Q590
Site_211,29.79238264,34.93187832,-1200,-1000,Stone_Feature,https://timna-database.wikibase.cloud/entity/Q590
Site_088,29.80056379,34.96391026,-1500,-1200,Mining_Shaft,https://timna-database.wikibase.cloud/entity/Q572
Site_088,29.80056379,34.96391026,-1200,-1000,Mining_Shaft,https://timna-database.wikibase.cloud/entity/Q572
Site_602,29.79073602,34.96681927,-1500,-1200,Stone_Feature,https://timna-database.wikibase.cloud/entity/Q601
Site_602,29.79073602,34.96681927,-1200,-1000,Stone_Feature,https://timna-database.wikibase.cloud/entity/Q601
Site_601,29.79097873,34.96634295,-1500,-1200,Tumulus,https://timna-database.wikibase.cloud/entity/Q600
Site_601,29.79097873,34.96634295,-1200,-1000,Tumulus,https://timna-database.wikibase.cloud/entity/Q600
Site_198,29.77010098,34.95985728,-1500,-1200,Pottery_Scatter,https://timna-database.wikibase.cloud/entity/Q586
Site_198,29.77010098,34.95985728,-1200,-1000,Pottery_Scatter,https://timna-database.wikibase.cloud/entity/Q586
Site_088,29.80056379,34.96391026,-1500,-1200,Mining,https://timna-database.wikibase.cloud/entity/Q572
Site_088,29.80056379,34.96391026,-1200,-1000,Mining,https://timna-database.wikibase.cloud/entity/Q572
Site_603,29.79052018,34.9671921,-1500,-1200,Cairn,https://timna-database.wikibase.cloud/entity/Q602
Site_603,29.79052018,34.9671921,-1200,-1000,Cairn,https://timna-database.wikibase.cloud/entity/Q602
Site_602,29.79073602,34.96681927,-1500,-1200,Tumulus,https://timna-database.wikibase.cloud/entity/Q601
Site_602,29.79073602,34.96681927,-1200,-1000,Tumulus,https://timna-database.wikibase.cloud/entity/Q601
Site_198,29.77010098,34.95985728,-1500,-1200,Cultic,https://timna-database.wikibase.cloud/entity/Q586
Site_198,29.77010098,34.95985728,-1200,-1000,Cultic,https://timna-database.wikibase.cloud/entity/Q586
Site_117,29.77975737,34.93398075,-5800,-3600,Mining_Field_Placer,https://timna-database.wikibase.cloud/entity/Q577
Site_117,29.77975737,34.93398075,-3600,-2000,Mining_Field_Placer,https://timna-database.wikibase.cloud/entity/Q577
Site_195,29.76944444,34.95922222,-1500,-1200,Stone_Feature,https://timna-database.wikibase.cloud/entity/Q583
Site_195,29.76944444,34.95922222,-1200,-1000,Stone_Feature,https://timna-database.wikibase.cloud/entity/Q583
Site_254-A,29.77237819,34.94761897,-1500,-1200,Workshop,https://timna-database.wikibase.cloud/entity/Q596
Site_140,29.78308272,34.94121092,-5800,-3600,Mining_Field_Placer,https://timna-database.wikibase.cloud/entity/Q578
Site_753,29.75126095,34.94368221,-1500,-1200,Mining,https://timna-database.wikibase.cloud/entity/Q696
Site_753,29.75126095,34.94368221,-1200,-1000,Mining,https://timna-database.wikibase.cloud/entity/Q696
Site_642,29.77071345,34.95450986,-1500,-1200,Burial,https://timna-database.wikibase.cloud/entity/Q641
Site_642,29.77071345,34.95450986,-1200,-1000,Burial,https://timna-database.wikibase.cloud/entity/Q641
Site_637,29.77033438,34.95441774,-1500,-1200,Stone_Feature,https://timna-database.wikibase.cloud/entity/Q635
Site_637,29.77033438,34.95441774,-1200,-1000,Stone_Feature,https://timna-database.wikibase.cloud/entity/Q635
Site_722,29.79424308,34.93732389,-1500,-1200,Stone_Feature,https://timna-database.wikibase.cloud/entity/Q666
Site_722,29.79424308,34.93732389,-1200,-1000,Stone_Feature,https://timna-database.wikibase.cloud/entity/Q666
Site_637,29.77033438,34.95441774,-1500,-1200,Tumulus,https://timna-database.wikibase.cloud/entity/Q635
Site_637,29.77033438,34.95441774,-1200,-1000,Tumulus,https://timna-database.wikibase.cloud/entity/Q635
Site_642,29.77071345,34.95450986,-1500,-1200,Stone_Feature,https://timna-database.wikibase.cloud/entity/Q641
Site_642,29.77071345,34.95450986,-1200,-1000,Stone_Feature,https://timna-database.wikibase.cloud/entity/Q641
Site_724,29.79536881,34.9363797,-1500,-1200,Mining_Field,https://timna-database.wikibase.cloud/entity/Q668
Site_724,29.79536881,34.9363797,-1200,-1000,Mining_Field,https://timna-database.wikibase.cloud/entity/Q668
Site_642,29.77071345,34.95450986,-1500,-1200,Tumulus,https://timna-database.wikibase.cloud/entity/Q641
Site_642,29.77071345,34.95450986,-1200,-1000,Tumulus,https://timna-database.wikibase.cloud/entity/Q641
Site_724,29.79536881,34.9363797,-1500,-1200,Mining_Shaft,https://timna-database.wikibase.cloud/entity/Q668
Site_724,29.79536881,34.9363797,-1200,-1000,Mining_Shaft,https://timna-database.wikibase.cloud/entity/Q668
Site_724,29.79536881,34.9363797,-1500,-1200,Mining,https://timna-database.wikibase.cloud/entity/Q668
Site_724,29.79536881,34.9363797,-1200,-1000,Mining,https://timna-database.wikibase.cloud/entity/Q668
Site_637,29.77033438,34.95441774,-1500,-1200,Cairn,https://timna-database.wikibase.cloud/entity/Q635
Site_637,29.77033438,34.95441774,-1200,-1000,Cairn,https://timna-database.wikibase.cloud/entity/Q635
Site_723,29.7919699,34.92860087,-1500,-1200,Mining_Field,https://timna-database.wikibase.cloud/entity/Q667
Site_723,29.7919699,34.92860087,-1200,-1000,Mining_Field,https://timna-database.wikibase.cloud/entity/Q667
Site_723,29.7919699,34.92860087,-1500,-1200,Mining_Shaft,https://timna-database.wikibase.cloud/entity/Q667
Site_723,29.7919699,34.92860087,-1200,-1000,Mining_Shaft,https://timna-database.wikibase.cloud/entity/Q667
Site_724,29.79536881,34.9363797,-1500,-1200,Stone_Feature,https://timna-database.wikibase.cloud/entity/Q668
Site_724,29.79536881,34.9363797,-1200,-1000,Stone_Feature,https://timna-database.wikibase.cloud/entity/Q668
Site_642,29.77071345,34.95450986,-1500,-1200,Cairn,https://timna-database.wikibase.cloud/entity/Q641
Site_642,29.77071345,34.95450986,-1200,-1000,Cairn,https://timna-database.wikibase.cloud/entity/Q641
Site_707,29.76780556,34.95794444,-1500,-1200,Burial,https://timna-database.wikibase.cloud/entity/Q653
Site_707,29.76780556,34.95794444,-1200,-1000,Burial,https://timna-database.wikibase.cloud/entity/Q653
Site_723,29.7919699,34.92860087,-1500,-1200,Mining,https://timna-database.wikibase.cloud/entity/Q667
Site_723,29.7919699,34.92860087,-1200,-1000,Mining,https://timna-database.wikibase.cloud/entity/Q667
Site_707,29.76780556,34.95794444,-1500,-1200,Unknown,https://timna-database.wikibase.cloud/entity/Q653
Site_707,29.76780556,34.95794444,-1200,-1000,Unknown,https://timna-database.wikibase.cloud/entity/Q653
Site_722,29.79424308,34.93732389,-1500,-1200,Mining_Field,https://timna-database.wikibase.cloud/entity/Q666
Site_722,29.79424308,34.93732389,-1200,-1000,Mining_Field,https://timna-database.wikibase.cloud/entity/Q666
Site_753,29.75126095,34.94368221,-1500,-1200,Mining_Field,https://timna-database.wikibase.cloud/entity/Q696
Site_753,29.75126095,34.94368221,-1200,-1000,Mining_Field,https://timna-database.wikibase.cloud/entity/Q696
Site_723,29.7919699,34.92860087,-1500,-1200,Stone_Feature,https://timna-database.wikibase.cloud/entity/Q667
Site_723,29.7919699,34.92860087,-1200,-1000,Stone_Feature,https://timna-database.wikibase.cloud/entity/Q667
Site_637,29.77033438,34.95441774,-1500,-1200,Burial,https://timna-database.wikibase.cloud/entity/Q635
Site_637,29.77033438,34.95441774,-1200,-1000,Burial,https://timna-database.wikibase.cloud/entity/Q635
Site_722,29.79424308,34.93732389,-1500,-1200,Mining_Shaft,https://timna-database.wikibase.cloud/entity/Q666
Site_722,29.79424308,34.93732389,-1200,-1000,Mining_Shaft,https://timna-database.wikibase.cloud/entity/Q666
Site_753,29.75126095,34.94368221,-1500,-1200,Mining_Shaft,https://timna-database.wikibase.cloud/entity/Q696
Site_753,29.75126095,34.94368221,-1200,-1000,Mining_Shaft,https://timna-database.wikibase.cloud/entity/Q696
Site_707,29.76780556,34.95794444,-1500,-1200,Stone_Feature,https://timna-database.wikibase.cloud/entity/Q653
Site_707,29.76780556,34.95794444,-1200,-1000,Stone_Feature,https://timna-database.wikibase.cloud/entity/Q653
Site_722,29.79424308,34.93732389,-1500,-1200,Mining,https://timna-database.wikibase.cloud/entity/Q666
Site_722,29.79424308,34.93732389,-1200,-1000,Mining,https://timna-database.wikibase.cloud/entity/Q666
Site_412,29.79160198,34.99910639,-5800,-3600,Stone_Feature,https://timna-database.wikibase.cloud/entity/Q598
Site_412,29.79160198,34.99910639,-3600,-2000,Stone_Feature,https://timna-database.wikibase.cloud/entity/Q598
Site_601,29.79097873,34.96634295,-1500,-1200,Cairn,https://timna-database.wikibase.cloud/entity/Q600
Site_601,29.79097873,34.96634295,-1200,-1000,Cairn,https://timna-database.wikibase.cloud/entity/Q600
Site_254-B,29.77238889,34.948,-1500,-1200,Stone_Feature,https://timna-database.wikibase.cloud/entity/Q597
Site_602,29.79073602,34.96681927,-1500,-1200,Cairn,https://timna-database.wikibase.cloud/entity/Q601
Site_602,29.79073602,34.96681927,-1200,-1000,Cairn,https://timna-database.wikibase.cloud/entity/Q601
Site_117,29.77975737,34.93398075,-5800,-3600,Mining_Field,https://timna-database.wikibase.cloud/entity/Q577
Site_117,29.77975737,34.93398075,-3600,-2000,Mining_Field,https://timna-database.wikibase.cloud/entity/Q577
Site_253,29.79341438,34.94704816,-37,324,Petroglyph,https://timna-database.wikibase.cloud/entity/Q595
Site_253,29.79341438,34.94704816,324,638,Petroglyph,https://timna-database.wikibase.cloud/entity/Q595
Site_212,29.79148266,34.932915,-5800,-3600,Mining_Field,https://timna-database.wikibase.cloud/entity/Q591
Site_212,29.79148266,34.932915,-3600,-2000,Mining_Field,https://timna-database.wikibase.cloud/entity/Q591
Site_212,29.79148266,34.932915,-1500,-1200,Mining_Field,https://timna-database.wikibase.cloud/entity/Q591
Site_212,29.79148266,34.932915,-1200,-1000,Mining_Field,https://timna-database.wikibase.cloud/entity/Q591
Site_117,29.77975737,34.93398075,-5800,-3600,Mining,https://timna-database.wikibase.cloud/entity/Q577
Site_117,29.77975737,34.93398075,-3600,-2000,Mining,https://timna-database.wikibase.cloud/entity/Q577
Site_194,29.76958333,34.95963889,-1500,-1200,Stone_Feature,https://timna-database.wikibase.cloud/entity/Q582
Site_194,29.76958333,34.95963889,-1200,-1000,Stone_Feature,https://timna-database.wikibase.cloud/entity/Q582
Site_088,29.80056379,34.96391026,-1500,-1200,Pottery_Scatter,https://timna-database.wikibase.cloud/entity/Q572
Site_088,29.80056379,34.96391026,-1200,-1000,Pottery_Scatter,https://timna-database.wikibase.cloud/entity/Q572
Site_140,29.78308272,34.94121092,-5800,-3600,Mining_Field,https://timna-database.wikibase.cloud/entity/Q578
Site_254-A,29.77237819,34.94761897,-1500,-1200,Stone_Feature,https://timna-database.wikibase.cloud/entity/Q596
Site_199,29.771,34.95955556,-1500,-1200,Burial,https://timna-database.wikibase.cloud/entity/Q587
Site_199,29.771,34.95955556,-1200,-1000,Burial,https://timna-database.wikibase.cloud/entity/Q587
Site_210,29.79328688,34.93291013,-1500,-1200,Mining_Field,https://timna-database.wikibase.cloud/entity/Q589
Site_210,29.79328688,34.93291013,-1200,-1000,Mining_Field,https://timna-database.wikibase.cloud/entity/Q589
Site_211,29.79238264,34.93187832,-1500,-1200,Mining_Field,https://timna-database.wikibase.cloud/entity/Q590
Site_211,29.79238264,34.93187832,-1200,-1000,Mining_Field,https://timna-database.wikibase.cloud/entity/Q590
Site_212,29.79148266,34.932915,-5800,-3600,Mining,https://timna-database.wikibase.cloud/entity/Q591
Site_212,29.79148266,34.932915,-3600,-2000,Mining,https://timna-database.wikibase.cloud/entity/Q591
Site_212,29.79148266,34.932915,-1500,-1200,Mining,https://timna-database.wikibase.cloud/entity/Q591
Site_212,29.79148266,34.932915,-1200,-1000,Mining,https://timna-database.wikibase.cloud/entity/Q591
Site_199,29.771,34.95955556,-1500,-1200,Unknown,https://timna-database.wikibase.cloud/entity/Q587
Site_199,29.771,34.95955556,-1200,-1000,Unknown,https://timna-database.wikibase.cloud/entity/Q587
Site_210,29.79328688,34.93291013,-1500,-1200,Mining_Shaft,https://timna-database.wikibase.cloud/entity/Q589
Site_210,29.79328688,34.93291013,-1200,-1000,Mining_Shaft,https://timna-database.wikibase.cloud/entity/Q589
Site_603,29.79052018,34.9671921,-1500,-1200,Stone_Feature,https://timna-database.wikibase.cloud/entity/Q602
Site_603,29.79052018,34.9671921,-1200,-1000,Stone_Feature,https://timna-database.wikibase.cloud/entity/Q602
Site_601,29.79097873,34.96634295,-1500,-1200,Burial,https://timna-database.wikibase.cloud/entity/Q600
Site_601,29.79097873,34.96634295,-1200,-1000,Burial,https://timna-database.wikibase.cloud/entity/Q600
Site_198,29.77010098,34.95985728,-1500,-1200,Stone_Feature,https://timna-database.wikibase.cloud/entity/Q586
Site_198,29.77010098,34.95985728,-1200,-1000,Stone_Feature,https://timna-database.wikibase.cloud/entity/Q586
Site_253,29.79341438,34.94704816,-37,324,Stone_Feature,https://timna-database.wikibase.cloud/entity/Q595
Site_253,29.79341438,34.94704816,324,638,Stone_Feature,https://timna-database.wikibase.cloud/entity/Q595
Site_602,29.79073602,34.96681927,-1500,-1200,Burial,https://timna-database.wikibase.cloud/entity/Q601
Site_602,29.79073602,34.96681927,-1200,-1000,Burial,https://timna-database.wikibase.cloud/entity/Q601
Site_412,29.79160198,34.99910639,-5800,-3600,Cultic,https://timna-database.wikibase.cloud/entity/Q598
Site_412,29.79160198,34.99910639,-3600,-2000,Cultic,https://timna-database.wikibase.cloud/entity/Q598
Site_117,29.77975737,34.93398075,-5800,-3600,Stone_Feature,https://timna-database.wikibase.cloud/entity/Q577
Site_117,29.77975737,34.93398075,-3600,-2000,Stone_Feature,https://timna-database.wikibase.cloud/entity/Q577
Site_140,29.78308272,34.94121092,-5800,-3600,Mining,https://timna-database.wikibase.cloud/entity/Q578
Site_210,29.79328688,34.93291013,-1500,-1200,Mining,https://timna-database.wikibase.cloud/entity/Q589
Site_210,29.79328688,34.93291013,-1200,-1000,Mining,https://timna-database.wikibase.cloud/entity/Q589
Site_211,29.79238264,34.93187832,-1500,-1200,Mining,https://timna-database.wikibase.cloud/entity/Q590
Site_211,29.79238264,34.93187832,-1200,-1000,Mining,https://timna-database.wikibase.cloud/entity/Q590
Site_212,29.79148266,34.932915,-5800,-3600,Stone_Feature,https://timna-database.wikibase.cloud/entity/Q591
Site_212,29.79148266,34.932915,-3600,-2000,Stone_Feature,https://timna-database.wikibase.cloud/entity/Q591
Site_212,29.79148266,34.932915,-1500,-1200,Stone_Feature,https://timna-database.wikibase.cloud/entity/Q591
Site_212,29.79148266,34.932915,-1200,-1000,Stone_Feature,https://timna-database.wikibase.cloud/entity/Q591
Site_088,29.80056379,34.96391026,-1500,-1200,Mining_Field,https://timna-database.wikibase.cloud/entity/Q572
Site_088,29.80056379,34.96391026,-1200,-1000,Mining_Field,https://timna-database.wikibase.cloud/entity/Q572
Site_601,29.79097873,34.96634295,-1500,-1200,Stone_Feature,https://timna-database.wikibase.cloud/entity/Q600
Site_601,29.79097873,34.96634295,-1200,-1000,Stone_Feature,https://timna-database.wikibase.cloud/entity/Q600
Site_140,29.78308272,34.94121092,-5800,-3600,Stone_Feature,https://timna-database.wikibase.cloud/entity/Q578
Site_088,29.80056379,34.96391026,-1500,-1200,Flint_Scatter,https://timna-database.wikibase.cloud/entity/Q572
Site_088,29.80056379,34.96391026,-1200,-1000,Flint_Scatter,https://timna-database.wikibase.cloud/entity/Q572
Site_210,29.79328688,34.93291013,-1500,-1200,Stone_Feature,https://timna-database.wikibase.cloud/entity/Q589
Site_210,29.79328688,34.93291013,-1200,-1000,Stone_Feature,https://timna-database.wikibase.cloud/entity/Q589
Site_628,29.78135856,34.94986083,-1500,-1200,Tumulus,https://timna-database.wikibase.cloud/entity/Q626
Site_628,29.78135856,34.94986083,-1200,-1000,Tumulus,https://timna-database.wikibase.cloud/entity/Q626
Site_624,29.78056778,34.94679146,-1500,-1200,Stone_Feature,https://timna-database.wikibase.cloud/entity/Q622
Site_624,29.78056778,34.94679146,-1200,-1000,Stone_Feature,https://timna-database.wikibase.cloud/entity/Q622
Site_702,29.80018158,34.94774454,-5800,-3600,Mining,https://timna-database.wikibase.cloud/entity/Q650
Site_702,29.80018158,34.94774454,-3600,-2000,Mining,https://timna-database.wikibase.cloud/entity/Q650
Site_630,29.78329273,34.95175879,-1500,-1200,Tumulus,https://timna-database.wikibase.cloud/entity/Q628
Site_630,29.78329273,34.95175879,-1200,-1000,Tumulus,https://timna-database.wikibase.cloud/entity/Q628
Site_629,29.78146664,34.94976748,-1500,-1200,Tumulus,https://timna-database.wikibase.cloud/entity/Q627
Site_629,29.78146664,34.94976748,-1200,-1000,Tumulus,https://timna-database.wikibase.cloud/entity/Q627
Site_632,29.78333988,34.9528342,-1500,-1200,Burial,https://timna-database.wikibase.cloud/entity/Q630
Site_632,29.78333988,34.9528342,-1200,-1000,Burial,https://timna-database.wikibase.cloud/entity/Q630
Site_626,29.78113074,34.94867215,-1500,-1200,Burial,https://timna-database.wikibase.cloud/entity/Q624
Site_626,29.78113074,34.94867215,-1200,-1000,Burial,https://timna-database.wikibase.cloud/entity/Q624
Site_624,29.78056778,34.94679146,-1500,-1200,Tumulus,https://timna-database.wikibase.cloud/entity/Q622
Site_624,29.78056778,34.94679146,-1200,-1000,Tumulus,https://timna-database.wikibase.cloud/entity/Q622
Site_643,29.79421249,34.96367721,-1500,-1200,Cairn,https://timna-database.wikibase.cloud/entity/Q642
Site_643,29.79421249,34.96367721,-1200,-1000,Cairn,https://timna-database.wikibase.cloud/entity/Q642
Site_627,29.78118675,34.9496441,-1500,-1200,Cairn,https://timna-database.wikibase.cloud/entity/Q625
Site_627,29.78118675,34.9496441,-1200,-1000,Cairn,https://timna-database.wikibase.cloud/entity/Q625
Site_702,29.80018158,34.94774454,-5800,-3600,Stone_Feature,https://timna-database.wikibase.cloud/entity/Q650
Site_702,29.80018158,34.94774454,-3600,-2000,Stone_Feature,https://timna-database.wikibase.cloud/entity/Q650
Site_631,29.78326712,34.95252413,-1500,-1200,Burial,https://timna-database.wikibase.cloud/entity/Q629
Site_631,29.78326712,34.95252413,-1200,-1000,Burial,https://timna-database.wikibase.cloud/entity/Q629
Site_625,29.78050729,34.94815667,-1500,-1200,Cairn,https://timna-database.wikibase.cloud/entity/Q623
Site_625,29.78050729,34.94815667,-1200,-1000,Cairn,https://timna-database.wikibase.cloud/entity/Q623
Site_718,29.79673884,34.93579685,-1500,-1200,Stone_Feature,https://timna-database.wikibase.cloud/entity/Q662
Site_718,29.79673884,34.93579685,-1200,-1000,Stone_Feature,https://timna-database.wikibase.cloud/entity/Q662
Site_623,29.78042336,34.94675046,-1500,-1200,Burial,https://timna-database.wikibase.cloud/entity/Q621
Site_623,29.78042336,34.94675046,-1200,-1000,Burial,https://timna-database.wikibase.cloud/entity/Q621
Site_628,29.78135856,34.94986083,-1500,-1200,Cairn,https://timna-database.wikibase.cloud/entity/Q626
Site_628,29.78135856,34.94986083,-1200,-1000,Cairn,https://timna-database.wikibase.cloud/entity/Q626
Site_632,29.78333988,34.9528342,-1500,-1200,Stone_Feature,https://timna-database.wikibase.cloud/entity/Q630
Site_632,29.78333988,34.9528342,-1200,-1000,Stone_Feature,https://timna-database.wikibase.cloud/entity/Q630
Site_630,29.78329273,34.95175879,-1500,-1200,Cairn,https://timna-database.wikibase.cloud/entity/Q628
Site_630,29.78329273,34.95175879,-1200,-1000,Cairn,https://timna-database.wikibase.cloud/entity/Q628
Site_626,29.78113074,34.94867215,-1500,-1200,Stone_Feature,https://timna-database.wikibase.cloud/entity/Q624
Site_626,29.78113074,34.94867215,-1200,-1000,Stone_Feature,https://timna-database.wikibase.cloud/entity/Q624
Site_629,29.78146664,34.94976748,-1500,-1200,Cairn,https://timna-database.wikibase.cloud/entity/Q627
Site_629,29.78146664,34.94976748,-1200,-1000,Cairn,https://timna-database.wikibase.cloud/entity/Q627
Site_624,29.78056778,34.94679146,-1500,-1200,Cairn,https://timna-database.wikibase.cloud/entity/Q622
Site_624,29.78056778,34.94679146,-1200,-1000,Cairn,https://timna-database.wikibase.cloud/entity/Q622
Site_631,29.78326712,34.95252413,-1500,-1200,Stone_Feature,https://timna-database.wikibase.cloud/entity/Q629
Site_631,29.78326712,34.95252413,-1200,-1000,Stone_Feature,https://timna-database.wikibase.cloud/entity/Q629
Site_632,29.78333988,34.9528342,-1500,-1200,Tumulus,https://timna-database.wikibase.cloud/entity/Q630
Site_632,29.78333988,34.9528342,-1200,-1000,Tumulus,https://timna-database.wikibase.cloud/entity/Q630
Site_626,29.78113074,34.94867215,-1500,-1200,Tumulus,https://timna-database.wikibase.cloud/entity/Q624
Site_626,29.78113074,34.94867215,-1200,-1000,Tumulus,https://timna-database.wikibase.cloud/entity/Q624
Site_643,29.79421249,34.96367721,-1500,-1200,Burial,https://timna-database.wikibase.cloud/entity/Q642
Site_643,29.79421249,34.96367721,-1200,-1000,Burial,https://timna-database.wikibase.cloud/entity/Q642
Site_627,29.78118675,34.9496441,-1500,-1200,Burial,https://timna-database.wikibase.cloud/entity/Q625
Site_627,29.78118675,34.9496441,-1200,-1000,Burial,https://timna-database.wikibase.cloud/entity/Q625
Site_631,29.78326712,34.95252413,-1500,-1200,Tumulus,https://timna-database.wikibase.cloud/entity/Q629
Site_631,29.78326712,34.95252413,-1200,-1000,Tumulus,https://timna-database.wikibase.cloud/entity/Q629
Site_625,29.78050729,34.94815667,-1500,-1200,Burial,https://timna-database.wikibase.cloud/entity/Q623
Site_625,29.78050729,34.94815667,-1200,-1000,Burial,https://timna-database.wikibase.cloud/entity/Q623
Site_623,29.78042336,34.94675046,-1500,-1200,Tumulus,https://timna-database.wikibase.cloud/entity/Q621
Site_623,29.78042336,34.94675046,-1200,-1000,Tumulus,https://timna-database.wikibase.cloud/entity/Q621
Site_628,29.78135856,34.94986083,-1500,-1200,Burial,https://timna-database.wikibase.cloud/entity/Q626
Site_628,29.78135856,34.94986083,-1200,-1000,Burial,https://timna-database.wikibase.cloud/entity/Q626
Site_630,29.78329273,34.95175879,-1500,-1200,Burial,https://timna-database.wikibase.cloud/entity/Q628
Site_630,29.78329273,34.95175879,-1200,-1000,Burial,https://timna-database.wikibase.cloud/entity/Q628
Site_629,29.78146664,34.94976748,-1500,-1200,Burial,https://timna-database.wikibase.cloud/entity/Q627
Site_629,29.78146664,34.94976748,-1200,-1000,Burial,https://timna-database.wikibase.cloud/entity/Q627
Site_632,29.78333988,34.9528342,-1500,-1200,Cairn,https://timna-database.wikibase.cloud/entity/Q630
Site_632,29.78333988,34.9528342,-1200,-1000,Cairn,https://timna-database.wikibase.cloud/entity/Q630
Site_626,29.78113074,34.94867215,-1500,-1200,Cairn,https://timna-database.wikibase.cloud/entity/Q624
Site_626,29.78113074,34.94867215,-1200,-1000,Cairn,https://timna-database.wikibase.cloud/entity/Q624
Site_624,29.78056778,34.94679146,-1500,-1200,Burial,https://timna-database.wikibase.cloud/entity/Q622
Site_624,29.78056778,34.94679146,-1200,-1000,Burial,https://timna-database.wikibase.cloud/entity/Q622
Site_643,29.79421249,34.96367721,-1500,-1200,Stone_Feature,https://timna-database.wikibase.cloud/entity/Q642
Site_643,29.79421249,34.96367721,-1200,-1000,Stone_Feature,https://timna-database.wikibase.cloud/entity/Q642
Site_627,29.78118675,34.9496441,-1500,-1200,Stone_Feature,https://timna-database.wikibase.cloud/entity/Q625
Site_627,29.78118675,34.9496441,-1200,-1000,Stone_Feature,https://timna-database.wikibase.cloud/entity/Q625
Site_625,29.78050729,34.94815667,-1500,-1200,Stone_Feature,https://timna-database.wikibase.cloud/entity/Q623
Site_625,29.78050729,34.94815667,-1200,-1000,Stone_Feature,https://timna-database.wikibase.cloud/entity/Q623
Site_631,29.78326712,34.95252413,-1500,-1200,Cairn,https://timna-database.wikibase.cloud/entity/Q629
Site_631,29.78326712,34.95252413,-1200,-1000,Cairn,https://timna-database.wikibase.cloud/entity/Q629
Site_643,29.79421249,34.96367721,-1500,-1200,Tumulus,https://timna-database.wikibase.cloud/entity/Q642
Site_643,29.79421249,34.96367721,-1200,-1000,Tumulus,https://timna-database.wikibase.cloud/entity/Q642
Site_627,29.78118675,34.9496441,-1500,-1200,Tumulus,https://timna-database.wikibase.cloud/entity/Q625
Site_627,29.78118675,34.9496441,-1200,-1000,Tumulus,https://timna-database.wikibase.cloud/entity/Q625
Site_628,29.78135856,34.94986083,-1500,-1200,Stone_Feature,https://timna-database.wikibase.cloud/entity/Q626
Site_628,29.78135856,34.94986083,-1200,-1000,Stone_Feature,https://timna-database.wikibase.cloud/entity/Q626
Site_625,29.78050729,34.94815667,-1500,-1200,Tumulus,https://timna-database.wikibase.cloud/entity/Q623
Site_625,29.78050729,34.94815667,-1200,-1000,Tumulus,https://timna-database.wikibase.cloud/entity/Q623
Site_702,29.80018158,34.94774454,-5800,-3600,Mining_Shaft,https://timna-database.wikibase.cloud/entity/Q650
Site_702,29.80018158,34.94774454,-3600,-2000,Mining_Shaft,https://timna-database.wikibase.cloud/entity/Q650
Site_630,29.78329273,34.95175879,-1500,-1200,Stone_Feature,https://timna-database.wikibase.cloud/entity/Q628
Site_630,29.78329273,34.95175879,-1200,-1000,Stone_Feature,https://timna-database.wikibase.cloud/entity/Q628
Site_629,29.78146664,34.94976748,-1500,-1200,Stone_Feature,https://timna-database.wikibase.cloud/entity/Q627
Site_629,29.78146664,34.94976748,-1200,-1000,Stone_Feature,https://timna-database.wikibase.cloud/entity/Q627
Site_613,29.79179736,34.97525622,-1500,-1200,Tumulus,https://timna-database.wikibase.cloud/entity/Q611
Site_613,29.79179736,34.97525622,-1200,-1000,Tumulus,https://timna-database.wikibase.cloud/entity/Q611
Site_620,29.78002539,34.94621374,-1500,-1200,Tumulus,https://timna-database.wikibase.cloud/entity/Q618
Site_620,29.78002539,34.94621374,-1200,-1000,Tumulus,https://timna-database.wikibase.cloud/entity/Q618
Site_622,29.78026966,34.94657506,-1500,-1200,Tumulus,https://timna-database.wikibase.cloud/entity/Q620
Site_622,29.78026966,34.94657506,-1200,-1000,Tumulus,https://timna-database.wikibase.cloud/entity/Q620
Site_636,29.78284425,34.95311466,-1500,-1200,Cairn,https://timna-database.wikibase.cloud/entity/Q634
Site_636,29.78284425,34.95311466,-1200,-1000,Cairn,https://timna-database.wikibase.cloud/entity/Q634
Site_639,29.77246389,34.95469164,-1500,-1200,Stone_Feature,https://timna-database.wikibase.cloud/entity/Q637
Site_639,29.77246389,34.95469164,-1200,-1000,Stone_Feature,https://timna-database.wikibase.cloud/entity/Q637
Site_634,29.78350348,34.95347497,-1500,-1200,Cairn,https://timna-database.wikibase.cloud/entity/Q632
Site_634,29.78350348,34.95347497,-1200,-1000,Cairn,https://timna-database.wikibase.cloud/entity/Q632
Site_633,29.78366664,34.96359903,-1500,-1200,Burial,https://timna-database.wikibase.cloud/entity/Q631
Site_633,29.78366664,34.96359903,-1200,-1000,Burial,https://timna-database.wikibase.cloud/entity/Q631
Site_641,29.77203789,34.95362763,-1500,-1200,Cairn,https://timna-database.wikibase.cloud/entity/Q639
Site_641,29.77203789,34.95362763,-1200,-1000,Cairn,https://timna-database.wikibase.cloud/entity/Q639
Site_638,29.77203953,34.95449623,-1500,-1200,Burial,https://timna-database.wikibase.cloud/entity/Q636
Site_638,29.77203953,34.95449623,-1200,-1000,Burial,https://timna-database.wikibase.cloud/entity/Q636
Site_621,29.78011564,34.94623419,-1500,-1200,Stone_Feature,https://timna-database.wikibase.cloud/entity/Q619
Site_621,29.78011564,34.94623419,-1200,-1000,Stone_Feature,https://timna-database.wikibase.cloud/entity/Q619
Site_619,29.78001582,34.94593455,-1500,-1200,Burial,https://timna-database.wikibase.cloud/entity/Q617
Site_619,29.78001582,34.94593455,-1200,-1000,Burial,https://timna-database.wikibase.cloud/entity/Q617
Site_639,29.77246389,34.95469164,-1500,-1200,Tumulus,https://timna-database.wikibase.cloud/entity/Q637
Site_639,29.77246389,34.95469164,-1200,-1000,Tumulus,https://timna-database.wikibase.cloud/entity/Q637
Site_635,29.78339482,34.95325807,-1500,-1200,Burial,https://timna-database.wikibase.cloud/entity/Q633
Site_635,29.78339482,34.95325807,-1200,-1000,Burial,https://timna-database.wikibase.cloud/entity/Q633
Site_621,29.78011564,34.94623419,-1500,-1200,Tumulus,https://timna-database.wikibase.cloud/entity/Q619
Site_621,29.78011564,34.94623419,-1200,-1000,Tumulus,https://timna-database.wikibase.cloud/entity/Q619
Site_613,29.79179736,34.97525622,-1500,-1200,Cairn,https://timna-database.wikibase.cloud/entity/Q611
Site_613,29.79179736,34.97525622,-1200,-1000,Cairn,https://timna-database.wikibase.cloud/entity/Q611
Site_620,29.78002539,34.94621374,-1500,-1200,Cairn,https://timna-database.wikibase.cloud/entity/Q618
Site_620,29.78002539,34.94621374,-1200,-1000,Cairn,https://timna-database.wikibase.cloud/entity/Q618
Site_622,29.78026966,34.94657506,-1500,-1200,Cairn,https://timna-database.wikibase.cloud/entity/Q620
Site_622,29.78026966,34.94657506,-1200,-1000,Cairn,https://timna-database.wikibase.cloud/entity/Q620
Site_633,29.78366664,34.96359903,-1500,-1200,Stone_Feature,https://timna-database.wikibase.cloud/entity/Q631
Site_633,29.78366664,34.96359903,-1200,-1000,Stone_Feature,https://timna-database.wikibase.cloud/entity/Q631
Site_638,29.77203953,34.95449623,-1500,-1200,Stone_Feature,https://timna-database.wikibase.cloud/entity/Q636
Site_638,29.77203953,34.95449623,-1200,-1000,Stone_Feature,https://timna-database.wikibase.cloud/entity/Q636
Site_619,29.78001582,34.94593455,-1500,-1200,Stone_Feature,https://timna-database.wikibase.cloud/entity/Q617
Site_619,29.78001582,34.94593455,-1200,-1000,Stone_Feature,https://timna-database.wikibase.cloud/entity/Q617
Site_636,29.78284425,34.95311466,-1500,-1200,Burial,https://timna-database.wikibase.cloud/entity/Q634
Site_636,29.78284425,34.95311466,-1200,-1000,Burial,https://timna-database.wikibase.cloud/entity/Q634
Site_634,29.78350348,34.95347497,-1500,-1200,Burial,https://timna-database.wikibase.cloud/entity/Q632
Site_634,29.78350348,34.95347497,-1200,-1000,Burial,https://timna-database.wikibase.cloud/entity/Q632
Site_635,29.78339482,34.95325807,-1500,-1200,Stone_Feature,https://timna-database.wikibase.cloud/entity/Q633
Site_635,29.78339482,34.95325807,-1200,-1000,Stone_Feature,https://timna-database.wikibase.cloud/entity/Q633
Site_633,29.78366664,34.96359903,-1500,-1200,Tumulus,https://timna-database.wikibase.cloud/entity/Q631
Site_633,29.78366664,34.96359903,-1200,-1000,Tumulus,https://timna-database.wikibase.cloud/entity/Q631
Site_641,29.77203789,34.95362763,-1500,-1200,Burial,https://timna-database.wikibase.cloud/entity/Q639
Site_641,29.77203789,34.95362763,-1200,-1000,Burial,https://timna-database.wikibase.cloud/entity/Q639
Site_639,29.77246389,34.95469164,-1500,-1200,Cairn,https://timna-database.wikibase.cloud/entity/Q637
Site_639,29.77246389,34.95469164,-1200,-1000,Cairn,https://timna-database.wikibase.cloud/entity/Q637
Site_638,29.77203953,34.95449623,-1500,-1200,Tumulus,https://timna-database.wikibase.cloud/entity/Q636
Site_638,29.77203953,34.95449623,-1200,-1000,Tumulus,https://timna-database.wikibase.cloud/entity/Q636
Site_619,29.78001582,34.94593455,-1500,-1200,Tumulus,https://timna-database.wikibase.cloud/entity/Q617
Site_619,29.78001582,34.94593455,-1200,-1000,Tumulus,https://timna-database.wikibase.cloud/entity/Q617
Site_623,29.78042336,34.94675046,-1500,-1200,Stone_Feature,https://timna-database.wikibase.cloud/entity/Q621
Site_623,29.78042336,34.94675046,-1200,-1000,Stone_Feature,https://timna-database.wikibase.cloud/entity/Q621
Site_621,29.78011564,34.94623419,-1500,-1200,Cairn,https://timna-database.wikibase.cloud/entity/Q619
Site_621,29.78011564,34.94623419,-1200,-1000,Cairn,https://timna-database.wikibase.cloud/entity/Q619
Site_635,29.78339482,34.95325807,-1500,-1200,Tumulus,https://timna-database.wikibase.cloud/entity/Q633
Site_635,29.78339482,34.95325807,-1200,-1000,Tumulus,https://timna-database.wikibase.cloud/entity/Q633
Site_613,29.79179736,34.97525622,-1500,-1200,Burial,https://timna-database.wikibase.cloud/entity/Q611
Site_613,29.79179736,34.97525622,-1200,-1000,Burial,https://timna-database.wikibase.cloud/entity/Q611
Site_620,29.78002539,34.94621374,-1500,-1200,Burial,https://timna-database.wikibase.cloud/entity/Q618
Site_620,29.78002539,34.94621374,-1200,-1000,Burial,https://timna-database.wikibase.cloud/entity/Q618
Site_636,29.78284425,34.95311466,-1500,-1200,Stone_Feature,https://timna-database.wikibase.cloud/entity/Q634
Site_636,29.78284425,34.95311466,-1200,-1000,Stone_Feature,https://timna-database.wikibase.cloud/entity/Q634
Site_634,29.78350348,34.95347497,-1500,-1200,Stone_Feature,https://timna-database.wikibase.cloud/entity/Q632
Site_634,29.78350348,34.95347497,-1200,-1000,Stone_Feature,https://timna-database.wikibase.cloud/entity/Q632
Site_622,29.78026966,34.94657506,-1500,-1200,Burial,https://timna-database.wikibase.cloud/entity/Q620
Site_622,29.78026966,34.94657506,-1200,-1000,Burial,https://timna-database.wikibase.cloud/entity/Q620
Site_641,29.77203789,34.95362763,-1500,-1200,Stone_Feature,https://timna-database.wikibase.cloud/entity/Q639
Site_641,29.77203789,34.95362763,-1200,-1000,Stone_Feature,https://timna-database.wikibase.cloud/entity/Q639
Site_636,29.78284425,34.95311466,-1500,-1200,Tumulus,https://timna-database.wikibase.cloud/entity/Q634
Site_636,29.78284425,34.95311466,-1200,-1000,Tumulus,https://timna-database.wikibase.cloud/entity/Q634
Site_633,29.78366664,34.96359903,-1500,-1200,Cairn,https://timna-database.wikibase.cloud/entity/Q631
Site_633,29.78366664,34.96359903,-1200,-1000,Cairn,https://timna-database.wikibase.cloud/entity/Q631
Site_634,29.78350348,34.95347497,-1500,-1200,Tumulus,https://timna-database.wikibase.cloud/entity/Q632
Site_634,29.78350348,34.95347497,-1200,-1000,Tumulus,https://timna-database.wikibase.cloud/entity/Q632
Site_638,29.77203953,34.95449623,-1500,-1200,Cairn,https://timna-database.wikibase.cloud/entity/Q636
Site_638,29.77203953,34.95449623,-1200,-1000,Cairn,https://timna-database.wikibase.cloud/entity/Q636
Site_619,29.78001582,34.94593455,-1500,-1200,Cairn,https://timna-database.wikibase.cloud/entity/Q617
Site_619,29.78001582,34.94593455,-1200,-1000,Cairn,https://timna-database.wikibase.cloud/entity/Q617
Site_641,29.77203789,34.95362763,-1500,-1200,Tumulus,https://timna-database.wikibase.cloud/entity/Q639
Site_641,29.77203789,34.95362763,-1200,-1000,Tumulus,https://timna-database.wikibase.cloud/entity/Q639
Site_639,29.77246389,34.95469164,-1500,-1200,Burial,https://timna-database.wikibase.cloud/entity/Q637
Site_639,29.77246389,34.95469164,-1200,-1000,Burial,https://timna-database.wikibase.cloud/entity/Q637
Site_613,29.79179736,34.97525622,-1500,-1200,Stone_Feature,https://timna-database.wikibase.cloud/entity/Q611
Site_613,29.79179736,34.97525622,-1200,-1000,Stone_Feature,https://timna-database.wikibase.cloud/entity/Q611
Site_635,29.78339482,34.95325807,-1500,-1200,Cairn,https://timna-database.wikibase.cloud/entity/Q633
Site_635,29.78339482,34.95325807,-1200,-1000,Cairn,https://timna-database.wikibase.cloud/entity/Q633
Site_620,29.78002539,34.94621374,-1500,-1200,Stone_Feature,https://timna-database.wikibase.cloud/entity/Q618
Site_620,29.78002539,34.94621374,-1200,-1000,Stone_Feature,https://timna-database.wikibase.cloud/entity/Q618
Site_621,29.78011564,34.94623419,-1500,-1200,Burial,https://timna-database.wikibase.cloud/entity/Q619
Site_621,29.78011564,34.94623419,-1200,-1000,Burial,https://timna-database.wikibase.cloud/entity/Q619
Site_622,29.78026966,34.94657506,-1500,-1200,Stone_Feature,https://timna-database.wikibase.cloud/entity/Q620
Site_622,29.78026966,34.94657506,-1200,-1000,Stone_Feature,https://timna-database.wikibase.cloud/entity/Q620
Site_623,29.78042336,34.94675046,-1500,-1200,Cairn,https://timna-database.wikibase.cloud/entity/Q621
Site_623,29.78042336,34.94675046,-1200,-1000,Cairn,https://timna-database.wikibase.cloud/entity/Q621
Site_764,29.79013575,34.93157414,-1500,-1200,Mining_Field,https://timna-database.wikibase.cloud/entity/Q706
Site_764,29.79013575,34.93157414,-1200,-1000,Mining_Field,https://timna-database.wikibase.cloud/entity/Q706
Site_737-003,29.80615148,34.97612345,-1500,-1200,Stone_Feature,https://timna-database.wikibase.cloud/entity/Q680
Site_737-003,29.80615148,34.97612345,-1200,-1000,Stone_Feature,https://timna-database.wikibase.cloud/entity/Q680
Site_773,29.78186517,34.93244456,-1500,-1200,Mining,https://timna-database.wikibase.cloud/entity/Q717
Site_773,29.78186517,34.93244456,-1200,-1000,Mining,https://timna-database.wikibase.cloud/entity/Q717
Site_758,29.80164553,34.95857043,-1500,-1200,Stone_Feature,https://timna-database.wikibase.cloud/entity/Q701
Site_758,29.80164553,34.95857043,-1200,-1000,Stone_Feature,https://timna-database.wikibase.cloud/entity/Q701
Site_718,29.79673884,34.93579685,-1500,-1200,Mining,https://timna-database.wikibase.cloud/entity/Q662
Site_718,29.79673884,34.93579685,-1200,-1000,Mining,https://timna-database.wikibase.cloud/entity/Q662
Site_764,29.79013575,34.93157414,-1500,-1200,Mining_Shaft,https://timna-database.wikibase.cloud/entity/Q706
Site_764,29.79013575,34.93157414,-1200,-1000,Mining_Shaft,https://timna-database.wikibase.cloud/entity/Q706
Site_M101,29.79650605,34.98032389,1917,2026,Stone_Feature,https://timna-database.wikibase.cloud/entity/Q727
Site_750,29.77890213,34.92613413,-1500,-1200,Mining_Field,https://timna-database.wikibase.cloud/entity/Q693
Site_750,29.77890213,34.92613413,-1200,-1000,Mining_Field,https://timna-database.wikibase.cloud/entity/Q693
Site_764,29.79013575,34.93157414,-1500,-1200,Mining,https://timna-database.wikibase.cloud/entity/Q706
Site_764,29.79013575,34.93157414,-1200,-1000,Mining,https://timna-database.wikibase.cloud/entity/Q706
Site_750,29.77890213,34.92613413,-1500,-1200,Mining_Shaft,https://timna-database.wikibase.cloud/entity/Q693
Site_750,29.77890213,34.92613413,-1200,-1000,Mining_Shaft,https://timna-database.wikibase.cloud/entity/Q693
Site_773,29.78186517,34.93244456,-1500,-1200,Stone_Feature,https://timna-database.wikibase.cloud/entity/Q717
Site_773,29.78186517,34.93244456,-1200,-1000,Stone_Feature,https://timna-database.wikibase.cloud/entity/Q717
Site_720,29.7964157,34.93659412,-1500,-1200,Mining_Shaft,https://timna-database.wikibase.cloud/entity/Q664
Site_720,29.7964157,34.93659412,-1200,-1000,Mining_Shaft,https://timna-database.wikibase.cloud/entity/Q664
Site_757,29.80364838,34.95865863,-1500,-1200,Mining_Field,https://timna-database.wikibase.cloud/entity/Q700
Site_757,29.80364838,34.95865863,-1200,-1000,Mining_Field,https://timna-database.wikibase.cloud/entity/Q700
Site_M102,29.79712592,34.97880209,1917,2026,Stone_Feature,https://timna-database.wikibase.cloud/entity/Q728
Site_757,29.80364838,34.95865863,-1500,-1200,Mining_Shaft,https://timna-database.wikibase.cloud/entity/Q700
Site_757,29.80364838,34.95865863,-1200,-1000,Mining_Shaft,https://timna-database.wikibase.cloud/entity/Q700
Site_750,29.77890213,34.92613413,-1500,-1200,Mining,https://timna-database.wikibase.cloud/entity/Q693
Site_750,29.77890213,34.92613413,-1200,-1000,Mining,https://timna-database.wikibase.cloud/entity/Q693
Site_720,29.7964157,34.93659412,-1500,-1200,Mining,https://timna-database.wikibase.cloud/entity/Q664
Site_720,29.7964157,34.93659412,-1200,-1000,Mining,https://timna-database.wikibase.cloud/entity/Q664
Site_759,29.79495785,34.93836661,-1500,-1200,Mining_Field,https://timna-database.wikibase.cloud/entity/Q702
Site_759,29.79495785,34.93836661,-1200,-1000,Mining_Field,https://timna-database.wikibase.cloud/entity/Q702
Site_764,29.79013575,34.93157414,-1500,-1200,Stone_Feature,https://timna-database.wikibase.cloud/entity/Q706
Site_764,29.79013575,34.93157414,-1200,-1000,Stone_Feature,https://timna-database.wikibase.cloud/entity/Q706
Site_759,29.79495785,34.93836661,-1500,-1200,Mining_Shaft,https://timna-database.wikibase.cloud/entity/Q702
Site_759,29.79495785,34.93836661,-1200,-1000,Mining_Shaft,https://timna-database.wikibase.cloud/entity/Q702
Site_757,29.80364838,34.95865863,-1500,-1200,Mining,https://timna-database.wikibase.cloud/entity/Q700
Site_757,29.80364838,34.95865863,-1200,-1000,Mining,https://timna-database.wikibase.cloud/entity/Q700
Site_719,29.79652284,34.93604565,-1500,-1200,Mining_Shaft,https://timna-database.wikibase.cloud/entity/Q663
Site_719,29.79652284,34.93604565,-1200,-1000,Mining_Shaft,https://timna-database.wikibase.cloud/entity/Q663
Site_759,29.79495785,34.93836661,-1500,-1200,Mining,https://timna-database.wikibase.cloud/entity/Q702
Site_759,29.79495785,34.93836661,-1200,-1000,Mining,https://timna-database.wikibase.cloud/entity/Q702
Site_719,29.79652284,34.93604565,-1500,-1200,Mining,https://timna-database.wikibase.cloud/entity/Q663
Site_719,29.79652284,34.93604565,-1200,-1000,Mining,https://timna-database.wikibase.cloud/entity/Q663
Site_750,29.77890213,34.92613413,-1500,-1200,Stone_Feature,https://timna-database.wikibase.cloud/entity/Q693
Site_750,29.77890213,34.92613413,-1200,-1000,Stone_Feature,https://timna-database.wikibase.cloud/entity/Q693
Site_720,29.7964157,34.93659412,-1500,-1200,Stone_Feature,https://timna-database.wikibase.cloud/entity/Q664
Site_720,29.7964157,34.93659412,-1200,-1000,Stone_Feature,https://timna-database.wikibase.cloud/entity/Q664
Site_763,29.78840142,34.93047223,-1500,-1200,Mining_Field,https://timna-database.wikibase.cloud/entity/Q705
Site_763,29.78840142,34.93047223,-1200,-1000,Mining_Field,https://timna-database.wikibase.cloud/entity/Q705
Site_757,29.80364838,34.95865863,-1500,-1200,Stone_Feature,https://timna-database.wikibase.cloud/entity/Q700
Site_757,29.80364838,34.95865863,-1200,-1000,Stone_Feature,https://timna-database.wikibase.cloud/entity/Q700
Site_763,29.78840142,34.93047223,-1500,-1200,Mining_Shaft,https://timna-database.wikibase.cloud/entity/Q705
Site_763,29.78840142,34.93047223,-1200,-1000,Mining_Shaft,https://timna-database.wikibase.cloud/entity/Q705
Site_M101,29.79650605,34.98032389,1917,2026,Quarrying,https://timna-database.wikibase.cloud/entity/Q727
Site_751,29.77728064,34.92723476,-1500,-1200,Mining_Field,https://timna-database.wikibase.cloud/entity/Q694
Site_751,29.77728064,34.92723476,-1200,-1000,Mining_Field,https://timna-database.wikibase.cloud/entity/Q694
Site_759,29.79495785,34.93836661,-1500,-1200,Stone_Feature,https://timna-database.wikibase.cloud/entity/Q702
Site_759,29.79495785,34.93836661,-1200,-1000,Stone_Feature,https://timna-database.wikibase.cloud/entity/Q702
Site_719,29.79652284,34.93604565,-1500,-1200,Stone_Feature,https://timna-database.wikibase.cloud/entity/Q663
Site_719,29.79652284,34.93604565,-1200,-1000,Stone_Feature,https://timna-database.wikibase.cloud/entity/Q663
Site_751,29.77728064,34.92723476,-1500,-1200,Mining_Shaft,https://timna-database.wikibase.cloud/entity/Q694
Site_751,29.77728064,34.92723476,-1200,-1000,Mining_Shaft,https://timna-database.wikibase.cloud/entity/Q694
Site_763,29.78840142,34.93047223,-1500,-1200,Mining,https://timna-database.wikibase.cloud/entity/Q705
Site_763,29.78840142,34.93047223,-1200,-1000,Mining,https://timna-database.wikibase.cloud/entity/Q705
Site_758,29.80164553,34.95857043,-1500,-1200,Mining_Field,https://timna-database.wikibase.cloud/entity/Q701
Site_758,29.80164553,34.95857043,-1200,-1000,Mining_Field,https://timna-database.wikibase.cloud/entity/Q701
Site_758,29.80164553,34.95857043,-1500,-1200,Mining_Shaft,https://timna-database.wikibase.cloud/entity/Q701
Site_758,29.80164553,34.95857043,-1200,-1000,Mining_Shaft,https://timna-database.wikibase.cloud/entity/Q701
Site_751,29.77728064,34.92723476,-1500,-1200,Mining,https://timna-database.wikibase.cloud/entity/Q694
Site_751,29.77728064,34.92723476,-1200,-1000,Mining,https://timna-database.wikibase.cloud/entity/Q694
Site_763,29.78840142,34.93047223,-1500,-1200,Stone_Feature,https://timna-database.wikibase.cloud/entity/Q705
Site_763,29.78840142,34.93047223,-1200,-1000,Stone_Feature,https://timna-database.wikibase.cloud/entity/Q705
Site_758,29.80164553,34.95857043,-1500,-1200,Mining,https://timna-database.wikibase.cloud/entity/Q701
Site_758,29.80164553,34.95857043,-1200,-1000,Mining,https://timna-database.wikibase.cloud/entity/Q701
Site_718,29.79673884,34.93579685,-1500,-1200,Mining_Shaft,https://timna-database.wikibase.cloud/entity/Q662
Site_718,29.79673884,34.93579685,-1200,-1000,Mining_Shaft,https://timna-database.wikibase.cloud/entity/Q662
footer,,,-10000,-5800,Humble Beginings
footer,,,-5800,-1500,Early mining during the Chalcolithic/EBA/MBA Ages
footer,,,-1500,-1200,The Pharoahs enter the game
footer,,,-1200,-586,Local Edomites take Over
footer,,,-586,638,Almost no Activity during Persian/Hellenistic/Roman periods
footer,,,638,1099,Small-scale activity during the early Islamic periods
footer,,,1099,1882,virtualy no activity for ~1000 years